model,file,tensor,dimensions,quantization,stored_bytes,category,placement,expert_RAM_bytes_per_logical_token,nominal_weight_bytes_per_pass
inkling-small,Inkling-Small-UD-Q3_K_XL-00002-of-00004.gguf,output.weight,4096x201024,Q6_K,675440640,output head and output norms,GPU configured,0,675440640
inkling-small,Inkling-Small-UD-Q3_K_XL-00002-of-00004.gguf,output_norm.weight,4096,F32,16384,output head and output norms,GPU configured,0,16384
inkling-small,Inkling-Small-UD-Q3_K_XL-00002-of-00004.gguf,token_embd.weight,4096x201024,Q8_0,874856448,input embedding,input lookup; excluded from expert-only denominator,0,4352
inkling-small,Inkling-Small-UD-Q3_K_XL-00002-of-00004.gguf,token_embd_norm.weight,4096,F32,16384,"routing, norms and other weights",GPU configured,0,16384
inkling-small,Inkling-Small-UD-Q3_K_XL-00002-of-00004.gguf,blk.0.attn_k.weight,4096x1024,Q8_0,4456448,attention and recurrent state weights,GPU configured,0,4456448
inkling-small,Inkling-Small-UD-Q3_K_XL-00002-of-00004.gguf,blk.0.attn_k_norm.weight,128,F32,512,attention and recurrent state weights,GPU configured,0,512
inkling-small,Inkling-Small-UD-Q3_K_XL-00002-of-00004.gguf,blk.0.attn_norm.weight,4096,F32,16384,attention and recurrent state weights,GPU configured,0,16384
inkling-small,Inkling-Small-UD-Q3_K_XL-00002-of-00004.gguf,blk.0.attn_output.weight,4096x4096,Q8_0,17825792,attention and recurrent state weights,GPU configured,0,17825792
inkling-small,Inkling-Small-UD-Q3_K_XL-00002-of-00004.gguf,blk.0.attn_q.weight,4096x4096,Q8_0,17825792,attention and recurrent state weights,GPU configured,0,17825792
inkling-small,Inkling-Small-UD-Q3_K_XL-00002-of-00004.gguf,blk.0.attn_q_norm.weight,128,F32,512,attention and recurrent state weights,GPU configured,0,512
inkling-small,Inkling-Small-UD-Q3_K_XL-00002-of-00004.gguf,blk.0.attn_r.weight,4096x512,Q8_0,2228224,attention and recurrent state weights,GPU configured,0,2228224
inkling-small,Inkling-Small-UD-Q3_K_XL-00002-of-00004.gguf,blk.0.attn_rel_proj.weight,512x16,F32,32768,attention and recurrent state weights,GPU configured,0,32768
inkling-small,Inkling-Small-UD-Q3_K_XL-00002-of-00004.gguf,blk.0.attn_v.weight,4096x1024,Q8_0,4456448,attention and recurrent state weights,GPU configured,0,4456448
inkling-small,Inkling-Small-UD-Q3_K_XL-00002-of-00004.gguf,blk.0.ffn_down.weight,16384x4096,Q8_0,71303168,dense feed-forward,GPU configured,0,71303168
inkling-small,Inkling-Small-UD-Q3_K_XL-00002-of-00004.gguf,blk.0.ffn_gate.weight,4096x16384,Q8_0,71303168,dense feed-forward,GPU configured,0,71303168
inkling-small,Inkling-Small-UD-Q3_K_XL-00002-of-00004.gguf,blk.0.ffn_gscale.weight,1,F32,4,"routing, norms and other weights",GPU configured,0,4
inkling-small,Inkling-Small-UD-Q3_K_XL-00002-of-00004.gguf,blk.0.ffn_norm.weight,4096,F32,16384,"routing, norms and other weights",GPU configured,0,16384
inkling-small,Inkling-Small-UD-Q3_K_XL-00002-of-00004.gguf,blk.0.ffn_up.weight,4096x16384,Q8_0,71303168,dense feed-forward,GPU configured,0,71303168
inkling-small,Inkling-Small-UD-Q3_K_XL-00002-of-00004.gguf,blk.0.shortconv_attn.weight,4x4096,F32,65536,attention and recurrent state weights,GPU configured,0,65536
inkling-small,Inkling-Small-UD-Q3_K_XL-00002-of-00004.gguf,blk.0.shortconv_k.weight,4x1024,F32,16384,attention and recurrent state weights,GPU configured,0,16384
inkling-small,Inkling-Small-UD-Q3_K_XL-00002-of-00004.gguf,blk.0.shortconv_mlp.weight,4x4096,F32,65536,attention and recurrent state weights,GPU configured,0,65536
inkling-small,Inkling-Small-UD-Q3_K_XL-00002-of-00004.gguf,blk.0.shortconv_v.weight,4x1024,F32,16384,attention and recurrent state weights,GPU configured,0,16384
inkling-small,Inkling-Small-UD-Q3_K_XL-00002-of-00004.gguf,blk.1.attn_k.weight,4096x1024,Q8_0,4456448,attention and recurrent state weights,GPU configured,0,4456448
inkling-small,Inkling-Small-UD-Q3_K_XL-00002-of-00004.gguf,blk.1.attn_k_norm.weight,128,F32,512,attention and recurrent state weights,GPU configured,0,512
inkling-small,Inkling-Small-UD-Q3_K_XL-00002-of-00004.gguf,blk.1.attn_norm.weight,4096,F32,16384,attention and recurrent state weights,GPU configured,0,16384
inkling-small,Inkling-Small-UD-Q3_K_XL-00002-of-00004.gguf,blk.1.attn_output.weight,4096x4096,Q8_0,17825792,attention and recurrent state weights,GPU configured,0,17825792
inkling-small,Inkling-Small-UD-Q3_K_XL-00002-of-00004.gguf,blk.1.attn_q.weight,4096x4096,Q8_0,17825792,attention and recurrent state weights,GPU configured,0,17825792
inkling-small,Inkling-Small-UD-Q3_K_XL-00002-of-00004.gguf,blk.1.attn_q_norm.weight,128,F32,512,attention and recurrent state weights,GPU configured,0,512
inkling-small,Inkling-Small-UD-Q3_K_XL-00002-of-00004.gguf,blk.1.attn_r.weight,4096x512,Q8_0,2228224,attention and recurrent state weights,GPU configured,0,2228224
inkling-small,Inkling-Small-UD-Q3_K_XL-00002-of-00004.gguf,blk.1.attn_rel_proj.weight,512x16,F32,32768,attention and recurrent state weights,GPU configured,0,32768
inkling-small,Inkling-Small-UD-Q3_K_XL-00002-of-00004.gguf,blk.1.attn_v.weight,4096x1024,Q8_0,4456448,attention and recurrent state weights,GPU configured,0,4456448
inkling-small,Inkling-Small-UD-Q3_K_XL-00002-of-00004.gguf,blk.1.ffn_down.weight,16384x4096,Q8_0,71303168,dense feed-forward,GPU configured,0,71303168
inkling-small,Inkling-Small-UD-Q3_K_XL-00002-of-00004.gguf,blk.1.ffn_gate.weight,4096x16384,Q8_0,71303168,dense feed-forward,GPU configured,0,71303168
inkling-small,Inkling-Small-UD-Q3_K_XL-00002-of-00004.gguf,blk.1.ffn_gscale.weight,1,F32,4,"routing, norms and other weights",GPU configured,0,4
inkling-small,Inkling-Small-UD-Q3_K_XL-00002-of-00004.gguf,blk.1.ffn_norm.weight,4096,F32,16384,"routing, norms and other weights",GPU configured,0,16384
inkling-small,Inkling-Small-UD-Q3_K_XL-00002-of-00004.gguf,blk.1.ffn_up.weight,4096x16384,Q8_0,71303168,dense feed-forward,GPU configured,0,71303168
inkling-small,Inkling-Small-UD-Q3_K_XL-00002-of-00004.gguf,blk.1.shortconv_attn.weight,4x4096,F32,65536,attention and recurrent state weights,GPU configured,0,65536
inkling-small,Inkling-Small-UD-Q3_K_XL-00002-of-00004.gguf,blk.1.shortconv_k.weight,4x1024,F32,16384,attention and recurrent state weights,GPU configured,0,16384
inkling-small,Inkling-Small-UD-Q3_K_XL-00002-of-00004.gguf,blk.1.shortconv_mlp.weight,4x4096,F32,65536,attention and recurrent state weights,GPU configured,0,65536
inkling-small,Inkling-Small-UD-Q3_K_XL-00002-of-00004.gguf,blk.1.shortconv_v.weight,4x1024,F32,16384,attention and recurrent state weights,GPU configured,0,16384
inkling-small,Inkling-Small-UD-Q3_K_XL-00002-of-00004.gguf,blk.2.attn_k.weight,4096x1024,Q8_0,4456448,attention and recurrent state weights,GPU configured,0,4456448
inkling-small,Inkling-Small-UD-Q3_K_XL-00002-of-00004.gguf,blk.2.attn_k_norm.weight,128,F32,512,attention and recurrent state weights,GPU configured,0,512
inkling-small,Inkling-Small-UD-Q3_K_XL-00002-of-00004.gguf,blk.2.attn_norm.weight,4096,F32,16384,attention and recurrent state weights,GPU configured,0,16384
inkling-small,Inkling-Small-UD-Q3_K_XL-00002-of-00004.gguf,blk.2.attn_output.weight,4096x4096,Q8_0,17825792,attention and recurrent state weights,GPU configured,0,17825792
inkling-small,Inkling-Small-UD-Q3_K_XL-00002-of-00004.gguf,blk.2.attn_q.weight,4096x4096,Q8_0,17825792,attention and recurrent state weights,GPU configured,0,17825792
inkling-small,Inkling-Small-UD-Q3_K_XL-00002-of-00004.gguf,blk.2.attn_q_norm.weight,128,F32,512,attention and recurrent state weights,GPU configured,0,512
inkling-small,Inkling-Small-UD-Q3_K_XL-00002-of-00004.gguf,blk.2.attn_r.weight,4096x512,Q8_0,2228224,attention and recurrent state weights,GPU configured,0,2228224
inkling-small,Inkling-Small-UD-Q3_K_XL-00002-of-00004.gguf,blk.2.attn_rel_proj.weight,512x16,F32,32768,attention and recurrent state weights,GPU configured,0,32768
inkling-small,Inkling-Small-UD-Q3_K_XL-00002-of-00004.gguf,blk.2.attn_v.weight,4096x1024,Q8_0,4456448,attention and recurrent state weights,GPU configured,0,4456448
inkling-small,Inkling-Small-UD-Q3_K_XL-00002-of-00004.gguf,blk.2.exp_probs_b.bias,256,F32,1024,"routing, norms and other weights",GPU configured,0,1024
inkling-small,Inkling-Small-UD-Q3_K_XL-00002-of-00004.gguf,blk.2.ffn_down_exps.weight,2048x4096x256,IQ4_XS,1140850688,routed experts,system RAM,26738688,26738688
inkling-small,Inkling-Small-UD-Q3_K_XL-00002-of-00004.gguf,blk.2.ffn_down_shexp.weight,2048x4096x2,Q8_0,17825792,shared experts and shared gate,GPU configured,0,17825792
inkling-small,Inkling-Small-UD-Q3_K_XL-00002-of-00004.gguf,blk.2.ffn_gate_exps.weight,4096x2048x256,IQ3_XXS,822083584,routed experts,system RAM,19267584,19267584
inkling-small,Inkling-Small-UD-Q3_K_XL-00002-of-00004.gguf,blk.2.ffn_gate_inp.weight,4096x258,F32,4227072,"routing, norms and other weights",GPU configured,0,4227072
inkling-small,Inkling-Small-UD-Q3_K_XL-00002-of-00004.gguf,blk.2.ffn_gate_shexp.weight,4096x2048x2,Q8_0,17825792,shared experts and shared gate,GPU configured,0,17825792
inkling-small,Inkling-Small-UD-Q3_K_XL-00002-of-00004.gguf,blk.2.ffn_gscale.weight,1,F32,4,"routing, norms and other weights",GPU configured,0,4
inkling-small,Inkling-Small-UD-Q3_K_XL-00002-of-00004.gguf,blk.2.ffn_norm.weight,4096,F32,16384,"routing, norms and other weights",GPU configured,0,16384
inkling-small,Inkling-Small-UD-Q3_K_XL-00002-of-00004.gguf,blk.2.ffn_up_exps.weight,4096x2048x256,IQ3_XXS,822083584,routed experts,system RAM,19267584,19267584
inkling-small,Inkling-Small-UD-Q3_K_XL-00002-of-00004.gguf,blk.2.ffn_up_shexp.weight,4096x2048x2,Q8_0,17825792,shared experts and shared gate,GPU configured,0,17825792
inkling-small,Inkling-Small-UD-Q3_K_XL-00002-of-00004.gguf,blk.2.shortconv_attn.weight,4x4096,F32,65536,attention and recurrent state weights,GPU configured,0,65536
inkling-small,Inkling-Small-UD-Q3_K_XL-00002-of-00004.gguf,blk.2.shortconv_k.weight,4x1024,F32,16384,attention and recurrent state weights,GPU configured,0,16384
inkling-small,Inkling-Small-UD-Q3_K_XL-00002-of-00004.gguf,blk.2.shortconv_mlp.weight,4x4096,F32,65536,attention and recurrent state weights,GPU configured,0,65536
inkling-small,Inkling-Small-UD-Q3_K_XL-00002-of-00004.gguf,blk.2.shortconv_v.weight,4x1024,F32,16384,attention and recurrent state weights,GPU configured,0,16384
inkling-small,Inkling-Small-UD-Q3_K_XL-00002-of-00004.gguf,blk.3.attn_k.weight,4096x1024,Q8_0,4456448,attention and recurrent state weights,GPU configured,0,4456448
inkling-small,Inkling-Small-UD-Q3_K_XL-00002-of-00004.gguf,blk.3.attn_k_norm.weight,128,F32,512,attention and recurrent state weights,GPU configured,0,512
inkling-small,Inkling-Small-UD-Q3_K_XL-00002-of-00004.gguf,blk.3.attn_norm.weight,4096,F32,16384,attention and recurrent state weights,GPU configured,0,16384
inkling-small,Inkling-Small-UD-Q3_K_XL-00002-of-00004.gguf,blk.3.attn_output.weight,4096x4096,Q8_0,17825792,attention and recurrent state weights,GPU configured,0,17825792
inkling-small,Inkling-Small-UD-Q3_K_XL-00002-of-00004.gguf,blk.3.attn_q.weight,4096x4096,Q8_0,17825792,attention and recurrent state weights,GPU configured,0,17825792
inkling-small,Inkling-Small-UD-Q3_K_XL-00002-of-00004.gguf,blk.3.attn_q_norm.weight,128,F32,512,attention and recurrent state weights,GPU configured,0,512
inkling-small,Inkling-Small-UD-Q3_K_XL-00002-of-00004.gguf,blk.3.attn_r.weight,4096x512,Q8_0,2228224,attention and recurrent state weights,GPU configured,0,2228224
inkling-small,Inkling-Small-UD-Q3_K_XL-00002-of-00004.gguf,blk.3.attn_rel_proj.weight,512x16,F32,32768,attention and recurrent state weights,GPU configured,0,32768
inkling-small,Inkling-Small-UD-Q3_K_XL-00002-of-00004.gguf,blk.3.attn_v.weight,4096x1024,Q8_0,4456448,attention and recurrent state weights,GPU configured,0,4456448
inkling-small,Inkling-Small-UD-Q3_K_XL-00002-of-00004.gguf,blk.3.exp_probs_b.bias,256,F32,1024,"routing, norms and other weights",GPU configured,0,1024
inkling-small,Inkling-Small-UD-Q3_K_XL-00002-of-00004.gguf,blk.3.ffn_down_exps.weight,2048x4096x256,IQ4_XS,1140850688,routed experts,system RAM,26738688,26738688
inkling-small,Inkling-Small-UD-Q3_K_XL-00002-of-00004.gguf,blk.3.ffn_down_shexp.weight,2048x4096x2,Q8_0,17825792,shared experts and shared gate,GPU configured,0,17825792
inkling-small,Inkling-Small-UD-Q3_K_XL-00002-of-00004.gguf,blk.3.ffn_gate_exps.weight,4096x2048x256,IQ3_XXS,822083584,routed experts,system RAM,19267584,19267584
inkling-small,Inkling-Small-UD-Q3_K_XL-00002-of-00004.gguf,blk.3.ffn_gate_inp.weight,4096x258,F32,4227072,"routing, norms and other weights",GPU configured,0,4227072
inkling-small,Inkling-Small-UD-Q3_K_XL-00002-of-00004.gguf,blk.3.ffn_gate_shexp.weight,4096x2048x2,Q8_0,17825792,shared experts and shared gate,GPU configured,0,17825792
inkling-small,Inkling-Small-UD-Q3_K_XL-00002-of-00004.gguf,blk.3.ffn_gscale.weight,1,F32,4,"routing, norms and other weights",GPU configured,0,4
inkling-small,Inkling-Small-UD-Q3_K_XL-00002-of-00004.gguf,blk.3.ffn_norm.weight,4096,F32,16384,"routing, norms and other weights",GPU configured,0,16384
inkling-small,Inkling-Small-UD-Q3_K_XL-00002-of-00004.gguf,blk.3.ffn_up_exps.weight,4096x2048x256,IQ3_XXS,822083584,routed experts,system RAM,19267584,19267584
inkling-small,Inkling-Small-UD-Q3_K_XL-00002-of-00004.gguf,blk.3.ffn_up_shexp.weight,4096x2048x2,Q8_0,17825792,shared experts and shared gate,GPU configured,0,17825792
inkling-small,Inkling-Small-UD-Q3_K_XL-00002-of-00004.gguf,blk.3.shortconv_attn.weight,4x4096,F32,65536,attention and recurrent state weights,GPU configured,0,65536
inkling-small,Inkling-Small-UD-Q3_K_XL-00002-of-00004.gguf,blk.3.shortconv_k.weight,4x1024,F32,16384,attention and recurrent state weights,GPU configured,0,16384
inkling-small,Inkling-Small-UD-Q3_K_XL-00002-of-00004.gguf,blk.3.shortconv_mlp.weight,4x4096,F32,65536,attention and recurrent state weights,GPU configured,0,65536
inkling-small,Inkling-Small-UD-Q3_K_XL-00002-of-00004.gguf,blk.3.shortconv_v.weight,4x1024,F32,16384,attention and recurrent state weights,GPU configured,0,16384
inkling-small,Inkling-Small-UD-Q3_K_XL-00002-of-00004.gguf,blk.4.attn_k.weight,4096x1024,Q8_0,4456448,attention and recurrent state weights,GPU configured,0,4456448
inkling-small,Inkling-Small-UD-Q3_K_XL-00002-of-00004.gguf,blk.4.attn_k_norm.weight,128,F32,512,attention and recurrent state weights,GPU configured,0,512
inkling-small,Inkling-Small-UD-Q3_K_XL-00002-of-00004.gguf,blk.4.attn_norm.weight,4096,F32,16384,attention and recurrent state weights,GPU configured,0,16384
inkling-small,Inkling-Small-UD-Q3_K_XL-00002-of-00004.gguf,blk.4.attn_output.weight,4096x4096,Q8_0,17825792,attention and recurrent state weights,GPU configured,0,17825792
inkling-small,Inkling-Small-UD-Q3_K_XL-00002-of-00004.gguf,blk.4.attn_q.weight,4096x4096,Q8_0,17825792,attention and recurrent state weights,GPU configured,0,17825792
inkling-small,Inkling-Small-UD-Q3_K_XL-00002-of-00004.gguf,blk.4.attn_q_norm.weight,128,F32,512,attention and recurrent state weights,GPU configured,0,512
inkling-small,Inkling-Small-UD-Q3_K_XL-00002-of-00004.gguf,blk.4.attn_r.weight,4096x512,Q8_0,2228224,attention and recurrent state weights,GPU configured,0,2228224
inkling-small,Inkling-Small-UD-Q3_K_XL-00002-of-00004.gguf,blk.4.attn_rel_proj.weight,512x16,F32,32768,attention and recurrent state weights,GPU configured,0,32768
inkling-small,Inkling-Small-UD-Q3_K_XL-00002-of-00004.gguf,blk.4.attn_v.weight,4096x1024,Q8_0,4456448,attention and recurrent state weights,GPU configured,0,4456448
inkling-small,Inkling-Small-UD-Q3_K_XL-00002-of-00004.gguf,blk.4.exp_probs_b.bias,256,F32,1024,"routing, norms and other weights",GPU configured,0,1024
inkling-small,Inkling-Small-UD-Q3_K_XL-00002-of-00004.gguf,blk.4.ffn_down_exps.weight,2048x4096x256,IQ4_XS,1140850688,routed experts,system RAM,26738688,26738688
inkling-small,Inkling-Small-UD-Q3_K_XL-00002-of-00004.gguf,blk.4.ffn_down_shexp.weight,2048x4096x2,Q8_0,17825792,shared experts and shared gate,GPU configured,0,17825792
inkling-small,Inkling-Small-UD-Q3_K_XL-00002-of-00004.gguf,blk.4.ffn_gate_exps.weight,4096x2048x256,IQ3_XXS,822083584,routed experts,system RAM,19267584,19267584
inkling-small,Inkling-Small-UD-Q3_K_XL-00002-of-00004.gguf,blk.4.ffn_gate_inp.weight,4096x258,F32,4227072,"routing, norms and other weights",GPU configured,0,4227072
inkling-small,Inkling-Small-UD-Q3_K_XL-00002-of-00004.gguf,blk.4.ffn_gate_shexp.weight,4096x2048x2,Q8_0,17825792,shared experts and shared gate,GPU configured,0,17825792
inkling-small,Inkling-Small-UD-Q3_K_XL-00002-of-00004.gguf,blk.4.ffn_gscale.weight,1,F32,4,"routing, norms and other weights",GPU configured,0,4
inkling-small,Inkling-Small-UD-Q3_K_XL-00002-of-00004.gguf,blk.4.ffn_norm.weight,4096,F32,16384,"routing, norms and other weights",GPU configured,0,16384
inkling-small,Inkling-Small-UD-Q3_K_XL-00002-of-00004.gguf,blk.4.ffn_up_exps.weight,4096x2048x256,IQ3_XXS,822083584,routed experts,system RAM,19267584,19267584
inkling-small,Inkling-Small-UD-Q3_K_XL-00002-of-00004.gguf,blk.4.ffn_up_shexp.weight,4096x2048x2,Q8_0,17825792,shared experts and shared gate,GPU configured,0,17825792
inkling-small,Inkling-Small-UD-Q3_K_XL-00002-of-00004.gguf,blk.4.shortconv_attn.weight,4x4096,F32,65536,attention and recurrent state weights,GPU configured,0,65536
inkling-small,Inkling-Small-UD-Q3_K_XL-00002-of-00004.gguf,blk.4.shortconv_k.weight,4x1024,F32,16384,attention and recurrent state weights,GPU configured,0,16384
inkling-small,Inkling-Small-UD-Q3_K_XL-00002-of-00004.gguf,blk.4.shortconv_mlp.weight,4x4096,F32,65536,attention and recurrent state weights,GPU configured,0,65536
inkling-small,Inkling-Small-UD-Q3_K_XL-00002-of-00004.gguf,blk.4.shortconv_v.weight,4x1024,F32,16384,attention and recurrent state weights,GPU configured,0,16384
inkling-small,Inkling-Small-UD-Q3_K_XL-00002-of-00004.gguf,blk.5.attn_k.weight,4096x1024,Q8_0,4456448,attention and recurrent state weights,GPU configured,0,4456448
inkling-small,Inkling-Small-UD-Q3_K_XL-00002-of-00004.gguf,blk.5.attn_k_norm.weight,128,F32,512,attention and recurrent state weights,GPU configured,0,512
inkling-small,Inkling-Small-UD-Q3_K_XL-00002-of-00004.gguf,blk.5.attn_norm.weight,4096,F32,16384,attention and recurrent state weights,GPU configured,0,16384
inkling-small,Inkling-Small-UD-Q3_K_XL-00002-of-00004.gguf,blk.5.attn_output.weight,4096x4096,Q8_0,17825792,attention and recurrent state weights,GPU configured,0,17825792
inkling-small,Inkling-Small-UD-Q3_K_XL-00002-of-00004.gguf,blk.5.attn_q.weight,4096x4096,Q8_0,17825792,attention and recurrent state weights,GPU configured,0,17825792
inkling-small,Inkling-Small-UD-Q3_K_XL-00002-of-00004.gguf,blk.5.attn_q_norm.weight,128,F32,512,attention and recurrent state weights,GPU configured,0,512
inkling-small,Inkling-Small-UD-Q3_K_XL-00002-of-00004.gguf,blk.5.attn_r.weight,4096x512,Q8_0,2228224,attention and recurrent state weights,GPU configured,0,2228224
inkling-small,Inkling-Small-UD-Q3_K_XL-00002-of-00004.gguf,blk.5.attn_rel_proj.weight,1024x16,F32,65536,attention and recurrent state weights,GPU configured,0,65536
inkling-small,Inkling-Small-UD-Q3_K_XL-00002-of-00004.gguf,blk.5.attn_v.weight,4096x1024,Q8_0,4456448,attention and recurrent state weights,GPU configured,0,4456448
inkling-small,Inkling-Small-UD-Q3_K_XL-00002-of-00004.gguf,blk.5.exp_probs_b.bias,256,F32,1024,"routing, norms and other weights",GPU configured,0,1024
inkling-small,Inkling-Small-UD-Q3_K_XL-00002-of-00004.gguf,blk.5.ffn_down_exps.weight,2048x4096x256,IQ4_XS,1140850688,routed experts,system RAM,26738688,26738688
inkling-small,Inkling-Small-UD-Q3_K_XL-00002-of-00004.gguf,blk.5.ffn_down_shexp.weight,2048x4096x2,Q8_0,17825792,shared experts and shared gate,GPU configured,0,17825792
inkling-small,Inkling-Small-UD-Q3_K_XL-00002-of-00004.gguf,blk.5.ffn_gate_exps.weight,4096x2048x256,IQ3_XXS,822083584,routed experts,system RAM,19267584,19267584
inkling-small,Inkling-Small-UD-Q3_K_XL-00002-of-00004.gguf,blk.5.ffn_gate_inp.weight,4096x258,F32,4227072,"routing, norms and other weights",GPU configured,0,4227072
inkling-small,Inkling-Small-UD-Q3_K_XL-00002-of-00004.gguf,blk.5.ffn_gate_shexp.weight,4096x2048x2,Q8_0,17825792,shared experts and shared gate,GPU configured,0,17825792
inkling-small,Inkling-Small-UD-Q3_K_XL-00002-of-00004.gguf,blk.5.ffn_gscale.weight,1,F32,4,"routing, norms and other weights",GPU configured,0,4
inkling-small,Inkling-Small-UD-Q3_K_XL-00002-of-00004.gguf,blk.5.ffn_norm.weight,4096,F32,16384,"routing, norms and other weights",GPU configured,0,16384
inkling-small,Inkling-Small-UD-Q3_K_XL-00002-of-00004.gguf,blk.5.ffn_up_exps.weight,4096x2048x256,IQ3_XXS,822083584,routed experts,system RAM,19267584,19267584
inkling-small,Inkling-Small-UD-Q3_K_XL-00002-of-00004.gguf,blk.5.ffn_up_shexp.weight,4096x2048x2,Q8_0,17825792,shared experts and shared gate,GPU configured,0,17825792
inkling-small,Inkling-Small-UD-Q3_K_XL-00002-of-00004.gguf,blk.5.shortconv_attn.weight,4x4096,F32,65536,attention and recurrent state weights,GPU configured,0,65536
inkling-small,Inkling-Small-UD-Q3_K_XL-00002-of-00004.gguf,blk.5.shortconv_k.weight,4x1024,F32,16384,attention and recurrent state weights,GPU configured,0,16384
inkling-small,Inkling-Small-UD-Q3_K_XL-00002-of-00004.gguf,blk.5.shortconv_mlp.weight,4x4096,F32,65536,attention and recurrent state weights,GPU configured,0,65536
inkling-small,Inkling-Small-UD-Q3_K_XL-00002-of-00004.gguf,blk.5.shortconv_v.weight,4x1024,F32,16384,attention and recurrent state weights,GPU configured,0,16384
inkling-small,Inkling-Small-UD-Q3_K_XL-00002-of-00004.gguf,blk.6.attn_k.weight,4096x1024,Q8_0,4456448,attention and recurrent state weights,GPU configured,0,4456448
inkling-small,Inkling-Small-UD-Q3_K_XL-00002-of-00004.gguf,blk.6.attn_k_norm.weight,128,F32,512,attention and recurrent state weights,GPU configured,0,512
inkling-small,Inkling-Small-UD-Q3_K_XL-00002-of-00004.gguf,blk.6.attn_norm.weight,4096,F32,16384,attention and recurrent state weights,GPU configured,0,16384
inkling-small,Inkling-Small-UD-Q3_K_XL-00002-of-00004.gguf,blk.6.attn_output.weight,4096x4096,Q8_0,17825792,attention and recurrent state weights,GPU configured,0,17825792
inkling-small,Inkling-Small-UD-Q3_K_XL-00002-of-00004.gguf,blk.6.attn_q.weight,4096x4096,Q8_0,17825792,attention and recurrent state weights,GPU configured,0,17825792
inkling-small,Inkling-Small-UD-Q3_K_XL-00002-of-00004.gguf,blk.6.attn_q_norm.weight,128,F32,512,attention and recurrent state weights,GPU configured,0,512
inkling-small,Inkling-Small-UD-Q3_K_XL-00002-of-00004.gguf,blk.6.attn_r.weight,4096x512,Q8_0,2228224,attention and recurrent state weights,GPU configured,0,2228224
inkling-small,Inkling-Small-UD-Q3_K_XL-00002-of-00004.gguf,blk.6.attn_rel_proj.weight,512x16,F32,32768,attention and recurrent state weights,GPU configured,0,32768
inkling-small,Inkling-Small-UD-Q3_K_XL-00002-of-00004.gguf,blk.6.attn_v.weight,4096x1024,Q8_0,4456448,attention and recurrent state weights,GPU configured,0,4456448
inkling-small,Inkling-Small-UD-Q3_K_XL-00002-of-00004.gguf,blk.6.exp_probs_b.bias,256,F32,1024,"routing, norms and other weights",GPU configured,0,1024
inkling-small,Inkling-Small-UD-Q3_K_XL-00002-of-00004.gguf,blk.6.ffn_down_exps.weight,2048x4096x256,IQ4_XS,1140850688,routed experts,system RAM,26738688,26738688
inkling-small,Inkling-Small-UD-Q3_K_XL-00002-of-00004.gguf,blk.6.ffn_down_shexp.weight,2048x4096x2,Q8_0,17825792,shared experts and shared gate,GPU configured,0,17825792
inkling-small,Inkling-Small-UD-Q3_K_XL-00002-of-00004.gguf,blk.6.ffn_gate_exps.weight,4096x2048x256,IQ3_XXS,822083584,routed experts,system RAM,19267584,19267584
inkling-small,Inkling-Small-UD-Q3_K_XL-00002-of-00004.gguf,blk.6.ffn_gate_inp.weight,4096x258,F32,4227072,"routing, norms and other weights",GPU configured,0,4227072
inkling-small,Inkling-Small-UD-Q3_K_XL-00002-of-00004.gguf,blk.6.ffn_gate_shexp.weight,4096x2048x2,Q8_0,17825792,shared experts and shared gate,GPU configured,0,17825792
inkling-small,Inkling-Small-UD-Q3_K_XL-00002-of-00004.gguf,blk.6.ffn_gscale.weight,1,F32,4,"routing, norms and other weights",GPU configured,0,4
inkling-small,Inkling-Small-UD-Q3_K_XL-00002-of-00004.gguf,blk.6.ffn_norm.weight,4096,F32,16384,"routing, norms and other weights",GPU configured,0,16384
inkling-small,Inkling-Small-UD-Q3_K_XL-00002-of-00004.gguf,blk.6.ffn_up_exps.weight,4096x2048x256,IQ3_XXS,822083584,routed experts,system RAM,19267584,19267584
inkling-small,Inkling-Small-UD-Q3_K_XL-00002-of-00004.gguf,blk.6.ffn_up_shexp.weight,4096x2048x2,Q8_0,17825792,shared experts and shared gate,GPU configured,0,17825792
inkling-small,Inkling-Small-UD-Q3_K_XL-00002-of-00004.gguf,blk.6.shortconv_attn.weight,4x4096,F32,65536,attention and recurrent state weights,GPU configured,0,65536
inkling-small,Inkling-Small-UD-Q3_K_XL-00002-of-00004.gguf,blk.6.shortconv_k.weight,4x1024,F32,16384,attention and recurrent state weights,GPU configured,0,16384
inkling-small,Inkling-Small-UD-Q3_K_XL-00002-of-00004.gguf,blk.6.shortconv_mlp.weight,4x4096,F32,65536,attention and recurrent state weights,GPU configured,0,65536
inkling-small,Inkling-Small-UD-Q3_K_XL-00002-of-00004.gguf,blk.6.shortconv_v.weight,4x1024,F32,16384,attention and recurrent state weights,GPU configured,0,16384
inkling-small,Inkling-Small-UD-Q3_K_XL-00002-of-00004.gguf,blk.7.attn_k.weight,4096x1024,Q8_0,4456448,attention and recurrent state weights,GPU configured,0,4456448
inkling-small,Inkling-Small-UD-Q3_K_XL-00002-of-00004.gguf,blk.7.attn_k_norm.weight,128,F32,512,attention and recurrent state weights,GPU configured,0,512
inkling-small,Inkling-Small-UD-Q3_K_XL-00002-of-00004.gguf,blk.7.attn_norm.weight,4096,F32,16384,attention and recurrent state weights,GPU configured,0,16384
inkling-small,Inkling-Small-UD-Q3_K_XL-00002-of-00004.gguf,blk.7.attn_output.weight,4096x4096,Q8_0,17825792,attention and recurrent state weights,GPU configured,0,17825792
inkling-small,Inkling-Small-UD-Q3_K_XL-00002-of-00004.gguf,blk.7.attn_q.weight,4096x4096,Q8_0,17825792,attention and recurrent state weights,GPU configured,0,17825792
inkling-small,Inkling-Small-UD-Q3_K_XL-00002-of-00004.gguf,blk.7.attn_q_norm.weight,128,F32,512,attention and recurrent state weights,GPU configured,0,512
inkling-small,Inkling-Small-UD-Q3_K_XL-00002-of-00004.gguf,blk.7.attn_r.weight,4096x512,Q8_0,2228224,attention and recurrent state weights,GPU configured,0,2228224
inkling-small,Inkling-Small-UD-Q3_K_XL-00002-of-00004.gguf,blk.7.attn_rel_proj.weight,512x16,F32,32768,attention and recurrent state weights,GPU configured,0,32768
inkling-small,Inkling-Small-UD-Q3_K_XL-00002-of-00004.gguf,blk.7.attn_v.weight,4096x1024,Q8_0,4456448,attention and recurrent state weights,GPU configured,0,4456448
inkling-small,Inkling-Small-UD-Q3_K_XL-00002-of-00004.gguf,blk.7.exp_probs_b.bias,256,F32,1024,"routing, norms and other weights",GPU configured,0,1024
inkling-small,Inkling-Small-UD-Q3_K_XL-00002-of-00004.gguf,blk.7.ffn_down_exps.weight,2048x4096x256,IQ4_XS,1140850688,routed experts,system RAM,26738688,26738688
inkling-small,Inkling-Small-UD-Q3_K_XL-00002-of-00004.gguf,blk.7.ffn_down_shexp.weight,2048x4096x2,Q8_0,17825792,shared experts and shared gate,GPU configured,0,17825792
inkling-small,Inkling-Small-UD-Q3_K_XL-00002-of-00004.gguf,blk.7.ffn_gate_exps.weight,4096x2048x256,IQ3_XXS,822083584,routed experts,system RAM,19267584,19267584
inkling-small,Inkling-Small-UD-Q3_K_XL-00002-of-00004.gguf,blk.7.ffn_gate_inp.weight,4096x258,F32,4227072,"routing, norms and other weights",GPU configured,0,4227072
inkling-small,Inkling-Small-UD-Q3_K_XL-00002-of-00004.gguf,blk.7.ffn_gate_shexp.weight,4096x2048x2,Q8_0,17825792,shared experts and shared gate,GPU configured,0,17825792
inkling-small,Inkling-Small-UD-Q3_K_XL-00002-of-00004.gguf,blk.7.ffn_gscale.weight,1,F32,4,"routing, norms and other weights",GPU configured,0,4
inkling-small,Inkling-Small-UD-Q3_K_XL-00002-of-00004.gguf,blk.7.ffn_norm.weight,4096,F32,16384,"routing, norms and other weights",GPU configured,0,16384
inkling-small,Inkling-Small-UD-Q3_K_XL-00002-of-00004.gguf,blk.7.ffn_up_exps.weight,4096x2048x256,IQ3_XXS,822083584,routed experts,system RAM,19267584,19267584
inkling-small,Inkling-Small-UD-Q3_K_XL-00002-of-00004.gguf,blk.7.ffn_up_shexp.weight,4096x2048x2,Q8_0,17825792,shared experts and shared gate,GPU configured,0,17825792
inkling-small,Inkling-Small-UD-Q3_K_XL-00002-of-00004.gguf,blk.7.shortconv_attn.weight,4x4096,F32,65536,attention and recurrent state weights,GPU configured,0,65536
inkling-small,Inkling-Small-UD-Q3_K_XL-00002-of-00004.gguf,blk.7.shortconv_k.weight,4x1024,F32,16384,attention and recurrent state weights,GPU configured,0,16384
inkling-small,Inkling-Small-UD-Q3_K_XL-00002-of-00004.gguf,blk.7.shortconv_mlp.weight,4x4096,F32,65536,attention and recurrent state weights,GPU configured,0,65536
inkling-small,Inkling-Small-UD-Q3_K_XL-00002-of-00004.gguf,blk.7.shortconv_v.weight,4x1024,F32,16384,attention and recurrent state weights,GPU configured,0,16384
inkling-small,Inkling-Small-UD-Q3_K_XL-00002-of-00004.gguf,blk.8.attn_k.weight,4096x1024,Q8_0,4456448,attention and recurrent state weights,GPU configured,0,4456448
inkling-small,Inkling-Small-UD-Q3_K_XL-00002-of-00004.gguf,blk.8.attn_k_norm.weight,128,F32,512,attention and recurrent state weights,GPU configured,0,512
inkling-small,Inkling-Small-UD-Q3_K_XL-00002-of-00004.gguf,blk.8.attn_norm.weight,4096,F32,16384,attention and recurrent state weights,GPU configured,0,16384
inkling-small,Inkling-Small-UD-Q3_K_XL-00002-of-00004.gguf,blk.8.attn_output.weight,4096x4096,Q8_0,17825792,attention and recurrent state weights,GPU configured,0,17825792
inkling-small,Inkling-Small-UD-Q3_K_XL-00002-of-00004.gguf,blk.8.attn_q.weight,4096x4096,Q8_0,17825792,attention and recurrent state weights,GPU configured,0,17825792
inkling-small,Inkling-Small-UD-Q3_K_XL-00002-of-00004.gguf,blk.8.attn_q_norm.weight,128,F32,512,attention and recurrent state weights,GPU configured,0,512
inkling-small,Inkling-Small-UD-Q3_K_XL-00002-of-00004.gguf,blk.8.attn_r.weight,4096x512,Q8_0,2228224,attention and recurrent state weights,GPU configured,0,2228224
inkling-small,Inkling-Small-UD-Q3_K_XL-00002-of-00004.gguf,blk.8.attn_rel_proj.weight,512x16,F32,32768,attention and recurrent state weights,GPU configured,0,32768
inkling-small,Inkling-Small-UD-Q3_K_XL-00002-of-00004.gguf,blk.8.attn_v.weight,4096x1024,Q8_0,4456448,attention and recurrent state weights,GPU configured,0,4456448
inkling-small,Inkling-Small-UD-Q3_K_XL-00002-of-00004.gguf,blk.8.exp_probs_b.bias,256,F32,1024,"routing, norms and other weights",GPU configured,0,1024
inkling-small,Inkling-Small-UD-Q3_K_XL-00002-of-00004.gguf,blk.8.ffn_down_exps.weight,2048x4096x256,IQ4_XS,1140850688,routed experts,system RAM,26738688,26738688
inkling-small,Inkling-Small-UD-Q3_K_XL-00002-of-00004.gguf,blk.8.ffn_down_shexp.weight,2048x4096x2,Q8_0,17825792,shared experts and shared gate,GPU configured,0,17825792
inkling-small,Inkling-Small-UD-Q3_K_XL-00002-of-00004.gguf,blk.8.ffn_gate_exps.weight,4096x2048x256,IQ3_XXS,822083584,routed experts,system RAM,19267584,19267584
inkling-small,Inkling-Small-UD-Q3_K_XL-00002-of-00004.gguf,blk.8.ffn_gate_inp.weight,4096x258,F32,4227072,"routing, norms and other weights",GPU configured,0,4227072
inkling-small,Inkling-Small-UD-Q3_K_XL-00002-of-00004.gguf,blk.8.ffn_gate_shexp.weight,4096x2048x2,Q8_0,17825792,shared experts and shared gate,GPU configured,0,17825792
inkling-small,Inkling-Small-UD-Q3_K_XL-00002-of-00004.gguf,blk.8.ffn_gscale.weight,1,F32,4,"routing, norms and other weights",GPU configured,0,4
inkling-small,Inkling-Small-UD-Q3_K_XL-00002-of-00004.gguf,blk.8.ffn_norm.weight,4096,F32,16384,"routing, norms and other weights",GPU configured,0,16384
inkling-small,Inkling-Small-UD-Q3_K_XL-00002-of-00004.gguf,blk.8.ffn_up_exps.weight,4096x2048x256,IQ3_XXS,822083584,routed experts,system RAM,19267584,19267584
inkling-small,Inkling-Small-UD-Q3_K_XL-00002-of-00004.gguf,blk.8.ffn_up_shexp.weight,4096x2048x2,Q8_0,17825792,shared experts and shared gate,GPU configured,0,17825792
inkling-small,Inkling-Small-UD-Q3_K_XL-00002-of-00004.gguf,blk.8.shortconv_attn.weight,4x4096,F32,65536,attention and recurrent state weights,GPU configured,0,65536
inkling-small,Inkling-Small-UD-Q3_K_XL-00002-of-00004.gguf,blk.8.shortconv_k.weight,4x1024,F32,16384,attention and recurrent state weights,GPU configured,0,16384
inkling-small,Inkling-Small-UD-Q3_K_XL-00002-of-00004.gguf,blk.8.shortconv_mlp.weight,4x4096,F32,65536,attention and recurrent state weights,GPU configured,0,65536
inkling-small,Inkling-Small-UD-Q3_K_XL-00002-of-00004.gguf,blk.8.shortconv_v.weight,4x1024,F32,16384,attention and recurrent state weights,GPU configured,0,16384
inkling-small,Inkling-Small-UD-Q3_K_XL-00002-of-00004.gguf,blk.9.attn_k.weight,4096x1024,Q8_0,4456448,attention and recurrent state weights,GPU configured,0,4456448
inkling-small,Inkling-Small-UD-Q3_K_XL-00002-of-00004.gguf,blk.9.attn_k_norm.weight,128,F32,512,attention and recurrent state weights,GPU configured,0,512
inkling-small,Inkling-Small-UD-Q3_K_XL-00002-of-00004.gguf,blk.9.attn_norm.weight,4096,F32,16384,attention and recurrent state weights,GPU configured,0,16384
inkling-small,Inkling-Small-UD-Q3_K_XL-00002-of-00004.gguf,blk.9.attn_output.weight,4096x4096,Q8_0,17825792,attention and recurrent state weights,GPU configured,0,17825792
inkling-small,Inkling-Small-UD-Q3_K_XL-00002-of-00004.gguf,blk.9.attn_q.weight,4096x4096,Q8_0,17825792,attention and recurrent state weights,GPU configured,0,17825792
inkling-small,Inkling-Small-UD-Q3_K_XL-00002-of-00004.gguf,blk.9.attn_q_norm.weight,128,F32,512,attention and recurrent state weights,GPU configured,0,512
inkling-small,Inkling-Small-UD-Q3_K_XL-00002-of-00004.gguf,blk.9.attn_r.weight,4096x512,Q8_0,2228224,attention and recurrent state weights,GPU configured,0,2228224
inkling-small,Inkling-Small-UD-Q3_K_XL-00002-of-00004.gguf,blk.9.attn_rel_proj.weight,512x16,F32,32768,attention and recurrent state weights,GPU configured,0,32768
inkling-small,Inkling-Small-UD-Q3_K_XL-00002-of-00004.gguf,blk.9.attn_v.weight,4096x1024,Q8_0,4456448,attention and recurrent state weights,GPU configured,0,4456448
inkling-small,Inkling-Small-UD-Q3_K_XL-00002-of-00004.gguf,blk.9.exp_probs_b.bias,256,F32,1024,"routing, norms and other weights",GPU configured,0,1024
inkling-small,Inkling-Small-UD-Q3_K_XL-00002-of-00004.gguf,blk.9.ffn_down_exps.weight,2048x4096x256,IQ4_XS,1140850688,routed experts,system RAM,26738688,26738688
inkling-small,Inkling-Small-UD-Q3_K_XL-00002-of-00004.gguf,blk.9.ffn_down_shexp.weight,2048x4096x2,Q8_0,17825792,shared experts and shared gate,GPU configured,0,17825792
inkling-small,Inkling-Small-UD-Q3_K_XL-00002-of-00004.gguf,blk.9.ffn_gate_exps.weight,4096x2048x256,IQ3_XXS,822083584,routed experts,system RAM,19267584,19267584
inkling-small,Inkling-Small-UD-Q3_K_XL-00002-of-00004.gguf,blk.9.ffn_gate_inp.weight,4096x258,F32,4227072,"routing, norms and other weights",GPU configured,0,4227072
inkling-small,Inkling-Small-UD-Q3_K_XL-00002-of-00004.gguf,blk.9.ffn_gate_shexp.weight,4096x2048x2,Q8_0,17825792,shared experts and shared gate,GPU configured,0,17825792
inkling-small,Inkling-Small-UD-Q3_K_XL-00002-of-00004.gguf,blk.9.ffn_gscale.weight,1,F32,4,"routing, norms and other weights",GPU configured,0,4
inkling-small,Inkling-Small-UD-Q3_K_XL-00002-of-00004.gguf,blk.9.ffn_norm.weight,4096,F32,16384,"routing, norms and other weights",GPU configured,0,16384
inkling-small,Inkling-Small-UD-Q3_K_XL-00002-of-00004.gguf,blk.9.ffn_up_exps.weight,4096x2048x256,IQ3_XXS,822083584,routed experts,system RAM,19267584,19267584
inkling-small,Inkling-Small-UD-Q3_K_XL-00002-of-00004.gguf,blk.9.ffn_up_shexp.weight,4096x2048x2,Q8_0,17825792,shared experts and shared gate,GPU configured,0,17825792
inkling-small,Inkling-Small-UD-Q3_K_XL-00002-of-00004.gguf,blk.9.shortconv_attn.weight,4x4096,F32,65536,attention and recurrent state weights,GPU configured,0,65536
inkling-small,Inkling-Small-UD-Q3_K_XL-00002-of-00004.gguf,blk.9.shortconv_k.weight,4x1024,F32,16384,attention and recurrent state weights,GPU configured,0,16384
inkling-small,Inkling-Small-UD-Q3_K_XL-00002-of-00004.gguf,blk.9.shortconv_mlp.weight,4x4096,F32,65536,attention and recurrent state weights,GPU configured,0,65536
inkling-small,Inkling-Small-UD-Q3_K_XL-00002-of-00004.gguf,blk.9.shortconv_v.weight,4x1024,F32,16384,attention and recurrent state weights,GPU configured,0,16384
inkling-small,Inkling-Small-UD-Q3_K_XL-00002-of-00004.gguf,blk.10.attn_k.weight,4096x1024,Q8_0,4456448,attention and recurrent state weights,GPU configured,0,4456448
inkling-small,Inkling-Small-UD-Q3_K_XL-00002-of-00004.gguf,blk.10.attn_k_norm.weight,128,F32,512,attention and recurrent state weights,GPU configured,0,512
inkling-small,Inkling-Small-UD-Q3_K_XL-00002-of-00004.gguf,blk.10.attn_norm.weight,4096,F32,16384,attention and recurrent state weights,GPU configured,0,16384
inkling-small,Inkling-Small-UD-Q3_K_XL-00002-of-00004.gguf,blk.10.attn_output.weight,4096x4096,Q8_0,17825792,attention and recurrent state weights,GPU configured,0,17825792
inkling-small,Inkling-Small-UD-Q3_K_XL-00002-of-00004.gguf,blk.10.attn_q.weight,4096x4096,Q8_0,17825792,attention and recurrent state weights,GPU configured,0,17825792
inkling-small,Inkling-Small-UD-Q3_K_XL-00002-of-00004.gguf,blk.10.attn_q_norm.weight,128,F32,512,attention and recurrent state weights,GPU configured,0,512
inkling-small,Inkling-Small-UD-Q3_K_XL-00002-of-00004.gguf,blk.10.attn_r.weight,4096x512,Q8_0,2228224,attention and recurrent state weights,GPU configured,0,2228224
inkling-small,Inkling-Small-UD-Q3_K_XL-00002-of-00004.gguf,blk.10.attn_rel_proj.weight,512x16,F32,32768,attention and recurrent state weights,GPU configured,0,32768
inkling-small,Inkling-Small-UD-Q3_K_XL-00002-of-00004.gguf,blk.10.attn_v.weight,4096x1024,Q8_0,4456448,attention and recurrent state weights,GPU configured,0,4456448
inkling-small,Inkling-Small-UD-Q3_K_XL-00002-of-00004.gguf,blk.10.exp_probs_b.bias,256,F32,1024,"routing, norms and other weights",GPU configured,0,1024
inkling-small,Inkling-Small-UD-Q3_K_XL-00002-of-00004.gguf,blk.10.ffn_down_exps.weight,2048x4096x256,IQ4_XS,1140850688,routed experts,system RAM,26738688,26738688
inkling-small,Inkling-Small-UD-Q3_K_XL-00002-of-00004.gguf,blk.10.ffn_down_shexp.weight,2048x4096x2,Q8_0,17825792,shared experts and shared gate,GPU configured,0,17825792
inkling-small,Inkling-Small-UD-Q3_K_XL-00002-of-00004.gguf,blk.10.ffn_gate_exps.weight,4096x2048x256,IQ3_XXS,822083584,routed experts,system RAM,19267584,19267584
inkling-small,Inkling-Small-UD-Q3_K_XL-00002-of-00004.gguf,blk.10.ffn_gate_inp.weight,4096x258,F32,4227072,"routing, norms and other weights",GPU configured,0,4227072
inkling-small,Inkling-Small-UD-Q3_K_XL-00002-of-00004.gguf,blk.10.ffn_gate_shexp.weight,4096x2048x2,Q8_0,17825792,shared experts and shared gate,GPU configured,0,17825792
inkling-small,Inkling-Small-UD-Q3_K_XL-00002-of-00004.gguf,blk.10.ffn_gscale.weight,1,F32,4,"routing, norms and other weights",GPU configured,0,4
inkling-small,Inkling-Small-UD-Q3_K_XL-00002-of-00004.gguf,blk.10.ffn_norm.weight,4096,F32,16384,"routing, norms and other weights",GPU configured,0,16384
inkling-small,Inkling-Small-UD-Q3_K_XL-00002-of-00004.gguf,blk.10.ffn_up_exps.weight,4096x2048x256,IQ3_XXS,822083584,routed experts,system RAM,19267584,19267584
inkling-small,Inkling-Small-UD-Q3_K_XL-00002-of-00004.gguf,blk.10.ffn_up_shexp.weight,4096x2048x2,Q8_0,17825792,shared experts and shared gate,GPU configured,0,17825792
inkling-small,Inkling-Small-UD-Q3_K_XL-00002-of-00004.gguf,blk.10.shortconv_attn.weight,4x4096,F32,65536,attention and recurrent state weights,GPU configured,0,65536
inkling-small,Inkling-Small-UD-Q3_K_XL-00002-of-00004.gguf,blk.10.shortconv_k.weight,4x1024,F32,16384,attention and recurrent state weights,GPU configured,0,16384
inkling-small,Inkling-Small-UD-Q3_K_XL-00002-of-00004.gguf,blk.10.shortconv_mlp.weight,4x4096,F32,65536,attention and recurrent state weights,GPU configured,0,65536
inkling-small,Inkling-Small-UD-Q3_K_XL-00002-of-00004.gguf,blk.10.shortconv_v.weight,4x1024,F32,16384,attention and recurrent state weights,GPU configured,0,16384
inkling-small,Inkling-Small-UD-Q3_K_XL-00002-of-00004.gguf,blk.11.attn_k.weight,4096x1024,Q8_0,4456448,attention and recurrent state weights,GPU configured,0,4456448
inkling-small,Inkling-Small-UD-Q3_K_XL-00002-of-00004.gguf,blk.11.attn_k_norm.weight,128,F32,512,attention and recurrent state weights,GPU configured,0,512
inkling-small,Inkling-Small-UD-Q3_K_XL-00002-of-00004.gguf,blk.11.attn_norm.weight,4096,F32,16384,attention and recurrent state weights,GPU configured,0,16384
inkling-small,Inkling-Small-UD-Q3_K_XL-00002-of-00004.gguf,blk.11.attn_output.weight,4096x4096,Q8_0,17825792,attention and recurrent state weights,GPU configured,0,17825792
inkling-small,Inkling-Small-UD-Q3_K_XL-00002-of-00004.gguf,blk.11.attn_q.weight,4096x4096,Q8_0,17825792,attention and recurrent state weights,GPU configured,0,17825792
inkling-small,Inkling-Small-UD-Q3_K_XL-00002-of-00004.gguf,blk.11.attn_q_norm.weight,128,F32,512,attention and recurrent state weights,GPU configured,0,512
inkling-small,Inkling-Small-UD-Q3_K_XL-00002-of-00004.gguf,blk.11.attn_r.weight,4096x512,Q8_0,2228224,attention and recurrent state weights,GPU configured,0,2228224
inkling-small,Inkling-Small-UD-Q3_K_XL-00002-of-00004.gguf,blk.11.attn_rel_proj.weight,1024x16,F32,65536,attention and recurrent state weights,GPU configured,0,65536
inkling-small,Inkling-Small-UD-Q3_K_XL-00002-of-00004.gguf,blk.11.attn_v.weight,4096x1024,Q8_0,4456448,attention and recurrent state weights,GPU configured,0,4456448
inkling-small,Inkling-Small-UD-Q3_K_XL-00002-of-00004.gguf,blk.11.exp_probs_b.bias,256,F32,1024,"routing, norms and other weights",GPU configured,0,1024
inkling-small,Inkling-Small-UD-Q3_K_XL-00002-of-00004.gguf,blk.11.ffn_down_exps.weight,2048x4096x256,IQ4_XS,1140850688,routed experts,system RAM,26738688,26738688
inkling-small,Inkling-Small-UD-Q3_K_XL-00002-of-00004.gguf,blk.11.ffn_down_shexp.weight,2048x4096x2,Q8_0,17825792,shared experts and shared gate,GPU configured,0,17825792
inkling-small,Inkling-Small-UD-Q3_K_XL-00002-of-00004.gguf,blk.11.ffn_gate_exps.weight,4096x2048x256,IQ3_XXS,822083584,routed experts,system RAM,19267584,19267584
inkling-small,Inkling-Small-UD-Q3_K_XL-00002-of-00004.gguf,blk.11.ffn_gate_inp.weight,4096x258,F32,4227072,"routing, norms and other weights",GPU configured,0,4227072
inkling-small,Inkling-Small-UD-Q3_K_XL-00002-of-00004.gguf,blk.11.ffn_gate_shexp.weight,4096x2048x2,Q8_0,17825792,shared experts and shared gate,GPU configured,0,17825792
inkling-small,Inkling-Small-UD-Q3_K_XL-00002-of-00004.gguf,blk.11.ffn_gscale.weight,1,F32,4,"routing, norms and other weights",GPU configured,0,4
inkling-small,Inkling-Small-UD-Q3_K_XL-00002-of-00004.gguf,blk.11.ffn_norm.weight,4096,F32,16384,"routing, norms and other weights",GPU configured,0,16384
inkling-small,Inkling-Small-UD-Q3_K_XL-00002-of-00004.gguf,blk.11.ffn_up_exps.weight,4096x2048x256,IQ3_XXS,822083584,routed experts,system RAM,19267584,19267584
inkling-small,Inkling-Small-UD-Q3_K_XL-00002-of-00004.gguf,blk.11.ffn_up_shexp.weight,4096x2048x2,Q8_0,17825792,shared experts and shared gate,GPU configured,0,17825792
inkling-small,Inkling-Small-UD-Q3_K_XL-00002-of-00004.gguf,blk.11.shortconv_attn.weight,4x4096,F32,65536,attention and recurrent state weights,GPU configured,0,65536
inkling-small,Inkling-Small-UD-Q3_K_XL-00002-of-00004.gguf,blk.11.shortconv_k.weight,4x1024,F32,16384,attention and recurrent state weights,GPU configured,0,16384
inkling-small,Inkling-Small-UD-Q3_K_XL-00002-of-00004.gguf,blk.11.shortconv_mlp.weight,4x4096,F32,65536,attention and recurrent state weights,GPU configured,0,65536
inkling-small,Inkling-Small-UD-Q3_K_XL-00002-of-00004.gguf,blk.11.shortconv_v.weight,4x1024,F32,16384,attention and recurrent state weights,GPU configured,0,16384
inkling-small,Inkling-Small-UD-Q3_K_XL-00002-of-00004.gguf,blk.12.attn_k.weight,4096x1024,Q8_0,4456448,attention and recurrent state weights,GPU configured,0,4456448
inkling-small,Inkling-Small-UD-Q3_K_XL-00002-of-00004.gguf,blk.12.attn_k_norm.weight,128,F32,512,attention and recurrent state weights,GPU configured,0,512
inkling-small,Inkling-Small-UD-Q3_K_XL-00002-of-00004.gguf,blk.12.attn_norm.weight,4096,F32,16384,attention and recurrent state weights,GPU configured,0,16384
inkling-small,Inkling-Small-UD-Q3_K_XL-00002-of-00004.gguf,blk.12.attn_output.weight,4096x4096,Q8_0,17825792,attention and recurrent state weights,GPU configured,0,17825792
inkling-small,Inkling-Small-UD-Q3_K_XL-00002-of-00004.gguf,blk.12.attn_q.weight,4096x4096,Q8_0,17825792,attention and recurrent state weights,GPU configured,0,17825792
inkling-small,Inkling-Small-UD-Q3_K_XL-00002-of-00004.gguf,blk.12.attn_q_norm.weight,128,F32,512,attention and recurrent state weights,GPU configured,0,512
inkling-small,Inkling-Small-UD-Q3_K_XL-00002-of-00004.gguf,blk.12.attn_r.weight,4096x512,Q8_0,2228224,attention and recurrent state weights,GPU configured,0,2228224
inkling-small,Inkling-Small-UD-Q3_K_XL-00002-of-00004.gguf,blk.12.attn_rel_proj.weight,512x16,F32,32768,attention and recurrent state weights,GPU configured,0,32768
inkling-small,Inkling-Small-UD-Q3_K_XL-00002-of-00004.gguf,blk.12.attn_v.weight,4096x1024,Q8_0,4456448,attention and recurrent state weights,GPU configured,0,4456448
inkling-small,Inkling-Small-UD-Q3_K_XL-00002-of-00004.gguf,blk.12.exp_probs_b.bias,256,F32,1024,"routing, norms and other weights",GPU configured,0,1024
inkling-small,Inkling-Small-UD-Q3_K_XL-00002-of-00004.gguf,blk.12.ffn_down_exps.weight,2048x4096x256,IQ4_XS,1140850688,routed experts,system RAM,26738688,26738688
inkling-small,Inkling-Small-UD-Q3_K_XL-00002-of-00004.gguf,blk.12.ffn_down_shexp.weight,2048x4096x2,Q8_0,17825792,shared experts and shared gate,GPU configured,0,17825792
inkling-small,Inkling-Small-UD-Q3_K_XL-00002-of-00004.gguf,blk.12.ffn_gate_exps.weight,4096x2048x256,IQ3_XXS,822083584,routed experts,system RAM,19267584,19267584
inkling-small,Inkling-Small-UD-Q3_K_XL-00002-of-00004.gguf,blk.12.ffn_gate_inp.weight,4096x258,F32,4227072,"routing, norms and other weights",GPU configured,0,4227072
inkling-small,Inkling-Small-UD-Q3_K_XL-00002-of-00004.gguf,blk.12.ffn_gate_shexp.weight,4096x2048x2,Q8_0,17825792,shared experts and shared gate,GPU configured,0,17825792
inkling-small,Inkling-Small-UD-Q3_K_XL-00002-of-00004.gguf,blk.12.ffn_gscale.weight,1,F32,4,"routing, norms and other weights",GPU configured,0,4
inkling-small,Inkling-Small-UD-Q3_K_XL-00002-of-00004.gguf,blk.12.ffn_norm.weight,4096,F32,16384,"routing, norms and other weights",GPU configured,0,16384
inkling-small,Inkling-Small-UD-Q3_K_XL-00002-of-00004.gguf,blk.12.ffn_up_exps.weight,4096x2048x256,IQ3_XXS,822083584,routed experts,system RAM,19267584,19267584
inkling-small,Inkling-Small-UD-Q3_K_XL-00002-of-00004.gguf,blk.12.ffn_up_shexp.weight,4096x2048x2,Q8_0,17825792,shared experts and shared gate,GPU configured,0,17825792
inkling-small,Inkling-Small-UD-Q3_K_XL-00002-of-00004.gguf,blk.12.shortconv_attn.weight,4x4096,F32,65536,attention and recurrent state weights,GPU configured,0,65536
inkling-small,Inkling-Small-UD-Q3_K_XL-00002-of-00004.gguf,blk.12.shortconv_k.weight,4x1024,F32,16384,attention and recurrent state weights,GPU configured,0,16384
inkling-small,Inkling-Small-UD-Q3_K_XL-00002-of-00004.gguf,blk.12.shortconv_mlp.weight,4x4096,F32,65536,attention and recurrent state weights,GPU configured,0,65536
inkling-small,Inkling-Small-UD-Q3_K_XL-00002-of-00004.gguf,blk.12.shortconv_v.weight,4x1024,F32,16384,attention and recurrent state weights,GPU configured,0,16384
inkling-small,Inkling-Small-UD-Q3_K_XL-00002-of-00004.gguf,blk.13.attn_k.weight,4096x1024,Q8_0,4456448,attention and recurrent state weights,GPU configured,0,4456448
inkling-small,Inkling-Small-UD-Q3_K_XL-00002-of-00004.gguf,blk.13.attn_k_norm.weight,128,F32,512,attention and recurrent state weights,GPU configured,0,512
inkling-small,Inkling-Small-UD-Q3_K_XL-00002-of-00004.gguf,blk.13.attn_norm.weight,4096,F32,16384,attention and recurrent state weights,GPU configured,0,16384
inkling-small,Inkling-Small-UD-Q3_K_XL-00002-of-00004.gguf,blk.13.attn_output.weight,4096x4096,Q8_0,17825792,attention and recurrent state weights,GPU configured,0,17825792
inkling-small,Inkling-Small-UD-Q3_K_XL-00002-of-00004.gguf,blk.13.attn_q.weight,4096x4096,Q8_0,17825792,attention and recurrent state weights,GPU configured,0,17825792
inkling-small,Inkling-Small-UD-Q3_K_XL-00002-of-00004.gguf,blk.13.attn_q_norm.weight,128,F32,512,attention and recurrent state weights,GPU configured,0,512
inkling-small,Inkling-Small-UD-Q3_K_XL-00002-of-00004.gguf,blk.13.attn_r.weight,4096x512,Q8_0,2228224,attention and recurrent state weights,GPU configured,0,2228224
inkling-small,Inkling-Small-UD-Q3_K_XL-00002-of-00004.gguf,blk.13.attn_rel_proj.weight,512x16,F32,32768,attention and recurrent state weights,GPU configured,0,32768
inkling-small,Inkling-Small-UD-Q3_K_XL-00002-of-00004.gguf,blk.13.attn_v.weight,4096x1024,Q8_0,4456448,attention and recurrent state weights,GPU configured,0,4456448
inkling-small,Inkling-Small-UD-Q3_K_XL-00002-of-00004.gguf,blk.13.exp_probs_b.bias,256,F32,1024,"routing, norms and other weights",GPU configured,0,1024
inkling-small,Inkling-Small-UD-Q3_K_XL-00002-of-00004.gguf,blk.13.ffn_down_exps.weight,2048x4096x256,IQ4_XS,1140850688,routed experts,system RAM,26738688,26738688
inkling-small,Inkling-Small-UD-Q3_K_XL-00002-of-00004.gguf,blk.13.ffn_down_shexp.weight,2048x4096x2,Q8_0,17825792,shared experts and shared gate,GPU configured,0,17825792
inkling-small,Inkling-Small-UD-Q3_K_XL-00002-of-00004.gguf,blk.13.ffn_gate_exps.weight,4096x2048x256,IQ3_XXS,822083584,routed experts,system RAM,19267584,19267584
inkling-small,Inkling-Small-UD-Q3_K_XL-00002-of-00004.gguf,blk.13.ffn_gate_inp.weight,4096x258,F32,4227072,"routing, norms and other weights",GPU configured,0,4227072
inkling-small,Inkling-Small-UD-Q3_K_XL-00002-of-00004.gguf,blk.13.ffn_gate_shexp.weight,4096x2048x2,Q8_0,17825792,shared experts and shared gate,GPU configured,0,17825792
inkling-small,Inkling-Small-UD-Q3_K_XL-00002-of-00004.gguf,blk.13.ffn_gscale.weight,1,F32,4,"routing, norms and other weights",GPU configured,0,4
inkling-small,Inkling-Small-UD-Q3_K_XL-00002-of-00004.gguf,blk.13.ffn_norm.weight,4096,F32,16384,"routing, norms and other weights",GPU configured,0,16384
inkling-small,Inkling-Small-UD-Q3_K_XL-00002-of-00004.gguf,blk.13.ffn_up_exps.weight,4096x2048x256,IQ3_XXS,822083584,routed experts,system RAM,19267584,19267584
inkling-small,Inkling-Small-UD-Q3_K_XL-00002-of-00004.gguf,blk.13.ffn_up_shexp.weight,4096x2048x2,Q8_0,17825792,shared experts and shared gate,GPU configured,0,17825792
inkling-small,Inkling-Small-UD-Q3_K_XL-00002-of-00004.gguf,blk.13.shortconv_attn.weight,4x4096,F32,65536,attention and recurrent state weights,GPU configured,0,65536
inkling-small,Inkling-Small-UD-Q3_K_XL-00002-of-00004.gguf,blk.13.shortconv_k.weight,4x1024,F32,16384,attention and recurrent state weights,GPU configured,0,16384
inkling-small,Inkling-Small-UD-Q3_K_XL-00002-of-00004.gguf,blk.13.shortconv_mlp.weight,4x4096,F32,65536,attention and recurrent state weights,GPU configured,0,65536
inkling-small,Inkling-Small-UD-Q3_K_XL-00002-of-00004.gguf,blk.13.shortconv_v.weight,4x1024,F32,16384,attention and recurrent state weights,GPU configured,0,16384
inkling-small,Inkling-Small-UD-Q3_K_XL-00002-of-00004.gguf,blk.14.attn_k.weight,4096x1024,Q8_0,4456448,attention and recurrent state weights,GPU configured,0,4456448
inkling-small,Inkling-Small-UD-Q3_K_XL-00002-of-00004.gguf,blk.14.attn_k_norm.weight,128,F32,512,attention and recurrent state weights,GPU configured,0,512
inkling-small,Inkling-Small-UD-Q3_K_XL-00002-of-00004.gguf,blk.14.attn_norm.weight,4096,F32,16384,attention and recurrent state weights,GPU configured,0,16384
inkling-small,Inkling-Small-UD-Q3_K_XL-00002-of-00004.gguf,blk.14.attn_output.weight,4096x4096,Q8_0,17825792,attention and recurrent state weights,GPU configured,0,17825792
inkling-small,Inkling-Small-UD-Q3_K_XL-00002-of-00004.gguf,blk.14.attn_q.weight,4096x4096,Q8_0,17825792,attention and recurrent state weights,GPU configured,0,17825792
inkling-small,Inkling-Small-UD-Q3_K_XL-00002-of-00004.gguf,blk.14.attn_q_norm.weight,128,F32,512,attention and recurrent state weights,GPU configured,0,512
inkling-small,Inkling-Small-UD-Q3_K_XL-00002-of-00004.gguf,blk.14.attn_r.weight,4096x512,Q8_0,2228224,attention and recurrent state weights,GPU configured,0,2228224
inkling-small,Inkling-Small-UD-Q3_K_XL-00002-of-00004.gguf,blk.14.attn_rel_proj.weight,512x16,F32,32768,attention and recurrent state weights,GPU configured,0,32768
inkling-small,Inkling-Small-UD-Q3_K_XL-00002-of-00004.gguf,blk.14.attn_v.weight,4096x1024,Q8_0,4456448,attention and recurrent state weights,GPU configured,0,4456448
inkling-small,Inkling-Small-UD-Q3_K_XL-00002-of-00004.gguf,blk.14.exp_probs_b.bias,256,F32,1024,"routing, norms and other weights",GPU configured,0,1024
inkling-small,Inkling-Small-UD-Q3_K_XL-00002-of-00004.gguf,blk.14.ffn_down_exps.weight,2048x4096x256,IQ4_XS,1140850688,routed experts,system RAM,26738688,26738688
inkling-small,Inkling-Small-UD-Q3_K_XL-00002-of-00004.gguf,blk.14.ffn_down_shexp.weight,2048x4096x2,Q8_0,17825792,shared experts and shared gate,GPU configured,0,17825792
inkling-small,Inkling-Small-UD-Q3_K_XL-00002-of-00004.gguf,blk.14.ffn_gate_exps.weight,4096x2048x256,IQ3_XXS,822083584,routed experts,system RAM,19267584,19267584
inkling-small,Inkling-Small-UD-Q3_K_XL-00002-of-00004.gguf,blk.14.ffn_gate_inp.weight,4096x258,F32,4227072,"routing, norms and other weights",GPU configured,0,4227072
inkling-small,Inkling-Small-UD-Q3_K_XL-00002-of-00004.gguf,blk.14.ffn_gate_shexp.weight,4096x2048x2,Q8_0,17825792,shared experts and shared gate,GPU configured,0,17825792
inkling-small,Inkling-Small-UD-Q3_K_XL-00002-of-00004.gguf,blk.14.ffn_gscale.weight,1,F32,4,"routing, norms and other weights",GPU configured,0,4
inkling-small,Inkling-Small-UD-Q3_K_XL-00002-of-00004.gguf,blk.14.ffn_norm.weight,4096,F32,16384,"routing, norms and other weights",GPU configured,0,16384
inkling-small,Inkling-Small-UD-Q3_K_XL-00002-of-00004.gguf,blk.14.ffn_up_exps.weight,4096x2048x256,IQ3_XXS,822083584,routed experts,system RAM,19267584,19267584
inkling-small,Inkling-Small-UD-Q3_K_XL-00002-of-00004.gguf,blk.14.ffn_up_shexp.weight,4096x2048x2,Q8_0,17825792,shared experts and shared gate,GPU configured,0,17825792
inkling-small,Inkling-Small-UD-Q3_K_XL-00002-of-00004.gguf,blk.14.shortconv_attn.weight,4x4096,F32,65536,attention and recurrent state weights,GPU configured,0,65536
inkling-small,Inkling-Small-UD-Q3_K_XL-00002-of-00004.gguf,blk.14.shortconv_k.weight,4x1024,F32,16384,attention and recurrent state weights,GPU configured,0,16384
inkling-small,Inkling-Small-UD-Q3_K_XL-00002-of-00004.gguf,blk.14.shortconv_mlp.weight,4x4096,F32,65536,attention and recurrent state weights,GPU configured,0,65536
inkling-small,Inkling-Small-UD-Q3_K_XL-00002-of-00004.gguf,blk.14.shortconv_v.weight,4x1024,F32,16384,attention and recurrent state weights,GPU configured,0,16384
inkling-small,Inkling-Small-UD-Q3_K_XL-00002-of-00004.gguf,blk.15.attn_k.weight,4096x1024,Q8_0,4456448,attention and recurrent state weights,GPU configured,0,4456448
inkling-small,Inkling-Small-UD-Q3_K_XL-00002-of-00004.gguf,blk.15.attn_k_norm.weight,128,F32,512,attention and recurrent state weights,GPU configured,0,512
inkling-small,Inkling-Small-UD-Q3_K_XL-00002-of-00004.gguf,blk.15.attn_norm.weight,4096,F32,16384,attention and recurrent state weights,GPU configured,0,16384
inkling-small,Inkling-Small-UD-Q3_K_XL-00002-of-00004.gguf,blk.15.attn_output.weight,4096x4096,Q8_0,17825792,attention and recurrent state weights,GPU configured,0,17825792
inkling-small,Inkling-Small-UD-Q3_K_XL-00002-of-00004.gguf,blk.15.attn_q.weight,4096x4096,Q8_0,17825792,attention and recurrent state weights,GPU configured,0,17825792
inkling-small,Inkling-Small-UD-Q3_K_XL-00002-of-00004.gguf,blk.15.attn_q_norm.weight,128,F32,512,attention and recurrent state weights,GPU configured,0,512
inkling-small,Inkling-Small-UD-Q3_K_XL-00002-of-00004.gguf,blk.15.attn_r.weight,4096x512,Q8_0,2228224,attention and recurrent state weights,GPU configured,0,2228224
inkling-small,Inkling-Small-UD-Q3_K_XL-00002-of-00004.gguf,blk.15.attn_rel_proj.weight,512x16,F32,32768,attention and recurrent state weights,GPU configured,0,32768
inkling-small,Inkling-Small-UD-Q3_K_XL-00002-of-00004.gguf,blk.15.attn_v.weight,4096x1024,Q8_0,4456448,attention and recurrent state weights,GPU configured,0,4456448
inkling-small,Inkling-Small-UD-Q3_K_XL-00002-of-00004.gguf,blk.15.exp_probs_b.bias,256,F32,1024,"routing, norms and other weights",GPU configured,0,1024
inkling-small,Inkling-Small-UD-Q3_K_XL-00002-of-00004.gguf,blk.15.ffn_down_exps.weight,2048x4096x256,IQ4_XS,1140850688,routed experts,system RAM,26738688,26738688
inkling-small,Inkling-Small-UD-Q3_K_XL-00002-of-00004.gguf,blk.15.ffn_down_shexp.weight,2048x4096x2,Q8_0,17825792,shared experts and shared gate,GPU configured,0,17825792
inkling-small,Inkling-Small-UD-Q3_K_XL-00002-of-00004.gguf,blk.15.ffn_gate_exps.weight,4096x2048x256,IQ3_XXS,822083584,routed experts,system RAM,19267584,19267584
inkling-small,Inkling-Small-UD-Q3_K_XL-00002-of-00004.gguf,blk.15.ffn_gate_inp.weight,4096x258,F32,4227072,"routing, norms and other weights",GPU configured,0,4227072
inkling-small,Inkling-Small-UD-Q3_K_XL-00002-of-00004.gguf,blk.15.ffn_gate_shexp.weight,4096x2048x2,Q8_0,17825792,shared experts and shared gate,GPU configured,0,17825792
inkling-small,Inkling-Small-UD-Q3_K_XL-00002-of-00004.gguf,blk.15.ffn_gscale.weight,1,F32,4,"routing, norms and other weights",GPU configured,0,4
inkling-small,Inkling-Small-UD-Q3_K_XL-00002-of-00004.gguf,blk.15.ffn_norm.weight,4096,F32,16384,"routing, norms and other weights",GPU configured,0,16384
inkling-small,Inkling-Small-UD-Q3_K_XL-00002-of-00004.gguf,blk.15.ffn_up_exps.weight,4096x2048x256,IQ3_XXS,822083584,routed experts,system RAM,19267584,19267584
inkling-small,Inkling-Small-UD-Q3_K_XL-00002-of-00004.gguf,blk.15.ffn_up_shexp.weight,4096x2048x2,Q8_0,17825792,shared experts and shared gate,GPU configured,0,17825792
inkling-small,Inkling-Small-UD-Q3_K_XL-00002-of-00004.gguf,blk.15.shortconv_attn.weight,4x4096,F32,65536,attention and recurrent state weights,GPU configured,0,65536
inkling-small,Inkling-Small-UD-Q3_K_XL-00002-of-00004.gguf,blk.15.shortconv_k.weight,4x1024,F32,16384,attention and recurrent state weights,GPU configured,0,16384
inkling-small,Inkling-Small-UD-Q3_K_XL-00002-of-00004.gguf,blk.15.shortconv_mlp.weight,4x4096,F32,65536,attention and recurrent state weights,GPU configured,0,65536
inkling-small,Inkling-Small-UD-Q3_K_XL-00002-of-00004.gguf,blk.15.shortconv_v.weight,4x1024,F32,16384,attention and recurrent state weights,GPU configured,0,16384
inkling-small,Inkling-Small-UD-Q3_K_XL-00002-of-00004.gguf,blk.16.attn_k.weight,4096x1024,Q8_0,4456448,attention and recurrent state weights,GPU configured,0,4456448
inkling-small,Inkling-Small-UD-Q3_K_XL-00002-of-00004.gguf,blk.16.attn_k_norm.weight,128,F32,512,attention and recurrent state weights,GPU configured,0,512
inkling-small,Inkling-Small-UD-Q3_K_XL-00002-of-00004.gguf,blk.16.attn_norm.weight,4096,F32,16384,attention and recurrent state weights,GPU configured,0,16384
inkling-small,Inkling-Small-UD-Q3_K_XL-00002-of-00004.gguf,blk.16.attn_output.weight,4096x4096,Q8_0,17825792,attention and recurrent state weights,GPU configured,0,17825792
inkling-small,Inkling-Small-UD-Q3_K_XL-00002-of-00004.gguf,blk.16.attn_q.weight,4096x4096,Q8_0,17825792,attention and recurrent state weights,GPU configured,0,17825792
inkling-small,Inkling-Small-UD-Q3_K_XL-00002-of-00004.gguf,blk.16.attn_q_norm.weight,128,F32,512,attention and recurrent state weights,GPU configured,0,512
inkling-small,Inkling-Small-UD-Q3_K_XL-00002-of-00004.gguf,blk.16.attn_r.weight,4096x512,Q8_0,2228224,attention and recurrent state weights,GPU configured,0,2228224
inkling-small,Inkling-Small-UD-Q3_K_XL-00002-of-00004.gguf,blk.16.attn_rel_proj.weight,512x16,F32,32768,attention and recurrent state weights,GPU configured,0,32768
inkling-small,Inkling-Small-UD-Q3_K_XL-00002-of-00004.gguf,blk.16.attn_v.weight,4096x1024,Q8_0,4456448,attention and recurrent state weights,GPU configured,0,4456448
inkling-small,Inkling-Small-UD-Q3_K_XL-00002-of-00004.gguf,blk.16.exp_probs_b.bias,256,F32,1024,"routing, norms and other weights",GPU configured,0,1024
inkling-small,Inkling-Small-UD-Q3_K_XL-00002-of-00004.gguf,blk.16.ffn_down_exps.weight,2048x4096x256,IQ4_XS,1140850688,routed experts,system RAM,26738688,26738688
inkling-small,Inkling-Small-UD-Q3_K_XL-00002-of-00004.gguf,blk.16.ffn_down_shexp.weight,2048x4096x2,Q8_0,17825792,shared experts and shared gate,GPU configured,0,17825792
inkling-small,Inkling-Small-UD-Q3_K_XL-00002-of-00004.gguf,blk.16.ffn_gate_exps.weight,4096x2048x256,IQ3_XXS,822083584,routed experts,system RAM,19267584,19267584
inkling-small,Inkling-Small-UD-Q3_K_XL-00002-of-00004.gguf,blk.16.ffn_gate_inp.weight,4096x258,F32,4227072,"routing, norms and other weights",GPU configured,0,4227072
inkling-small,Inkling-Small-UD-Q3_K_XL-00002-of-00004.gguf,blk.16.ffn_gate_shexp.weight,4096x2048x2,Q8_0,17825792,shared experts and shared gate,GPU configured,0,17825792
inkling-small,Inkling-Small-UD-Q3_K_XL-00002-of-00004.gguf,blk.16.ffn_gscale.weight,1,F32,4,"routing, norms and other weights",GPU configured,0,4
inkling-small,Inkling-Small-UD-Q3_K_XL-00002-of-00004.gguf,blk.16.ffn_norm.weight,4096,F32,16384,"routing, norms and other weights",GPU configured,0,16384
inkling-small,Inkling-Small-UD-Q3_K_XL-00002-of-00004.gguf,blk.16.ffn_up_exps.weight,4096x2048x256,IQ3_XXS,822083584,routed experts,system RAM,19267584,19267584
inkling-small,Inkling-Small-UD-Q3_K_XL-00002-of-00004.gguf,blk.16.ffn_up_shexp.weight,4096x2048x2,Q8_0,17825792,shared experts and shared gate,GPU configured,0,17825792
inkling-small,Inkling-Small-UD-Q3_K_XL-00002-of-00004.gguf,blk.16.shortconv_attn.weight,4x4096,F32,65536,attention and recurrent state weights,GPU configured,0,65536
inkling-small,Inkling-Small-UD-Q3_K_XL-00002-of-00004.gguf,blk.16.shortconv_k.weight,4x1024,F32,16384,attention and recurrent state weights,GPU configured,0,16384
inkling-small,Inkling-Small-UD-Q3_K_XL-00002-of-00004.gguf,blk.16.shortconv_mlp.weight,4x4096,F32,65536,attention and recurrent state weights,GPU configured,0,65536
inkling-small,Inkling-Small-UD-Q3_K_XL-00002-of-00004.gguf,blk.16.shortconv_v.weight,4x1024,F32,16384,attention and recurrent state weights,GPU configured,0,16384
inkling-small,Inkling-Small-UD-Q3_K_XL-00002-of-00004.gguf,blk.17.attn_k.weight,4096x1024,Q8_0,4456448,attention and recurrent state weights,GPU configured,0,4456448
inkling-small,Inkling-Small-UD-Q3_K_XL-00002-of-00004.gguf,blk.17.attn_k_norm.weight,128,F32,512,attention and recurrent state weights,GPU configured,0,512
inkling-small,Inkling-Small-UD-Q3_K_XL-00002-of-00004.gguf,blk.17.attn_norm.weight,4096,F32,16384,attention and recurrent state weights,GPU configured,0,16384
inkling-small,Inkling-Small-UD-Q3_K_XL-00002-of-00004.gguf,blk.17.attn_output.weight,4096x4096,Q8_0,17825792,attention and recurrent state weights,GPU configured,0,17825792
inkling-small,Inkling-Small-UD-Q3_K_XL-00002-of-00004.gguf,blk.17.attn_q.weight,4096x4096,Q8_0,17825792,attention and recurrent state weights,GPU configured,0,17825792
inkling-small,Inkling-Small-UD-Q3_K_XL-00002-of-00004.gguf,blk.17.attn_q_norm.weight,128,F32,512,attention and recurrent state weights,GPU configured,0,512
inkling-small,Inkling-Small-UD-Q3_K_XL-00002-of-00004.gguf,blk.17.attn_r.weight,4096x512,Q8_0,2228224,attention and recurrent state weights,GPU configured,0,2228224
inkling-small,Inkling-Small-UD-Q3_K_XL-00002-of-00004.gguf,blk.17.attn_rel_proj.weight,1024x16,F32,65536,attention and recurrent state weights,GPU configured,0,65536
inkling-small,Inkling-Small-UD-Q3_K_XL-00002-of-00004.gguf,blk.17.attn_v.weight,4096x1024,Q8_0,4456448,attention and recurrent state weights,GPU configured,0,4456448
inkling-small,Inkling-Small-UD-Q3_K_XL-00002-of-00004.gguf,blk.17.exp_probs_b.bias,256,F32,1024,"routing, norms and other weights",GPU configured,0,1024
inkling-small,Inkling-Small-UD-Q3_K_XL-00002-of-00004.gguf,blk.17.ffn_down_exps.weight,2048x4096x256,IQ4_XS,1140850688,routed experts,system RAM,26738688,26738688
inkling-small,Inkling-Small-UD-Q3_K_XL-00002-of-00004.gguf,blk.17.ffn_down_shexp.weight,2048x4096x2,Q8_0,17825792,shared experts and shared gate,GPU configured,0,17825792
inkling-small,Inkling-Small-UD-Q3_K_XL-00002-of-00004.gguf,blk.17.ffn_gate_exps.weight,4096x2048x256,IQ3_XXS,822083584,routed experts,system RAM,19267584,19267584
inkling-small,Inkling-Small-UD-Q3_K_XL-00002-of-00004.gguf,blk.17.ffn_gate_inp.weight,4096x258,F32,4227072,"routing, norms and other weights",GPU configured,0,4227072
inkling-small,Inkling-Small-UD-Q3_K_XL-00002-of-00004.gguf,blk.17.ffn_gate_shexp.weight,4096x2048x2,Q8_0,17825792,shared experts and shared gate,GPU configured,0,17825792
inkling-small,Inkling-Small-UD-Q3_K_XL-00002-of-00004.gguf,blk.17.ffn_gscale.weight,1,F32,4,"routing, norms and other weights",GPU configured,0,4
inkling-small,Inkling-Small-UD-Q3_K_XL-00002-of-00004.gguf,blk.17.ffn_norm.weight,4096,F32,16384,"routing, norms and other weights",GPU configured,0,16384
inkling-small,Inkling-Small-UD-Q3_K_XL-00002-of-00004.gguf,blk.17.ffn_up_exps.weight,4096x2048x256,IQ3_XXS,822083584,routed experts,system RAM,19267584,19267584
inkling-small,Inkling-Small-UD-Q3_K_XL-00002-of-00004.gguf,blk.17.ffn_up_shexp.weight,4096x2048x2,Q8_0,17825792,shared experts and shared gate,GPU configured,0,17825792
inkling-small,Inkling-Small-UD-Q3_K_XL-00002-of-00004.gguf,blk.17.shortconv_attn.weight,4x4096,F32,65536,attention and recurrent state weights,GPU configured,0,65536
inkling-small,Inkling-Small-UD-Q3_K_XL-00002-of-00004.gguf,blk.17.shortconv_k.weight,4x1024,F32,16384,attention and recurrent state weights,GPU configured,0,16384
inkling-small,Inkling-Small-UD-Q3_K_XL-00002-of-00004.gguf,blk.17.shortconv_mlp.weight,4x4096,F32,65536,attention and recurrent state weights,GPU configured,0,65536
inkling-small,Inkling-Small-UD-Q3_K_XL-00002-of-00004.gguf,blk.17.shortconv_v.weight,4x1024,F32,16384,attention and recurrent state weights,GPU configured,0,16384
inkling-small,Inkling-Small-UD-Q3_K_XL-00002-of-00004.gguf,blk.18.attn_k.weight,4096x1024,Q8_0,4456448,attention and recurrent state weights,GPU configured,0,4456448
inkling-small,Inkling-Small-UD-Q3_K_XL-00002-of-00004.gguf,blk.18.attn_k_norm.weight,128,F32,512,attention and recurrent state weights,GPU configured,0,512
inkling-small,Inkling-Small-UD-Q3_K_XL-00002-of-00004.gguf,blk.18.attn_norm.weight,4096,F32,16384,attention and recurrent state weights,GPU configured,0,16384
inkling-small,Inkling-Small-UD-Q3_K_XL-00002-of-00004.gguf,blk.18.attn_output.weight,4096x4096,Q8_0,17825792,attention and recurrent state weights,GPU configured,0,17825792
inkling-small,Inkling-Small-UD-Q3_K_XL-00002-of-00004.gguf,blk.18.attn_q.weight,4096x4096,Q8_0,17825792,attention and recurrent state weights,GPU configured,0,17825792
inkling-small,Inkling-Small-UD-Q3_K_XL-00002-of-00004.gguf,blk.18.attn_q_norm.weight,128,F32,512,attention and recurrent state weights,GPU configured,0,512
inkling-small,Inkling-Small-UD-Q3_K_XL-00002-of-00004.gguf,blk.18.attn_r.weight,4096x512,Q8_0,2228224,attention and recurrent state weights,GPU configured,0,2228224
inkling-small,Inkling-Small-UD-Q3_K_XL-00002-of-00004.gguf,blk.18.attn_rel_proj.weight,512x16,F32,32768,attention and recurrent state weights,GPU configured,0,32768
inkling-small,Inkling-Small-UD-Q3_K_XL-00002-of-00004.gguf,blk.18.attn_v.weight,4096x1024,Q8_0,4456448,attention and recurrent state weights,GPU configured,0,4456448
inkling-small,Inkling-Small-UD-Q3_K_XL-00002-of-00004.gguf,blk.18.exp_probs_b.bias,256,F32,1024,"routing, norms and other weights",GPU configured,0,1024
inkling-small,Inkling-Small-UD-Q3_K_XL-00002-of-00004.gguf,blk.18.ffn_down_exps.weight,2048x4096x256,IQ4_XS,1140850688,routed experts,system RAM,26738688,26738688
inkling-small,Inkling-Small-UD-Q3_K_XL-00002-of-00004.gguf,blk.18.ffn_down_shexp.weight,2048x4096x2,Q8_0,17825792,shared experts and shared gate,GPU configured,0,17825792
inkling-small,Inkling-Small-UD-Q3_K_XL-00003-of-00004.gguf,blk.18.ffn_gate_exps.weight,4096x2048x256,IQ3_XXS,822083584,routed experts,system RAM,19267584,19267584
inkling-small,Inkling-Small-UD-Q3_K_XL-00003-of-00004.gguf,blk.18.ffn_gate_inp.weight,4096x258,F32,4227072,"routing, norms and other weights",GPU configured,0,4227072
inkling-small,Inkling-Small-UD-Q3_K_XL-00003-of-00004.gguf,blk.18.ffn_gate_shexp.weight,4096x2048x2,Q8_0,17825792,shared experts and shared gate,GPU configured,0,17825792
inkling-small,Inkling-Small-UD-Q3_K_XL-00003-of-00004.gguf,blk.18.ffn_gscale.weight,1,F32,4,"routing, norms and other weights",GPU configured,0,4
inkling-small,Inkling-Small-UD-Q3_K_XL-00003-of-00004.gguf,blk.18.ffn_norm.weight,4096,F32,16384,"routing, norms and other weights",GPU configured,0,16384
inkling-small,Inkling-Small-UD-Q3_K_XL-00003-of-00004.gguf,blk.18.ffn_up_exps.weight,4096x2048x256,IQ3_XXS,822083584,routed experts,system RAM,19267584,19267584
inkling-small,Inkling-Small-UD-Q3_K_XL-00003-of-00004.gguf,blk.18.ffn_up_shexp.weight,4096x2048x2,Q8_0,17825792,shared experts and shared gate,GPU configured,0,17825792
inkling-small,Inkling-Small-UD-Q3_K_XL-00003-of-00004.gguf,blk.18.shortconv_attn.weight,4x4096,F32,65536,attention and recurrent state weights,GPU configured,0,65536
inkling-small,Inkling-Small-UD-Q3_K_XL-00003-of-00004.gguf,blk.18.shortconv_k.weight,4x1024,F32,16384,attention and recurrent state weights,GPU configured,0,16384
inkling-small,Inkling-Small-UD-Q3_K_XL-00003-of-00004.gguf,blk.18.shortconv_mlp.weight,4x4096,F32,65536,attention and recurrent state weights,GPU configured,0,65536
inkling-small,Inkling-Small-UD-Q3_K_XL-00003-of-00004.gguf,blk.18.shortconv_v.weight,4x1024,F32,16384,attention and recurrent state weights,GPU configured,0,16384
inkling-small,Inkling-Small-UD-Q3_K_XL-00003-of-00004.gguf,blk.19.attn_k.weight,4096x1024,Q8_0,4456448,attention and recurrent state weights,GPU configured,0,4456448
inkling-small,Inkling-Small-UD-Q3_K_XL-00003-of-00004.gguf,blk.19.attn_k_norm.weight,128,F32,512,attention and recurrent state weights,GPU configured,0,512
inkling-small,Inkling-Small-UD-Q3_K_XL-00003-of-00004.gguf,blk.19.attn_norm.weight,4096,F32,16384,attention and recurrent state weights,GPU configured,0,16384
inkling-small,Inkling-Small-UD-Q3_K_XL-00003-of-00004.gguf,blk.19.attn_output.weight,4096x4096,Q8_0,17825792,attention and recurrent state weights,GPU configured,0,17825792
inkling-small,Inkling-Small-UD-Q3_K_XL-00003-of-00004.gguf,blk.19.attn_q.weight,4096x4096,Q8_0,17825792,attention and recurrent state weights,GPU configured,0,17825792
inkling-small,Inkling-Small-UD-Q3_K_XL-00003-of-00004.gguf,blk.19.attn_q_norm.weight,128,F32,512,attention and recurrent state weights,GPU configured,0,512
inkling-small,Inkling-Small-UD-Q3_K_XL-00003-of-00004.gguf,blk.19.attn_r.weight,4096x512,Q8_0,2228224,attention and recurrent state weights,GPU configured,0,2228224
inkling-small,Inkling-Small-UD-Q3_K_XL-00003-of-00004.gguf,blk.19.attn_rel_proj.weight,512x16,F32,32768,attention and recurrent state weights,GPU configured,0,32768
inkling-small,Inkling-Small-UD-Q3_K_XL-00003-of-00004.gguf,blk.19.attn_v.weight,4096x1024,Q8_0,4456448,attention and recurrent state weights,GPU configured,0,4456448
inkling-small,Inkling-Small-UD-Q3_K_XL-00003-of-00004.gguf,blk.19.exp_probs_b.bias,256,F32,1024,"routing, norms and other weights",GPU configured,0,1024
inkling-small,Inkling-Small-UD-Q3_K_XL-00003-of-00004.gguf,blk.19.ffn_down_exps.weight,2048x4096x256,IQ4_XS,1140850688,routed experts,system RAM,26738688,26738688
inkling-small,Inkling-Small-UD-Q3_K_XL-00003-of-00004.gguf,blk.19.ffn_down_shexp.weight,2048x4096x2,Q8_0,17825792,shared experts and shared gate,GPU configured,0,17825792
inkling-small,Inkling-Small-UD-Q3_K_XL-00003-of-00004.gguf,blk.19.ffn_gate_exps.weight,4096x2048x256,IQ3_XXS,822083584,routed experts,system RAM,19267584,19267584
inkling-small,Inkling-Small-UD-Q3_K_XL-00003-of-00004.gguf,blk.19.ffn_gate_inp.weight,4096x258,F32,4227072,"routing, norms and other weights",GPU configured,0,4227072
inkling-small,Inkling-Small-UD-Q3_K_XL-00003-of-00004.gguf,blk.19.ffn_gate_shexp.weight,4096x2048x2,Q8_0,17825792,shared experts and shared gate,GPU configured,0,17825792
inkling-small,Inkling-Small-UD-Q3_K_XL-00003-of-00004.gguf,blk.19.ffn_gscale.weight,1,F32,4,"routing, norms and other weights",GPU configured,0,4
inkling-small,Inkling-Small-UD-Q3_K_XL-00003-of-00004.gguf,blk.19.ffn_norm.weight,4096,F32,16384,"routing, norms and other weights",GPU configured,0,16384
inkling-small,Inkling-Small-UD-Q3_K_XL-00003-of-00004.gguf,blk.19.ffn_up_exps.weight,4096x2048x256,IQ3_XXS,822083584,routed experts,system RAM,19267584,19267584
inkling-small,Inkling-Small-UD-Q3_K_XL-00003-of-00004.gguf,blk.19.ffn_up_shexp.weight,4096x2048x2,Q8_0,17825792,shared experts and shared gate,GPU configured,0,17825792
inkling-small,Inkling-Small-UD-Q3_K_XL-00003-of-00004.gguf,blk.19.shortconv_attn.weight,4x4096,F32,65536,attention and recurrent state weights,GPU configured,0,65536
inkling-small,Inkling-Small-UD-Q3_K_XL-00003-of-00004.gguf,blk.19.shortconv_k.weight,4x1024,F32,16384,attention and recurrent state weights,GPU configured,0,16384
inkling-small,Inkling-Small-UD-Q3_K_XL-00003-of-00004.gguf,blk.19.shortconv_mlp.weight,4x4096,F32,65536,attention and recurrent state weights,GPU configured,0,65536
inkling-small,Inkling-Small-UD-Q3_K_XL-00003-of-00004.gguf,blk.19.shortconv_v.weight,4x1024,F32,16384,attention and recurrent state weights,GPU configured,0,16384
inkling-small,Inkling-Small-UD-Q3_K_XL-00003-of-00004.gguf,blk.20.attn_k.weight,4096x1024,Q8_0,4456448,attention and recurrent state weights,GPU configured,0,4456448
inkling-small,Inkling-Small-UD-Q3_K_XL-00003-of-00004.gguf,blk.20.attn_k_norm.weight,128,F32,512,attention and recurrent state weights,GPU configured,0,512
inkling-small,Inkling-Small-UD-Q3_K_XL-00003-of-00004.gguf,blk.20.attn_norm.weight,4096,F32,16384,attention and recurrent state weights,GPU configured,0,16384
inkling-small,Inkling-Small-UD-Q3_K_XL-00003-of-00004.gguf,blk.20.attn_output.weight,4096x4096,Q8_0,17825792,attention and recurrent state weights,GPU configured,0,17825792
inkling-small,Inkling-Small-UD-Q3_K_XL-00003-of-00004.gguf,blk.20.attn_q.weight,4096x4096,Q8_0,17825792,attention and recurrent state weights,GPU configured,0,17825792
inkling-small,Inkling-Small-UD-Q3_K_XL-00003-of-00004.gguf,blk.20.attn_q_norm.weight,128,F32,512,attention and recurrent state weights,GPU configured,0,512
inkling-small,Inkling-Small-UD-Q3_K_XL-00003-of-00004.gguf,blk.20.attn_r.weight,4096x512,Q8_0,2228224,attention and recurrent state weights,GPU configured,0,2228224
inkling-small,Inkling-Small-UD-Q3_K_XL-00003-of-00004.gguf,blk.20.attn_rel_proj.weight,512x16,F32,32768,attention and recurrent state weights,GPU configured,0,32768
inkling-small,Inkling-Small-UD-Q3_K_XL-00003-of-00004.gguf,blk.20.attn_v.weight,4096x1024,Q8_0,4456448,attention and recurrent state weights,GPU configured,0,4456448
inkling-small,Inkling-Small-UD-Q3_K_XL-00003-of-00004.gguf,blk.20.exp_probs_b.bias,256,F32,1024,"routing, norms and other weights",GPU configured,0,1024
inkling-small,Inkling-Small-UD-Q3_K_XL-00003-of-00004.gguf,blk.20.ffn_down_exps.weight,2048x4096x256,IQ4_XS,1140850688,routed experts,system RAM,26738688,26738688
inkling-small,Inkling-Small-UD-Q3_K_XL-00003-of-00004.gguf,blk.20.ffn_down_shexp.weight,2048x4096x2,Q8_0,17825792,shared experts and shared gate,GPU configured,0,17825792
inkling-small,Inkling-Small-UD-Q3_K_XL-00003-of-00004.gguf,blk.20.ffn_gate_exps.weight,4096x2048x256,IQ3_XXS,822083584,routed experts,system RAM,19267584,19267584
inkling-small,Inkling-Small-UD-Q3_K_XL-00003-of-00004.gguf,blk.20.ffn_gate_inp.weight,4096x258,F32,4227072,"routing, norms and other weights",GPU configured,0,4227072
inkling-small,Inkling-Small-UD-Q3_K_XL-00003-of-00004.gguf,blk.20.ffn_gate_shexp.weight,4096x2048x2,Q8_0,17825792,shared experts and shared gate,GPU configured,0,17825792
inkling-small,Inkling-Small-UD-Q3_K_XL-00003-of-00004.gguf,blk.20.ffn_gscale.weight,1,F32,4,"routing, norms and other weights",GPU configured,0,4
inkling-small,Inkling-Small-UD-Q3_K_XL-00003-of-00004.gguf,blk.20.ffn_norm.weight,4096,F32,16384,"routing, norms and other weights",GPU configured,0,16384
inkling-small,Inkling-Small-UD-Q3_K_XL-00003-of-00004.gguf,blk.20.ffn_up_exps.weight,4096x2048x256,IQ3_XXS,822083584,routed experts,system RAM,19267584,19267584
inkling-small,Inkling-Small-UD-Q3_K_XL-00003-of-00004.gguf,blk.20.ffn_up_shexp.weight,4096x2048x2,Q8_0,17825792,shared experts and shared gate,GPU configured,0,17825792
inkling-small,Inkling-Small-UD-Q3_K_XL-00003-of-00004.gguf,blk.20.shortconv_attn.weight,4x4096,F32,65536,attention and recurrent state weights,GPU configured,0,65536
inkling-small,Inkling-Small-UD-Q3_K_XL-00003-of-00004.gguf,blk.20.shortconv_k.weight,4x1024,F32,16384,attention and recurrent state weights,GPU configured,0,16384
inkling-small,Inkling-Small-UD-Q3_K_XL-00003-of-00004.gguf,blk.20.shortconv_mlp.weight,4x4096,F32,65536,attention and recurrent state weights,GPU configured,0,65536
inkling-small,Inkling-Small-UD-Q3_K_XL-00003-of-00004.gguf,blk.20.shortconv_v.weight,4x1024,F32,16384,attention and recurrent state weights,GPU configured,0,16384
inkling-small,Inkling-Small-UD-Q3_K_XL-00003-of-00004.gguf,blk.21.attn_k.weight,4096x1024,Q8_0,4456448,attention and recurrent state weights,GPU configured,0,4456448
inkling-small,Inkling-Small-UD-Q3_K_XL-00003-of-00004.gguf,blk.21.attn_k_norm.weight,128,F32,512,attention and recurrent state weights,GPU configured,0,512
inkling-small,Inkling-Small-UD-Q3_K_XL-00003-of-00004.gguf,blk.21.attn_norm.weight,4096,F32,16384,attention and recurrent state weights,GPU configured,0,16384
inkling-small,Inkling-Small-UD-Q3_K_XL-00003-of-00004.gguf,blk.21.attn_output.weight,4096x4096,Q8_0,17825792,attention and recurrent state weights,GPU configured,0,17825792
inkling-small,Inkling-Small-UD-Q3_K_XL-00003-of-00004.gguf,blk.21.attn_q.weight,4096x4096,Q8_0,17825792,attention and recurrent state weights,GPU configured,0,17825792
inkling-small,Inkling-Small-UD-Q3_K_XL-00003-of-00004.gguf,blk.21.attn_q_norm.weight,128,F32,512,attention and recurrent state weights,GPU configured,0,512
inkling-small,Inkling-Small-UD-Q3_K_XL-00003-of-00004.gguf,blk.21.attn_r.weight,4096x512,Q8_0,2228224,attention and recurrent state weights,GPU configured,0,2228224
inkling-small,Inkling-Small-UD-Q3_K_XL-00003-of-00004.gguf,blk.21.attn_rel_proj.weight,512x16,F32,32768,attention and recurrent state weights,GPU configured,0,32768
inkling-small,Inkling-Small-UD-Q3_K_XL-00003-of-00004.gguf,blk.21.attn_v.weight,4096x1024,Q8_0,4456448,attention and recurrent state weights,GPU configured,0,4456448
inkling-small,Inkling-Small-UD-Q3_K_XL-00003-of-00004.gguf,blk.21.exp_probs_b.bias,256,F32,1024,"routing, norms and other weights",GPU configured,0,1024
inkling-small,Inkling-Small-UD-Q3_K_XL-00003-of-00004.gguf,blk.21.ffn_down_exps.weight,2048x4096x256,IQ4_XS,1140850688,routed experts,system RAM,26738688,26738688
inkling-small,Inkling-Small-UD-Q3_K_XL-00003-of-00004.gguf,blk.21.ffn_down_shexp.weight,2048x4096x2,Q8_0,17825792,shared experts and shared gate,GPU configured,0,17825792
inkling-small,Inkling-Small-UD-Q3_K_XL-00003-of-00004.gguf,blk.21.ffn_gate_exps.weight,4096x2048x256,IQ3_XXS,822083584,routed experts,system RAM,19267584,19267584
inkling-small,Inkling-Small-UD-Q3_K_XL-00003-of-00004.gguf,blk.21.ffn_gate_inp.weight,4096x258,F32,4227072,"routing, norms and other weights",GPU configured,0,4227072
inkling-small,Inkling-Small-UD-Q3_K_XL-00003-of-00004.gguf,blk.21.ffn_gate_shexp.weight,4096x2048x2,Q8_0,17825792,shared experts and shared gate,GPU configured,0,17825792
inkling-small,Inkling-Small-UD-Q3_K_XL-00003-of-00004.gguf,blk.21.ffn_gscale.weight,1,F32,4,"routing, norms and other weights",GPU configured,0,4
inkling-small,Inkling-Small-UD-Q3_K_XL-00003-of-00004.gguf,blk.21.ffn_norm.weight,4096,F32,16384,"routing, norms and other weights",GPU configured,0,16384
inkling-small,Inkling-Small-UD-Q3_K_XL-00003-of-00004.gguf,blk.21.ffn_up_exps.weight,4096x2048x256,IQ3_XXS,822083584,routed experts,system RAM,19267584,19267584
inkling-small,Inkling-Small-UD-Q3_K_XL-00003-of-00004.gguf,blk.21.ffn_up_shexp.weight,4096x2048x2,Q8_0,17825792,shared experts and shared gate,GPU configured,0,17825792
inkling-small,Inkling-Small-UD-Q3_K_XL-00003-of-00004.gguf,blk.21.shortconv_attn.weight,4x4096,F32,65536,attention and recurrent state weights,GPU configured,0,65536
inkling-small,Inkling-Small-UD-Q3_K_XL-00003-of-00004.gguf,blk.21.shortconv_k.weight,4x1024,F32,16384,attention and recurrent state weights,GPU configured,0,16384
inkling-small,Inkling-Small-UD-Q3_K_XL-00003-of-00004.gguf,blk.21.shortconv_mlp.weight,4x4096,F32,65536,attention and recurrent state weights,GPU configured,0,65536
inkling-small,Inkling-Small-UD-Q3_K_XL-00003-of-00004.gguf,blk.21.shortconv_v.weight,4x1024,F32,16384,attention and recurrent state weights,GPU configured,0,16384
inkling-small,Inkling-Small-UD-Q3_K_XL-00003-of-00004.gguf,blk.22.attn_k.weight,4096x1024,Q8_0,4456448,attention and recurrent state weights,GPU configured,0,4456448
inkling-small,Inkling-Small-UD-Q3_K_XL-00003-of-00004.gguf,blk.22.attn_k_norm.weight,128,F32,512,attention and recurrent state weights,GPU configured,0,512
inkling-small,Inkling-Small-UD-Q3_K_XL-00003-of-00004.gguf,blk.22.attn_norm.weight,4096,F32,16384,attention and recurrent state weights,GPU configured,0,16384
inkling-small,Inkling-Small-UD-Q3_K_XL-00003-of-00004.gguf,blk.22.attn_output.weight,4096x4096,Q8_0,17825792,attention and recurrent state weights,GPU configured,0,17825792
inkling-small,Inkling-Small-UD-Q3_K_XL-00003-of-00004.gguf,blk.22.attn_q.weight,4096x4096,Q8_0,17825792,attention and recurrent state weights,GPU configured,0,17825792
inkling-small,Inkling-Small-UD-Q3_K_XL-00003-of-00004.gguf,blk.22.attn_q_norm.weight,128,F32,512,attention and recurrent state weights,GPU configured,0,512
inkling-small,Inkling-Small-UD-Q3_K_XL-00003-of-00004.gguf,blk.22.attn_r.weight,4096x512,Q8_0,2228224,attention and recurrent state weights,GPU configured,0,2228224
inkling-small,Inkling-Small-UD-Q3_K_XL-00003-of-00004.gguf,blk.22.attn_rel_proj.weight,512x16,F32,32768,attention and recurrent state weights,GPU configured,0,32768
inkling-small,Inkling-Small-UD-Q3_K_XL-00003-of-00004.gguf,blk.22.attn_v.weight,4096x1024,Q8_0,4456448,attention and recurrent state weights,GPU configured,0,4456448
inkling-small,Inkling-Small-UD-Q3_K_XL-00003-of-00004.gguf,blk.22.exp_probs_b.bias,256,F32,1024,"routing, norms and other weights",GPU configured,0,1024
inkling-small,Inkling-Small-UD-Q3_K_XL-00003-of-00004.gguf,blk.22.ffn_down_exps.weight,2048x4096x256,IQ4_XS,1140850688,routed experts,system RAM,26738688,26738688
inkling-small,Inkling-Small-UD-Q3_K_XL-00003-of-00004.gguf,blk.22.ffn_down_shexp.weight,2048x4096x2,Q8_0,17825792,shared experts and shared gate,GPU configured,0,17825792
inkling-small,Inkling-Small-UD-Q3_K_XL-00003-of-00004.gguf,blk.22.ffn_gate_exps.weight,4096x2048x256,IQ3_XXS,822083584,routed experts,system RAM,19267584,19267584
inkling-small,Inkling-Small-UD-Q3_K_XL-00003-of-00004.gguf,blk.22.ffn_gate_inp.weight,4096x258,F32,4227072,"routing, norms and other weights",GPU configured,0,4227072
inkling-small,Inkling-Small-UD-Q3_K_XL-00003-of-00004.gguf,blk.22.ffn_gate_shexp.weight,4096x2048x2,Q8_0,17825792,shared experts and shared gate,GPU configured,0,17825792
inkling-small,Inkling-Small-UD-Q3_K_XL-00003-of-00004.gguf,blk.22.ffn_gscale.weight,1,F32,4,"routing, norms and other weights",GPU configured,0,4
inkling-small,Inkling-Small-UD-Q3_K_XL-00003-of-00004.gguf,blk.22.ffn_norm.weight,4096,F32,16384,"routing, norms and other weights",GPU configured,0,16384
inkling-small,Inkling-Small-UD-Q3_K_XL-00003-of-00004.gguf,blk.22.ffn_up_exps.weight,4096x2048x256,IQ3_XXS,822083584,routed experts,system RAM,19267584,19267584
inkling-small,Inkling-Small-UD-Q3_K_XL-00003-of-00004.gguf,blk.22.ffn_up_shexp.weight,4096x2048x2,Q8_0,17825792,shared experts and shared gate,GPU configured,0,17825792
inkling-small,Inkling-Small-UD-Q3_K_XL-00003-of-00004.gguf,blk.22.shortconv_attn.weight,4x4096,F32,65536,attention and recurrent state weights,GPU configured,0,65536
inkling-small,Inkling-Small-UD-Q3_K_XL-00003-of-00004.gguf,blk.22.shortconv_k.weight,4x1024,F32,16384,attention and recurrent state weights,GPU configured,0,16384
inkling-small,Inkling-Small-UD-Q3_K_XL-00003-of-00004.gguf,blk.22.shortconv_mlp.weight,4x4096,F32,65536,attention and recurrent state weights,GPU configured,0,65536
inkling-small,Inkling-Small-UD-Q3_K_XL-00003-of-00004.gguf,blk.22.shortconv_v.weight,4x1024,F32,16384,attention and recurrent state weights,GPU configured,0,16384
inkling-small,Inkling-Small-UD-Q3_K_XL-00003-of-00004.gguf,blk.23.attn_k.weight,4096x1024,Q8_0,4456448,attention and recurrent state weights,GPU configured,0,4456448
inkling-small,Inkling-Small-UD-Q3_K_XL-00003-of-00004.gguf,blk.23.attn_k_norm.weight,128,F32,512,attention and recurrent state weights,GPU configured,0,512
inkling-small,Inkling-Small-UD-Q3_K_XL-00003-of-00004.gguf,blk.23.attn_norm.weight,4096,F32,16384,attention and recurrent state weights,GPU configured,0,16384
inkling-small,Inkling-Small-UD-Q3_K_XL-00003-of-00004.gguf,blk.23.attn_output.weight,4096x4096,Q8_0,17825792,attention and recurrent state weights,GPU configured,0,17825792
inkling-small,Inkling-Small-UD-Q3_K_XL-00003-of-00004.gguf,blk.23.attn_q.weight,4096x4096,Q8_0,17825792,attention and recurrent state weights,GPU configured,0,17825792
inkling-small,Inkling-Small-UD-Q3_K_XL-00003-of-00004.gguf,blk.23.attn_q_norm.weight,128,F32,512,attention and recurrent state weights,GPU configured,0,512
inkling-small,Inkling-Small-UD-Q3_K_XL-00003-of-00004.gguf,blk.23.attn_r.weight,4096x512,Q8_0,2228224,attention and recurrent state weights,GPU configured,0,2228224
inkling-small,Inkling-Small-UD-Q3_K_XL-00003-of-00004.gguf,blk.23.attn_rel_proj.weight,1024x16,F32,65536,attention and recurrent state weights,GPU configured,0,65536
inkling-small,Inkling-Small-UD-Q3_K_XL-00003-of-00004.gguf,blk.23.attn_v.weight,4096x1024,Q8_0,4456448,attention and recurrent state weights,GPU configured,0,4456448
inkling-small,Inkling-Small-UD-Q3_K_XL-00003-of-00004.gguf,blk.23.exp_probs_b.bias,256,F32,1024,"routing, norms and other weights",GPU configured,0,1024
inkling-small,Inkling-Small-UD-Q3_K_XL-00003-of-00004.gguf,blk.23.ffn_down_exps.weight,2048x4096x256,IQ4_XS,1140850688,routed experts,system RAM,26738688,26738688
inkling-small,Inkling-Small-UD-Q3_K_XL-00003-of-00004.gguf,blk.23.ffn_down_shexp.weight,2048x4096x2,Q8_0,17825792,shared experts and shared gate,GPU configured,0,17825792
inkling-small,Inkling-Small-UD-Q3_K_XL-00003-of-00004.gguf,blk.23.ffn_gate_exps.weight,4096x2048x256,IQ3_XXS,822083584,routed experts,system RAM,19267584,19267584
inkling-small,Inkling-Small-UD-Q3_K_XL-00003-of-00004.gguf,blk.23.ffn_gate_inp.weight,4096x258,F32,4227072,"routing, norms and other weights",GPU configured,0,4227072
inkling-small,Inkling-Small-UD-Q3_K_XL-00003-of-00004.gguf,blk.23.ffn_gate_shexp.weight,4096x2048x2,Q8_0,17825792,shared experts and shared gate,GPU configured,0,17825792
inkling-small,Inkling-Small-UD-Q3_K_XL-00003-of-00004.gguf,blk.23.ffn_gscale.weight,1,F32,4,"routing, norms and other weights",GPU configured,0,4
inkling-small,Inkling-Small-UD-Q3_K_XL-00003-of-00004.gguf,blk.23.ffn_norm.weight,4096,F32,16384,"routing, norms and other weights",GPU configured,0,16384
inkling-small,Inkling-Small-UD-Q3_K_XL-00003-of-00004.gguf,blk.23.ffn_up_exps.weight,4096x2048x256,IQ3_XXS,822083584,routed experts,system RAM,19267584,19267584
inkling-small,Inkling-Small-UD-Q3_K_XL-00003-of-00004.gguf,blk.23.ffn_up_shexp.weight,4096x2048x2,Q8_0,17825792,shared experts and shared gate,GPU configured,0,17825792
inkling-small,Inkling-Small-UD-Q3_K_XL-00003-of-00004.gguf,blk.23.shortconv_attn.weight,4x4096,F32,65536,attention and recurrent state weights,GPU configured,0,65536
inkling-small,Inkling-Small-UD-Q3_K_XL-00003-of-00004.gguf,blk.23.shortconv_k.weight,4x1024,F32,16384,attention and recurrent state weights,GPU configured,0,16384
inkling-small,Inkling-Small-UD-Q3_K_XL-00003-of-00004.gguf,blk.23.shortconv_mlp.weight,4x4096,F32,65536,attention and recurrent state weights,GPU configured,0,65536
inkling-small,Inkling-Small-UD-Q3_K_XL-00003-of-00004.gguf,blk.23.shortconv_v.weight,4x1024,F32,16384,attention and recurrent state weights,GPU configured,0,16384
inkling-small,Inkling-Small-UD-Q3_K_XL-00003-of-00004.gguf,blk.24.attn_k.weight,4096x1024,Q8_0,4456448,attention and recurrent state weights,GPU configured,0,4456448
inkling-small,Inkling-Small-UD-Q3_K_XL-00003-of-00004.gguf,blk.24.attn_k_norm.weight,128,F32,512,attention and recurrent state weights,GPU configured,0,512
inkling-small,Inkling-Small-UD-Q3_K_XL-00003-of-00004.gguf,blk.24.attn_norm.weight,4096,F32,16384,attention and recurrent state weights,GPU configured,0,16384
inkling-small,Inkling-Small-UD-Q3_K_XL-00003-of-00004.gguf,blk.24.attn_output.weight,4096x4096,Q8_0,17825792,attention and recurrent state weights,GPU configured,0,17825792
inkling-small,Inkling-Small-UD-Q3_K_XL-00003-of-00004.gguf,blk.24.attn_q.weight,4096x4096,Q8_0,17825792,attention and recurrent state weights,GPU configured,0,17825792
inkling-small,Inkling-Small-UD-Q3_K_XL-00003-of-00004.gguf,blk.24.attn_q_norm.weight,128,F32,512,attention and recurrent state weights,GPU configured,0,512
inkling-small,Inkling-Small-UD-Q3_K_XL-00003-of-00004.gguf,blk.24.attn_r.weight,4096x512,Q8_0,2228224,attention and recurrent state weights,GPU configured,0,2228224
inkling-small,Inkling-Small-UD-Q3_K_XL-00003-of-00004.gguf,blk.24.attn_rel_proj.weight,512x16,F32,32768,attention and recurrent state weights,GPU configured,0,32768
inkling-small,Inkling-Small-UD-Q3_K_XL-00003-of-00004.gguf,blk.24.attn_v.weight,4096x1024,Q8_0,4456448,attention and recurrent state weights,GPU configured,0,4456448
inkling-small,Inkling-Small-UD-Q3_K_XL-00003-of-00004.gguf,blk.24.exp_probs_b.bias,256,F32,1024,"routing, norms and other weights",GPU configured,0,1024
inkling-small,Inkling-Small-UD-Q3_K_XL-00003-of-00004.gguf,blk.24.ffn_down_exps.weight,2048x4096x256,IQ4_XS,1140850688,routed experts,system RAM,26738688,26738688
inkling-small,Inkling-Small-UD-Q3_K_XL-00003-of-00004.gguf,blk.24.ffn_down_shexp.weight,2048x4096x2,Q8_0,17825792,shared experts and shared gate,GPU configured,0,17825792
inkling-small,Inkling-Small-UD-Q3_K_XL-00003-of-00004.gguf,blk.24.ffn_gate_exps.weight,4096x2048x256,IQ3_XXS,822083584,routed experts,system RAM,19267584,19267584
inkling-small,Inkling-Small-UD-Q3_K_XL-00003-of-00004.gguf,blk.24.ffn_gate_inp.weight,4096x258,F32,4227072,"routing, norms and other weights",GPU configured,0,4227072
inkling-small,Inkling-Small-UD-Q3_K_XL-00003-of-00004.gguf,blk.24.ffn_gate_shexp.weight,4096x2048x2,Q8_0,17825792,shared experts and shared gate,GPU configured,0,17825792
inkling-small,Inkling-Small-UD-Q3_K_XL-00003-of-00004.gguf,blk.24.ffn_gscale.weight,1,F32,4,"routing, norms and other weights",GPU configured,0,4
inkling-small,Inkling-Small-UD-Q3_K_XL-00003-of-00004.gguf,blk.24.ffn_norm.weight,4096,F32,16384,"routing, norms and other weights",GPU configured,0,16384
inkling-small,Inkling-Small-UD-Q3_K_XL-00003-of-00004.gguf,blk.24.ffn_up_exps.weight,4096x2048x256,IQ3_XXS,822083584,routed experts,system RAM,19267584,19267584
inkling-small,Inkling-Small-UD-Q3_K_XL-00003-of-00004.gguf,blk.24.ffn_up_shexp.weight,4096x2048x2,Q8_0,17825792,shared experts and shared gate,GPU configured,0,17825792
inkling-small,Inkling-Small-UD-Q3_K_XL-00003-of-00004.gguf,blk.24.shortconv_attn.weight,4x4096,F32,65536,attention and recurrent state weights,GPU configured,0,65536
inkling-small,Inkling-Small-UD-Q3_K_XL-00003-of-00004.gguf,blk.24.shortconv_k.weight,4x1024,F32,16384,attention and recurrent state weights,GPU configured,0,16384
inkling-small,Inkling-Small-UD-Q3_K_XL-00003-of-00004.gguf,blk.24.shortconv_mlp.weight,4x4096,F32,65536,attention and recurrent state weights,GPU configured,0,65536
inkling-small,Inkling-Small-UD-Q3_K_XL-00003-of-00004.gguf,blk.24.shortconv_v.weight,4x1024,F32,16384,attention and recurrent state weights,GPU configured,0,16384
inkling-small,Inkling-Small-UD-Q3_K_XL-00003-of-00004.gguf,blk.25.attn_k.weight,4096x1024,Q8_0,4456448,attention and recurrent state weights,GPU configured,0,4456448
inkling-small,Inkling-Small-UD-Q3_K_XL-00003-of-00004.gguf,blk.25.attn_k_norm.weight,128,F32,512,attention and recurrent state weights,GPU configured,0,512
inkling-small,Inkling-Small-UD-Q3_K_XL-00003-of-00004.gguf,blk.25.attn_norm.weight,4096,F32,16384,attention and recurrent state weights,GPU configured,0,16384
inkling-small,Inkling-Small-UD-Q3_K_XL-00003-of-00004.gguf,blk.25.attn_output.weight,4096x4096,Q8_0,17825792,attention and recurrent state weights,GPU configured,0,17825792
inkling-small,Inkling-Small-UD-Q3_K_XL-00003-of-00004.gguf,blk.25.attn_q.weight,4096x4096,Q8_0,17825792,attention and recurrent state weights,GPU configured,0,17825792
inkling-small,Inkling-Small-UD-Q3_K_XL-00003-of-00004.gguf,blk.25.attn_q_norm.weight,128,F32,512,attention and recurrent state weights,GPU configured,0,512
inkling-small,Inkling-Small-UD-Q3_K_XL-00003-of-00004.gguf,blk.25.attn_r.weight,4096x512,Q8_0,2228224,attention and recurrent state weights,GPU configured,0,2228224
inkling-small,Inkling-Small-UD-Q3_K_XL-00003-of-00004.gguf,blk.25.attn_rel_proj.weight,512x16,F32,32768,attention and recurrent state weights,GPU configured,0,32768
inkling-small,Inkling-Small-UD-Q3_K_XL-00003-of-00004.gguf,blk.25.attn_v.weight,4096x1024,Q8_0,4456448,attention and recurrent state weights,GPU configured,0,4456448
inkling-small,Inkling-Small-UD-Q3_K_XL-00003-of-00004.gguf,blk.25.exp_probs_b.bias,256,F32,1024,"routing, norms and other weights",GPU configured,0,1024
inkling-small,Inkling-Small-UD-Q3_K_XL-00003-of-00004.gguf,blk.25.ffn_down_exps.weight,2048x4096x256,IQ4_XS,1140850688,routed experts,system RAM,26738688,26738688
inkling-small,Inkling-Small-UD-Q3_K_XL-00003-of-00004.gguf,blk.25.ffn_down_shexp.weight,2048x4096x2,Q8_0,17825792,shared experts and shared gate,GPU configured,0,17825792
inkling-small,Inkling-Small-UD-Q3_K_XL-00003-of-00004.gguf,blk.25.ffn_gate_exps.weight,4096x2048x256,IQ3_XXS,822083584,routed experts,system RAM,19267584,19267584
inkling-small,Inkling-Small-UD-Q3_K_XL-00003-of-00004.gguf,blk.25.ffn_gate_inp.weight,4096x258,F32,4227072,"routing, norms and other weights",GPU configured,0,4227072
inkling-small,Inkling-Small-UD-Q3_K_XL-00003-of-00004.gguf,blk.25.ffn_gate_shexp.weight,4096x2048x2,Q8_0,17825792,shared experts and shared gate,GPU configured,0,17825792
inkling-small,Inkling-Small-UD-Q3_K_XL-00003-of-00004.gguf,blk.25.ffn_gscale.weight,1,F32,4,"routing, norms and other weights",GPU configured,0,4
inkling-small,Inkling-Small-UD-Q3_K_XL-00003-of-00004.gguf,blk.25.ffn_norm.weight,4096,F32,16384,"routing, norms and other weights",GPU configured,0,16384
inkling-small,Inkling-Small-UD-Q3_K_XL-00003-of-00004.gguf,blk.25.ffn_up_exps.weight,4096x2048x256,IQ3_XXS,822083584,routed experts,system RAM,19267584,19267584
inkling-small,Inkling-Small-UD-Q3_K_XL-00003-of-00004.gguf,blk.25.ffn_up_shexp.weight,4096x2048x2,Q8_0,17825792,shared experts and shared gate,GPU configured,0,17825792
inkling-small,Inkling-Small-UD-Q3_K_XL-00003-of-00004.gguf,blk.25.shortconv_attn.weight,4x4096,F32,65536,attention and recurrent state weights,GPU configured,0,65536
inkling-small,Inkling-Small-UD-Q3_K_XL-00003-of-00004.gguf,blk.25.shortconv_k.weight,4x1024,F32,16384,attention and recurrent state weights,GPU configured,0,16384
inkling-small,Inkling-Small-UD-Q3_K_XL-00003-of-00004.gguf,blk.25.shortconv_mlp.weight,4x4096,F32,65536,attention and recurrent state weights,GPU configured,0,65536
inkling-small,Inkling-Small-UD-Q3_K_XL-00003-of-00004.gguf,blk.25.shortconv_v.weight,4x1024,F32,16384,attention and recurrent state weights,GPU configured,0,16384
inkling-small,Inkling-Small-UD-Q3_K_XL-00003-of-00004.gguf,blk.26.attn_k.weight,4096x1024,Q8_0,4456448,attention and recurrent state weights,GPU configured,0,4456448
inkling-small,Inkling-Small-UD-Q3_K_XL-00003-of-00004.gguf,blk.26.attn_k_norm.weight,128,F32,512,attention and recurrent state weights,GPU configured,0,512
inkling-small,Inkling-Small-UD-Q3_K_XL-00003-of-00004.gguf,blk.26.attn_norm.weight,4096,F32,16384,attention and recurrent state weights,GPU configured,0,16384
inkling-small,Inkling-Small-UD-Q3_K_XL-00003-of-00004.gguf,blk.26.attn_output.weight,4096x4096,Q8_0,17825792,attention and recurrent state weights,GPU configured,0,17825792
inkling-small,Inkling-Small-UD-Q3_K_XL-00003-of-00004.gguf,blk.26.attn_q.weight,4096x4096,Q8_0,17825792,attention and recurrent state weights,GPU configured,0,17825792
inkling-small,Inkling-Small-UD-Q3_K_XL-00003-of-00004.gguf,blk.26.attn_q_norm.weight,128,F32,512,attention and recurrent state weights,GPU configured,0,512
inkling-small,Inkling-Small-UD-Q3_K_XL-00003-of-00004.gguf,blk.26.attn_r.weight,4096x512,Q8_0,2228224,attention and recurrent state weights,GPU configured,0,2228224
inkling-small,Inkling-Small-UD-Q3_K_XL-00003-of-00004.gguf,blk.26.attn_rel_proj.weight,512x16,F32,32768,attention and recurrent state weights,GPU configured,0,32768
inkling-small,Inkling-Small-UD-Q3_K_XL-00003-of-00004.gguf,blk.26.attn_v.weight,4096x1024,Q8_0,4456448,attention and recurrent state weights,GPU configured,0,4456448
inkling-small,Inkling-Small-UD-Q3_K_XL-00003-of-00004.gguf,blk.26.exp_probs_b.bias,256,F32,1024,"routing, norms and other weights",GPU configured,0,1024
inkling-small,Inkling-Small-UD-Q3_K_XL-00003-of-00004.gguf,blk.26.ffn_down_exps.weight,2048x4096x256,IQ4_XS,1140850688,routed experts,system RAM,26738688,26738688
inkling-small,Inkling-Small-UD-Q3_K_XL-00003-of-00004.gguf,blk.26.ffn_down_shexp.weight,2048x4096x2,Q8_0,17825792,shared experts and shared gate,GPU configured,0,17825792
inkling-small,Inkling-Small-UD-Q3_K_XL-00003-of-00004.gguf,blk.26.ffn_gate_exps.weight,4096x2048x256,IQ3_XXS,822083584,routed experts,system RAM,19267584,19267584
inkling-small,Inkling-Small-UD-Q3_K_XL-00003-of-00004.gguf,blk.26.ffn_gate_inp.weight,4096x258,F32,4227072,"routing, norms and other weights",GPU configured,0,4227072
inkling-small,Inkling-Small-UD-Q3_K_XL-00003-of-00004.gguf,blk.26.ffn_gate_shexp.weight,4096x2048x2,Q8_0,17825792,shared experts and shared gate,GPU configured,0,17825792
inkling-small,Inkling-Small-UD-Q3_K_XL-00003-of-00004.gguf,blk.26.ffn_gscale.weight,1,F32,4,"routing, norms and other weights",GPU configured,0,4
inkling-small,Inkling-Small-UD-Q3_K_XL-00003-of-00004.gguf,blk.26.ffn_norm.weight,4096,F32,16384,"routing, norms and other weights",GPU configured,0,16384
inkling-small,Inkling-Small-UD-Q3_K_XL-00003-of-00004.gguf,blk.26.ffn_up_exps.weight,4096x2048x256,IQ3_XXS,822083584,routed experts,system RAM,19267584,19267584
inkling-small,Inkling-Small-UD-Q3_K_XL-00003-of-00004.gguf,blk.26.ffn_up_shexp.weight,4096x2048x2,Q8_0,17825792,shared experts and shared gate,GPU configured,0,17825792
inkling-small,Inkling-Small-UD-Q3_K_XL-00003-of-00004.gguf,blk.26.shortconv_attn.weight,4x4096,F32,65536,attention and recurrent state weights,GPU configured,0,65536
inkling-small,Inkling-Small-UD-Q3_K_XL-00003-of-00004.gguf,blk.26.shortconv_k.weight,4x1024,F32,16384,attention and recurrent state weights,GPU configured,0,16384
inkling-small,Inkling-Small-UD-Q3_K_XL-00003-of-00004.gguf,blk.26.shortconv_mlp.weight,4x4096,F32,65536,attention and recurrent state weights,GPU configured,0,65536
inkling-small,Inkling-Small-UD-Q3_K_XL-00003-of-00004.gguf,blk.26.shortconv_v.weight,4x1024,F32,16384,attention and recurrent state weights,GPU configured,0,16384
inkling-small,Inkling-Small-UD-Q3_K_XL-00003-of-00004.gguf,blk.27.attn_k.weight,4096x1024,Q8_0,4456448,attention and recurrent state weights,GPU configured,0,4456448
inkling-small,Inkling-Small-UD-Q3_K_XL-00003-of-00004.gguf,blk.27.attn_k_norm.weight,128,F32,512,attention and recurrent state weights,GPU configured,0,512
inkling-small,Inkling-Small-UD-Q3_K_XL-00003-of-00004.gguf,blk.27.attn_norm.weight,4096,F32,16384,attention and recurrent state weights,GPU configured,0,16384
inkling-small,Inkling-Small-UD-Q3_K_XL-00003-of-00004.gguf,blk.27.attn_output.weight,4096x4096,Q8_0,17825792,attention and recurrent state weights,GPU configured,0,17825792
inkling-small,Inkling-Small-UD-Q3_K_XL-00003-of-00004.gguf,blk.27.attn_q.weight,4096x4096,Q8_0,17825792,attention and recurrent state weights,GPU configured,0,17825792
inkling-small,Inkling-Small-UD-Q3_K_XL-00003-of-00004.gguf,blk.27.attn_q_norm.weight,128,F32,512,attention and recurrent state weights,GPU configured,0,512
inkling-small,Inkling-Small-UD-Q3_K_XL-00003-of-00004.gguf,blk.27.attn_r.weight,4096x512,Q8_0,2228224,attention and recurrent state weights,GPU configured,0,2228224
inkling-small,Inkling-Small-UD-Q3_K_XL-00003-of-00004.gguf,blk.27.attn_rel_proj.weight,512x16,F32,32768,attention and recurrent state weights,GPU configured,0,32768
inkling-small,Inkling-Small-UD-Q3_K_XL-00003-of-00004.gguf,blk.27.attn_v.weight,4096x1024,Q8_0,4456448,attention and recurrent state weights,GPU configured,0,4456448
inkling-small,Inkling-Small-UD-Q3_K_XL-00003-of-00004.gguf,blk.27.exp_probs_b.bias,256,F32,1024,"routing, norms and other weights",GPU configured,0,1024
inkling-small,Inkling-Small-UD-Q3_K_XL-00003-of-00004.gguf,blk.27.ffn_down_exps.weight,2048x4096x256,IQ4_XS,1140850688,routed experts,system RAM,26738688,26738688
inkling-small,Inkling-Small-UD-Q3_K_XL-00003-of-00004.gguf,blk.27.ffn_down_shexp.weight,2048x4096x2,Q8_0,17825792,shared experts and shared gate,GPU configured,0,17825792
inkling-small,Inkling-Small-UD-Q3_K_XL-00003-of-00004.gguf,blk.27.ffn_gate_exps.weight,4096x2048x256,IQ3_XXS,822083584,routed experts,system RAM,19267584,19267584
inkling-small,Inkling-Small-UD-Q3_K_XL-00003-of-00004.gguf,blk.27.ffn_gate_inp.weight,4096x258,F32,4227072,"routing, norms and other weights",GPU configured,0,4227072
inkling-small,Inkling-Small-UD-Q3_K_XL-00003-of-00004.gguf,blk.27.ffn_gate_shexp.weight,4096x2048x2,Q8_0,17825792,shared experts and shared gate,GPU configured,0,17825792
inkling-small,Inkling-Small-UD-Q3_K_XL-00003-of-00004.gguf,blk.27.ffn_gscale.weight,1,F32,4,"routing, norms and other weights",GPU configured,0,4
inkling-small,Inkling-Small-UD-Q3_K_XL-00003-of-00004.gguf,blk.27.ffn_norm.weight,4096,F32,16384,"routing, norms and other weights",GPU configured,0,16384
inkling-small,Inkling-Small-UD-Q3_K_XL-00003-of-00004.gguf,blk.27.ffn_up_exps.weight,4096x2048x256,IQ3_XXS,822083584,routed experts,system RAM,19267584,19267584
inkling-small,Inkling-Small-UD-Q3_K_XL-00003-of-00004.gguf,blk.27.ffn_up_shexp.weight,4096x2048x2,Q8_0,17825792,shared experts and shared gate,GPU configured,0,17825792
inkling-small,Inkling-Small-UD-Q3_K_XL-00003-of-00004.gguf,blk.27.shortconv_attn.weight,4x4096,F32,65536,attention and recurrent state weights,GPU configured,0,65536
inkling-small,Inkling-Small-UD-Q3_K_XL-00003-of-00004.gguf,blk.27.shortconv_k.weight,4x1024,F32,16384,attention and recurrent state weights,GPU configured,0,16384
inkling-small,Inkling-Small-UD-Q3_K_XL-00003-of-00004.gguf,blk.27.shortconv_mlp.weight,4x4096,F32,65536,attention and recurrent state weights,GPU configured,0,65536
inkling-small,Inkling-Small-UD-Q3_K_XL-00003-of-00004.gguf,blk.27.shortconv_v.weight,4x1024,F32,16384,attention and recurrent state weights,GPU configured,0,16384
inkling-small,Inkling-Small-UD-Q3_K_XL-00003-of-00004.gguf,blk.28.attn_k.weight,4096x1024,Q8_0,4456448,attention and recurrent state weights,GPU configured,0,4456448
inkling-small,Inkling-Small-UD-Q3_K_XL-00003-of-00004.gguf,blk.28.attn_k_norm.weight,128,F32,512,attention and recurrent state weights,GPU configured,0,512
inkling-small,Inkling-Small-UD-Q3_K_XL-00003-of-00004.gguf,blk.28.attn_norm.weight,4096,F32,16384,attention and recurrent state weights,GPU configured,0,16384
inkling-small,Inkling-Small-UD-Q3_K_XL-00003-of-00004.gguf,blk.28.attn_output.weight,4096x4096,Q8_0,17825792,attention and recurrent state weights,GPU configured,0,17825792
inkling-small,Inkling-Small-UD-Q3_K_XL-00003-of-00004.gguf,blk.28.attn_q.weight,4096x4096,Q8_0,17825792,attention and recurrent state weights,GPU configured,0,17825792
inkling-small,Inkling-Small-UD-Q3_K_XL-00003-of-00004.gguf,blk.28.attn_q_norm.weight,128,F32,512,attention and recurrent state weights,GPU configured,0,512
inkling-small,Inkling-Small-UD-Q3_K_XL-00003-of-00004.gguf,blk.28.attn_r.weight,4096x512,Q8_0,2228224,attention and recurrent state weights,GPU configured,0,2228224
inkling-small,Inkling-Small-UD-Q3_K_XL-00003-of-00004.gguf,blk.28.attn_rel_proj.weight,512x16,F32,32768,attention and recurrent state weights,GPU configured,0,32768
inkling-small,Inkling-Small-UD-Q3_K_XL-00003-of-00004.gguf,blk.28.attn_v.weight,4096x1024,Q8_0,4456448,attention and recurrent state weights,GPU configured,0,4456448
inkling-small,Inkling-Small-UD-Q3_K_XL-00003-of-00004.gguf,blk.28.exp_probs_b.bias,256,F32,1024,"routing, norms and other weights",GPU configured,0,1024
inkling-small,Inkling-Small-UD-Q3_K_XL-00003-of-00004.gguf,blk.28.ffn_down_exps.weight,2048x4096x256,IQ4_XS,1140850688,routed experts,system RAM,26738688,26738688
inkling-small,Inkling-Small-UD-Q3_K_XL-00003-of-00004.gguf,blk.28.ffn_down_shexp.weight,2048x4096x2,Q8_0,17825792,shared experts and shared gate,GPU configured,0,17825792
inkling-small,Inkling-Small-UD-Q3_K_XL-00003-of-00004.gguf,blk.28.ffn_gate_exps.weight,4096x2048x256,IQ3_XXS,822083584,routed experts,system RAM,19267584,19267584
inkling-small,Inkling-Small-UD-Q3_K_XL-00003-of-00004.gguf,blk.28.ffn_gate_inp.weight,4096x258,F32,4227072,"routing, norms and other weights",GPU configured,0,4227072
inkling-small,Inkling-Small-UD-Q3_K_XL-00003-of-00004.gguf,blk.28.ffn_gate_shexp.weight,4096x2048x2,Q8_0,17825792,shared experts and shared gate,GPU configured,0,17825792
inkling-small,Inkling-Small-UD-Q3_K_XL-00003-of-00004.gguf,blk.28.ffn_gscale.weight,1,F32,4,"routing, norms and other weights",GPU configured,0,4
inkling-small,Inkling-Small-UD-Q3_K_XL-00003-of-00004.gguf,blk.28.ffn_norm.weight,4096,F32,16384,"routing, norms and other weights",GPU configured,0,16384
inkling-small,Inkling-Small-UD-Q3_K_XL-00003-of-00004.gguf,blk.28.ffn_up_exps.weight,4096x2048x256,IQ3_XXS,822083584,routed experts,system RAM,19267584,19267584
inkling-small,Inkling-Small-UD-Q3_K_XL-00003-of-00004.gguf,blk.28.ffn_up_shexp.weight,4096x2048x2,Q8_0,17825792,shared experts and shared gate,GPU configured,0,17825792
inkling-small,Inkling-Small-UD-Q3_K_XL-00003-of-00004.gguf,blk.28.shortconv_attn.weight,4x4096,F32,65536,attention and recurrent state weights,GPU configured,0,65536
inkling-small,Inkling-Small-UD-Q3_K_XL-00003-of-00004.gguf,blk.28.shortconv_k.weight,4x1024,F32,16384,attention and recurrent state weights,GPU configured,0,16384
inkling-small,Inkling-Small-UD-Q3_K_XL-00003-of-00004.gguf,blk.28.shortconv_mlp.weight,4x4096,F32,65536,attention and recurrent state weights,GPU configured,0,65536
inkling-small,Inkling-Small-UD-Q3_K_XL-00003-of-00004.gguf,blk.28.shortconv_v.weight,4x1024,F32,16384,attention and recurrent state weights,GPU configured,0,16384
inkling-small,Inkling-Small-UD-Q3_K_XL-00003-of-00004.gguf,blk.29.attn_k.weight,4096x1024,Q8_0,4456448,attention and recurrent state weights,GPU configured,0,4456448
inkling-small,Inkling-Small-UD-Q3_K_XL-00003-of-00004.gguf,blk.29.attn_k_norm.weight,128,F32,512,attention and recurrent state weights,GPU configured,0,512
inkling-small,Inkling-Small-UD-Q3_K_XL-00003-of-00004.gguf,blk.29.attn_norm.weight,4096,F32,16384,attention and recurrent state weights,GPU configured,0,16384
inkling-small,Inkling-Small-UD-Q3_K_XL-00003-of-00004.gguf,blk.29.attn_output.weight,4096x4096,Q8_0,17825792,attention and recurrent state weights,GPU configured,0,17825792
inkling-small,Inkling-Small-UD-Q3_K_XL-00003-of-00004.gguf,blk.29.attn_q.weight,4096x4096,Q8_0,17825792,attention and recurrent state weights,GPU configured,0,17825792
inkling-small,Inkling-Small-UD-Q3_K_XL-00003-of-00004.gguf,blk.29.attn_q_norm.weight,128,F32,512,attention and recurrent state weights,GPU configured,0,512
inkling-small,Inkling-Small-UD-Q3_K_XL-00003-of-00004.gguf,blk.29.attn_r.weight,4096x512,Q8_0,2228224,attention and recurrent state weights,GPU configured,0,2228224
inkling-small,Inkling-Small-UD-Q3_K_XL-00003-of-00004.gguf,blk.29.attn_rel_proj.weight,1024x16,F32,65536,attention and recurrent state weights,GPU configured,0,65536
inkling-small,Inkling-Small-UD-Q3_K_XL-00003-of-00004.gguf,blk.29.attn_v.weight,4096x1024,Q8_0,4456448,attention and recurrent state weights,GPU configured,0,4456448
inkling-small,Inkling-Small-UD-Q3_K_XL-00003-of-00004.gguf,blk.29.exp_probs_b.bias,256,F32,1024,"routing, norms and other weights",GPU configured,0,1024
inkling-small,Inkling-Small-UD-Q3_K_XL-00003-of-00004.gguf,blk.29.ffn_down_exps.weight,2048x4096x256,IQ4_XS,1140850688,routed experts,system RAM,26738688,26738688
inkling-small,Inkling-Small-UD-Q3_K_XL-00003-of-00004.gguf,blk.29.ffn_down_shexp.weight,2048x4096x2,Q8_0,17825792,shared experts and shared gate,GPU configured,0,17825792
inkling-small,Inkling-Small-UD-Q3_K_XL-00003-of-00004.gguf,blk.29.ffn_gate_exps.weight,4096x2048x256,IQ3_XXS,822083584,routed experts,system RAM,19267584,19267584
inkling-small,Inkling-Small-UD-Q3_K_XL-00003-of-00004.gguf,blk.29.ffn_gate_inp.weight,4096x258,F32,4227072,"routing, norms and other weights",GPU configured,0,4227072
inkling-small,Inkling-Small-UD-Q3_K_XL-00003-of-00004.gguf,blk.29.ffn_gate_shexp.weight,4096x2048x2,Q8_0,17825792,shared experts and shared gate,GPU configured,0,17825792
inkling-small,Inkling-Small-UD-Q3_K_XL-00003-of-00004.gguf,blk.29.ffn_gscale.weight,1,F32,4,"routing, norms and other weights",GPU configured,0,4
inkling-small,Inkling-Small-UD-Q3_K_XL-00003-of-00004.gguf,blk.29.ffn_norm.weight,4096,F32,16384,"routing, norms and other weights",GPU configured,0,16384
inkling-small,Inkling-Small-UD-Q3_K_XL-00003-of-00004.gguf,blk.29.ffn_up_exps.weight,4096x2048x256,IQ3_XXS,822083584,routed experts,system RAM,19267584,19267584
inkling-small,Inkling-Small-UD-Q3_K_XL-00003-of-00004.gguf,blk.29.ffn_up_shexp.weight,4096x2048x2,Q8_0,17825792,shared experts and shared gate,GPU configured,0,17825792
inkling-small,Inkling-Small-UD-Q3_K_XL-00003-of-00004.gguf,blk.29.shortconv_attn.weight,4x4096,F32,65536,attention and recurrent state weights,GPU configured,0,65536
inkling-small,Inkling-Small-UD-Q3_K_XL-00003-of-00004.gguf,blk.29.shortconv_k.weight,4x1024,F32,16384,attention and recurrent state weights,GPU configured,0,16384
inkling-small,Inkling-Small-UD-Q3_K_XL-00003-of-00004.gguf,blk.29.shortconv_mlp.weight,4x4096,F32,65536,attention and recurrent state weights,GPU configured,0,65536
inkling-small,Inkling-Small-UD-Q3_K_XL-00003-of-00004.gguf,blk.29.shortconv_v.weight,4x1024,F32,16384,attention and recurrent state weights,GPU configured,0,16384
inkling-small,Inkling-Small-UD-Q3_K_XL-00003-of-00004.gguf,blk.30.attn_k.weight,4096x1024,Q8_0,4456448,attention and recurrent state weights,GPU configured,0,4456448
inkling-small,Inkling-Small-UD-Q3_K_XL-00003-of-00004.gguf,blk.30.attn_k_norm.weight,128,F32,512,attention and recurrent state weights,GPU configured,0,512
inkling-small,Inkling-Small-UD-Q3_K_XL-00003-of-00004.gguf,blk.30.attn_norm.weight,4096,F32,16384,attention and recurrent state weights,GPU configured,0,16384
inkling-small,Inkling-Small-UD-Q3_K_XL-00003-of-00004.gguf,blk.30.attn_output.weight,4096x4096,Q8_0,17825792,attention and recurrent state weights,GPU configured,0,17825792
inkling-small,Inkling-Small-UD-Q3_K_XL-00003-of-00004.gguf,blk.30.attn_q.weight,4096x4096,Q8_0,17825792,attention and recurrent state weights,GPU configured,0,17825792
inkling-small,Inkling-Small-UD-Q3_K_XL-00003-of-00004.gguf,blk.30.attn_q_norm.weight,128,F32,512,attention and recurrent state weights,GPU configured,0,512
inkling-small,Inkling-Small-UD-Q3_K_XL-00003-of-00004.gguf,blk.30.attn_r.weight,4096x512,Q8_0,2228224,attention and recurrent state weights,GPU configured,0,2228224
inkling-small,Inkling-Small-UD-Q3_K_XL-00003-of-00004.gguf,blk.30.attn_rel_proj.weight,512x16,F32,32768,attention and recurrent state weights,GPU configured,0,32768
inkling-small,Inkling-Small-UD-Q3_K_XL-00003-of-00004.gguf,blk.30.attn_v.weight,4096x1024,Q8_0,4456448,attention and recurrent state weights,GPU configured,0,4456448
inkling-small,Inkling-Small-UD-Q3_K_XL-00003-of-00004.gguf,blk.30.exp_probs_b.bias,256,F32,1024,"routing, norms and other weights",GPU configured,0,1024
inkling-small,Inkling-Small-UD-Q3_K_XL-00003-of-00004.gguf,blk.30.ffn_down_exps.weight,2048x4096x256,IQ4_XS,1140850688,routed experts,system RAM,26738688,26738688
inkling-small,Inkling-Small-UD-Q3_K_XL-00003-of-00004.gguf,blk.30.ffn_down_shexp.weight,2048x4096x2,Q8_0,17825792,shared experts and shared gate,GPU configured,0,17825792
inkling-small,Inkling-Small-UD-Q3_K_XL-00003-of-00004.gguf,blk.30.ffn_gate_exps.weight,4096x2048x256,IQ3_XXS,822083584,routed experts,system RAM,19267584,19267584
inkling-small,Inkling-Small-UD-Q3_K_XL-00003-of-00004.gguf,blk.30.ffn_gate_inp.weight,4096x258,F32,4227072,"routing, norms and other weights",GPU configured,0,4227072
inkling-small,Inkling-Small-UD-Q3_K_XL-00003-of-00004.gguf,blk.30.ffn_gate_shexp.weight,4096x2048x2,Q8_0,17825792,shared experts and shared gate,GPU configured,0,17825792
inkling-small,Inkling-Small-UD-Q3_K_XL-00003-of-00004.gguf,blk.30.ffn_gscale.weight,1,F32,4,"routing, norms and other weights",GPU configured,0,4
inkling-small,Inkling-Small-UD-Q3_K_XL-00003-of-00004.gguf,blk.30.ffn_norm.weight,4096,F32,16384,"routing, norms and other weights",GPU configured,0,16384
inkling-small,Inkling-Small-UD-Q3_K_XL-00003-of-00004.gguf,blk.30.ffn_up_exps.weight,4096x2048x256,IQ3_XXS,822083584,routed experts,system RAM,19267584,19267584
inkling-small,Inkling-Small-UD-Q3_K_XL-00003-of-00004.gguf,blk.30.ffn_up_shexp.weight,4096x2048x2,Q8_0,17825792,shared experts and shared gate,GPU configured,0,17825792
inkling-small,Inkling-Small-UD-Q3_K_XL-00003-of-00004.gguf,blk.30.shortconv_attn.weight,4x4096,F32,65536,attention and recurrent state weights,GPU configured,0,65536
inkling-small,Inkling-Small-UD-Q3_K_XL-00003-of-00004.gguf,blk.30.shortconv_k.weight,4x1024,F32,16384,attention and recurrent state weights,GPU configured,0,16384
inkling-small,Inkling-Small-UD-Q3_K_XL-00003-of-00004.gguf,blk.30.shortconv_mlp.weight,4x4096,F32,65536,attention and recurrent state weights,GPU configured,0,65536
inkling-small,Inkling-Small-UD-Q3_K_XL-00003-of-00004.gguf,blk.30.shortconv_v.weight,4x1024,F32,16384,attention and recurrent state weights,GPU configured,0,16384
inkling-small,Inkling-Small-UD-Q3_K_XL-00003-of-00004.gguf,blk.31.attn_k.weight,4096x1024,Q8_0,4456448,attention and recurrent state weights,GPU configured,0,4456448
inkling-small,Inkling-Small-UD-Q3_K_XL-00003-of-00004.gguf,blk.31.attn_k_norm.weight,128,F32,512,attention and recurrent state weights,GPU configured,0,512
inkling-small,Inkling-Small-UD-Q3_K_XL-00003-of-00004.gguf,blk.31.attn_norm.weight,4096,F32,16384,attention and recurrent state weights,GPU configured,0,16384
inkling-small,Inkling-Small-UD-Q3_K_XL-00003-of-00004.gguf,blk.31.attn_output.weight,4096x4096,Q8_0,17825792,attention and recurrent state weights,GPU configured,0,17825792
inkling-small,Inkling-Small-UD-Q3_K_XL-00003-of-00004.gguf,blk.31.attn_q.weight,4096x4096,Q8_0,17825792,attention and recurrent state weights,GPU configured,0,17825792
inkling-small,Inkling-Small-UD-Q3_K_XL-00003-of-00004.gguf,blk.31.attn_q_norm.weight,128,F32,512,attention and recurrent state weights,GPU configured,0,512
inkling-small,Inkling-Small-UD-Q3_K_XL-00003-of-00004.gguf,blk.31.attn_r.weight,4096x512,Q8_0,2228224,attention and recurrent state weights,GPU configured,0,2228224
inkling-small,Inkling-Small-UD-Q3_K_XL-00003-of-00004.gguf,blk.31.attn_rel_proj.weight,512x16,F32,32768,attention and recurrent state weights,GPU configured,0,32768
inkling-small,Inkling-Small-UD-Q3_K_XL-00003-of-00004.gguf,blk.31.attn_v.weight,4096x1024,Q8_0,4456448,attention and recurrent state weights,GPU configured,0,4456448
inkling-small,Inkling-Small-UD-Q3_K_XL-00003-of-00004.gguf,blk.31.exp_probs_b.bias,256,F32,1024,"routing, norms and other weights",GPU configured,0,1024
inkling-small,Inkling-Small-UD-Q3_K_XL-00003-of-00004.gguf,blk.31.ffn_down_exps.weight,2048x4096x256,IQ4_XS,1140850688,routed experts,system RAM,26738688,26738688
inkling-small,Inkling-Small-UD-Q3_K_XL-00003-of-00004.gguf,blk.31.ffn_down_shexp.weight,2048x4096x2,Q8_0,17825792,shared experts and shared gate,GPU configured,0,17825792
inkling-small,Inkling-Small-UD-Q3_K_XL-00003-of-00004.gguf,blk.31.ffn_gate_exps.weight,4096x2048x256,IQ3_XXS,822083584,routed experts,system RAM,19267584,19267584
inkling-small,Inkling-Small-UD-Q3_K_XL-00003-of-00004.gguf,blk.31.ffn_gate_inp.weight,4096x258,F32,4227072,"routing, norms and other weights",GPU configured,0,4227072
inkling-small,Inkling-Small-UD-Q3_K_XL-00003-of-00004.gguf,blk.31.ffn_gate_shexp.weight,4096x2048x2,Q8_0,17825792,shared experts and shared gate,GPU configured,0,17825792
inkling-small,Inkling-Small-UD-Q3_K_XL-00003-of-00004.gguf,blk.31.ffn_gscale.weight,1,F32,4,"routing, norms and other weights",GPU configured,0,4
inkling-small,Inkling-Small-UD-Q3_K_XL-00003-of-00004.gguf,blk.31.ffn_norm.weight,4096,F32,16384,"routing, norms and other weights",GPU configured,0,16384
inkling-small,Inkling-Small-UD-Q3_K_XL-00003-of-00004.gguf,blk.31.ffn_up_exps.weight,4096x2048x256,IQ3_XXS,822083584,routed experts,system RAM,19267584,19267584
inkling-small,Inkling-Small-UD-Q3_K_XL-00003-of-00004.gguf,blk.31.ffn_up_shexp.weight,4096x2048x2,Q8_0,17825792,shared experts and shared gate,GPU configured,0,17825792
inkling-small,Inkling-Small-UD-Q3_K_XL-00003-of-00004.gguf,blk.31.shortconv_attn.weight,4x4096,F32,65536,attention and recurrent state weights,GPU configured,0,65536
inkling-small,Inkling-Small-UD-Q3_K_XL-00003-of-00004.gguf,blk.31.shortconv_k.weight,4x1024,F32,16384,attention and recurrent state weights,GPU configured,0,16384
inkling-small,Inkling-Small-UD-Q3_K_XL-00003-of-00004.gguf,blk.31.shortconv_mlp.weight,4x4096,F32,65536,attention and recurrent state weights,GPU configured,0,65536
inkling-small,Inkling-Small-UD-Q3_K_XL-00003-of-00004.gguf,blk.31.shortconv_v.weight,4x1024,F32,16384,attention and recurrent state weights,GPU configured,0,16384
inkling-small,Inkling-Small-UD-Q3_K_XL-00003-of-00004.gguf,blk.32.attn_k.weight,4096x1024,Q8_0,4456448,attention and recurrent state weights,GPU configured,0,4456448
inkling-small,Inkling-Small-UD-Q3_K_XL-00003-of-00004.gguf,blk.32.attn_k_norm.weight,128,F32,512,attention and recurrent state weights,GPU configured,0,512
inkling-small,Inkling-Small-UD-Q3_K_XL-00003-of-00004.gguf,blk.32.attn_norm.weight,4096,F32,16384,attention and recurrent state weights,GPU configured,0,16384
inkling-small,Inkling-Small-UD-Q3_K_XL-00003-of-00004.gguf,blk.32.attn_output.weight,4096x4096,Q8_0,17825792,attention and recurrent state weights,GPU configured,0,17825792
inkling-small,Inkling-Small-UD-Q3_K_XL-00003-of-00004.gguf,blk.32.attn_q.weight,4096x4096,Q8_0,17825792,attention and recurrent state weights,GPU configured,0,17825792
inkling-small,Inkling-Small-UD-Q3_K_XL-00003-of-00004.gguf,blk.32.attn_q_norm.weight,128,F32,512,attention and recurrent state weights,GPU configured,0,512
inkling-small,Inkling-Small-UD-Q3_K_XL-00003-of-00004.gguf,blk.32.attn_r.weight,4096x512,Q8_0,2228224,attention and recurrent state weights,GPU configured,0,2228224
inkling-small,Inkling-Small-UD-Q3_K_XL-00003-of-00004.gguf,blk.32.attn_rel_proj.weight,512x16,F32,32768,attention and recurrent state weights,GPU configured,0,32768
inkling-small,Inkling-Small-UD-Q3_K_XL-00003-of-00004.gguf,blk.32.attn_v.weight,4096x1024,Q8_0,4456448,attention and recurrent state weights,GPU configured,0,4456448
inkling-small,Inkling-Small-UD-Q3_K_XL-00003-of-00004.gguf,blk.32.exp_probs_b.bias,256,F32,1024,"routing, norms and other weights",GPU configured,0,1024
inkling-small,Inkling-Small-UD-Q3_K_XL-00003-of-00004.gguf,blk.32.ffn_down_exps.weight,2048x4096x256,IQ4_XS,1140850688,routed experts,system RAM,26738688,26738688
inkling-small,Inkling-Small-UD-Q3_K_XL-00003-of-00004.gguf,blk.32.ffn_down_shexp.weight,2048x4096x2,Q8_0,17825792,shared experts and shared gate,GPU configured,0,17825792
inkling-small,Inkling-Small-UD-Q3_K_XL-00003-of-00004.gguf,blk.32.ffn_gate_exps.weight,4096x2048x256,IQ3_XXS,822083584,routed experts,system RAM,19267584,19267584
inkling-small,Inkling-Small-UD-Q3_K_XL-00003-of-00004.gguf,blk.32.ffn_gate_inp.weight,4096x258,F32,4227072,"routing, norms and other weights",GPU configured,0,4227072
inkling-small,Inkling-Small-UD-Q3_K_XL-00003-of-00004.gguf,blk.32.ffn_gate_shexp.weight,4096x2048x2,Q8_0,17825792,shared experts and shared gate,GPU configured,0,17825792
inkling-small,Inkling-Small-UD-Q3_K_XL-00003-of-00004.gguf,blk.32.ffn_gscale.weight,1,F32,4,"routing, norms and other weights",GPU configured,0,4
inkling-small,Inkling-Small-UD-Q3_K_XL-00003-of-00004.gguf,blk.32.ffn_norm.weight,4096,F32,16384,"routing, norms and other weights",GPU configured,0,16384
inkling-small,Inkling-Small-UD-Q3_K_XL-00003-of-00004.gguf,blk.32.ffn_up_exps.weight,4096x2048x256,IQ3_XXS,822083584,routed experts,system RAM,19267584,19267584
inkling-small,Inkling-Small-UD-Q3_K_XL-00003-of-00004.gguf,blk.32.ffn_up_shexp.weight,4096x2048x2,Q8_0,17825792,shared experts and shared gate,GPU configured,0,17825792
inkling-small,Inkling-Small-UD-Q3_K_XL-00003-of-00004.gguf,blk.32.shortconv_attn.weight,4x4096,F32,65536,attention and recurrent state weights,GPU configured,0,65536
inkling-small,Inkling-Small-UD-Q3_K_XL-00003-of-00004.gguf,blk.32.shortconv_k.weight,4x1024,F32,16384,attention and recurrent state weights,GPU configured,0,16384
inkling-small,Inkling-Small-UD-Q3_K_XL-00003-of-00004.gguf,blk.32.shortconv_mlp.weight,4x4096,F32,65536,attention and recurrent state weights,GPU configured,0,65536
inkling-small,Inkling-Small-UD-Q3_K_XL-00003-of-00004.gguf,blk.32.shortconv_v.weight,4x1024,F32,16384,attention and recurrent state weights,GPU configured,0,16384
inkling-small,Inkling-Small-UD-Q3_K_XL-00003-of-00004.gguf,blk.33.attn_k.weight,4096x1024,Q8_0,4456448,attention and recurrent state weights,GPU configured,0,4456448
inkling-small,Inkling-Small-UD-Q3_K_XL-00003-of-00004.gguf,blk.33.attn_k_norm.weight,128,F32,512,attention and recurrent state weights,GPU configured,0,512
inkling-small,Inkling-Small-UD-Q3_K_XL-00003-of-00004.gguf,blk.33.attn_norm.weight,4096,F32,16384,attention and recurrent state weights,GPU configured,0,16384
inkling-small,Inkling-Small-UD-Q3_K_XL-00003-of-00004.gguf,blk.33.attn_output.weight,4096x4096,Q8_0,17825792,attention and recurrent state weights,GPU configured,0,17825792
inkling-small,Inkling-Small-UD-Q3_K_XL-00003-of-00004.gguf,blk.33.attn_q.weight,4096x4096,Q8_0,17825792,attention and recurrent state weights,GPU configured,0,17825792
inkling-small,Inkling-Small-UD-Q3_K_XL-00003-of-00004.gguf,blk.33.attn_q_norm.weight,128,F32,512,attention and recurrent state weights,GPU configured,0,512
inkling-small,Inkling-Small-UD-Q3_K_XL-00003-of-00004.gguf,blk.33.attn_r.weight,4096x512,Q8_0,2228224,attention and recurrent state weights,GPU configured,0,2228224
inkling-small,Inkling-Small-UD-Q3_K_XL-00003-of-00004.gguf,blk.33.attn_rel_proj.weight,512x16,F32,32768,attention and recurrent state weights,GPU configured,0,32768
inkling-small,Inkling-Small-UD-Q3_K_XL-00003-of-00004.gguf,blk.33.attn_v.weight,4096x1024,Q8_0,4456448,attention and recurrent state weights,GPU configured,0,4456448
inkling-small,Inkling-Small-UD-Q3_K_XL-00003-of-00004.gguf,blk.33.exp_probs_b.bias,256,F32,1024,"routing, norms and other weights",GPU configured,0,1024
inkling-small,Inkling-Small-UD-Q3_K_XL-00003-of-00004.gguf,blk.33.ffn_down_exps.weight,2048x4096x256,IQ4_XS,1140850688,routed experts,system RAM,26738688,26738688
inkling-small,Inkling-Small-UD-Q3_K_XL-00003-of-00004.gguf,blk.33.ffn_down_shexp.weight,2048x4096x2,Q8_0,17825792,shared experts and shared gate,GPU configured,0,17825792
inkling-small,Inkling-Small-UD-Q3_K_XL-00003-of-00004.gguf,blk.33.ffn_gate_exps.weight,4096x2048x256,IQ3_XXS,822083584,routed experts,system RAM,19267584,19267584
inkling-small,Inkling-Small-UD-Q3_K_XL-00003-of-00004.gguf,blk.33.ffn_gate_inp.weight,4096x258,F32,4227072,"routing, norms and other weights",GPU configured,0,4227072
inkling-small,Inkling-Small-UD-Q3_K_XL-00003-of-00004.gguf,blk.33.ffn_gate_shexp.weight,4096x2048x2,Q8_0,17825792,shared experts and shared gate,GPU configured,0,17825792
inkling-small,Inkling-Small-UD-Q3_K_XL-00003-of-00004.gguf,blk.33.ffn_gscale.weight,1,F32,4,"routing, norms and other weights",GPU configured,0,4
inkling-small,Inkling-Small-UD-Q3_K_XL-00003-of-00004.gguf,blk.33.ffn_norm.weight,4096,F32,16384,"routing, norms and other weights",GPU configured,0,16384
inkling-small,Inkling-Small-UD-Q3_K_XL-00003-of-00004.gguf,blk.33.ffn_up_exps.weight,4096x2048x256,IQ3_XXS,822083584,routed experts,system RAM,19267584,19267584
inkling-small,Inkling-Small-UD-Q3_K_XL-00003-of-00004.gguf,blk.33.ffn_up_shexp.weight,4096x2048x2,Q8_0,17825792,shared experts and shared gate,GPU configured,0,17825792
inkling-small,Inkling-Small-UD-Q3_K_XL-00003-of-00004.gguf,blk.33.shortconv_attn.weight,4x4096,F32,65536,attention and recurrent state weights,GPU configured,0,65536
inkling-small,Inkling-Small-UD-Q3_K_XL-00003-of-00004.gguf,blk.33.shortconv_k.weight,4x1024,F32,16384,attention and recurrent state weights,GPU configured,0,16384
inkling-small,Inkling-Small-UD-Q3_K_XL-00003-of-00004.gguf,blk.33.shortconv_mlp.weight,4x4096,F32,65536,attention and recurrent state weights,GPU configured,0,65536
inkling-small,Inkling-Small-UD-Q3_K_XL-00003-of-00004.gguf,blk.33.shortconv_v.weight,4x1024,F32,16384,attention and recurrent state weights,GPU configured,0,16384
inkling-small,Inkling-Small-UD-Q3_K_XL-00003-of-00004.gguf,blk.34.attn_k.weight,4096x1024,Q8_0,4456448,attention and recurrent state weights,GPU configured,0,4456448
inkling-small,Inkling-Small-UD-Q3_K_XL-00003-of-00004.gguf,blk.34.attn_k_norm.weight,128,F32,512,attention and recurrent state weights,GPU configured,0,512
inkling-small,Inkling-Small-UD-Q3_K_XL-00003-of-00004.gguf,blk.34.attn_norm.weight,4096,F32,16384,attention and recurrent state weights,GPU configured,0,16384
inkling-small,Inkling-Small-UD-Q3_K_XL-00003-of-00004.gguf,blk.34.attn_output.weight,4096x4096,Q8_0,17825792,attention and recurrent state weights,GPU configured,0,17825792
inkling-small,Inkling-Small-UD-Q3_K_XL-00003-of-00004.gguf,blk.34.attn_q.weight,4096x4096,Q8_0,17825792,attention and recurrent state weights,GPU configured,0,17825792
inkling-small,Inkling-Small-UD-Q3_K_XL-00003-of-00004.gguf,blk.34.attn_q_norm.weight,128,F32,512,attention and recurrent state weights,GPU configured,0,512
inkling-small,Inkling-Small-UD-Q3_K_XL-00003-of-00004.gguf,blk.34.attn_r.weight,4096x512,Q8_0,2228224,attention and recurrent state weights,GPU configured,0,2228224
inkling-small,Inkling-Small-UD-Q3_K_XL-00003-of-00004.gguf,blk.34.attn_rel_proj.weight,512x16,F32,32768,attention and recurrent state weights,GPU configured,0,32768
inkling-small,Inkling-Small-UD-Q3_K_XL-00003-of-00004.gguf,blk.34.attn_v.weight,4096x1024,Q8_0,4456448,attention and recurrent state weights,GPU configured,0,4456448
inkling-small,Inkling-Small-UD-Q3_K_XL-00003-of-00004.gguf,blk.34.exp_probs_b.bias,256,F32,1024,"routing, norms and other weights",GPU configured,0,1024
inkling-small,Inkling-Small-UD-Q3_K_XL-00003-of-00004.gguf,blk.34.ffn_down_exps.weight,2048x4096x256,IQ4_XS,1140850688,routed experts,system RAM,26738688,26738688
inkling-small,Inkling-Small-UD-Q3_K_XL-00003-of-00004.gguf,blk.34.ffn_down_shexp.weight,2048x4096x2,Q8_0,17825792,shared experts and shared gate,GPU configured,0,17825792
inkling-small,Inkling-Small-UD-Q3_K_XL-00003-of-00004.gguf,blk.34.ffn_gate_exps.weight,4096x2048x256,IQ3_XXS,822083584,routed experts,system RAM,19267584,19267584
inkling-small,Inkling-Small-UD-Q3_K_XL-00003-of-00004.gguf,blk.34.ffn_gate_inp.weight,4096x258,F32,4227072,"routing, norms and other weights",GPU configured,0,4227072
inkling-small,Inkling-Small-UD-Q3_K_XL-00003-of-00004.gguf,blk.34.ffn_gate_shexp.weight,4096x2048x2,Q8_0,17825792,shared experts and shared gate,GPU configured,0,17825792
inkling-small,Inkling-Small-UD-Q3_K_XL-00003-of-00004.gguf,blk.34.ffn_gscale.weight,1,F32,4,"routing, norms and other weights",GPU configured,0,4
inkling-small,Inkling-Small-UD-Q3_K_XL-00003-of-00004.gguf,blk.34.ffn_norm.weight,4096,F32,16384,"routing, norms and other weights",GPU configured,0,16384
inkling-small,Inkling-Small-UD-Q3_K_XL-00003-of-00004.gguf,blk.34.ffn_up_exps.weight,4096x2048x256,IQ3_XXS,822083584,routed experts,system RAM,19267584,19267584
inkling-small,Inkling-Small-UD-Q3_K_XL-00003-of-00004.gguf,blk.34.ffn_up_shexp.weight,4096x2048x2,Q8_0,17825792,shared experts and shared gate,GPU configured,0,17825792
inkling-small,Inkling-Small-UD-Q3_K_XL-00003-of-00004.gguf,blk.34.shortconv_attn.weight,4x4096,F32,65536,attention and recurrent state weights,GPU configured,0,65536
inkling-small,Inkling-Small-UD-Q3_K_XL-00003-of-00004.gguf,blk.34.shortconv_k.weight,4x1024,F32,16384,attention and recurrent state weights,GPU configured,0,16384
inkling-small,Inkling-Small-UD-Q3_K_XL-00003-of-00004.gguf,blk.34.shortconv_mlp.weight,4x4096,F32,65536,attention and recurrent state weights,GPU configured,0,65536
inkling-small,Inkling-Small-UD-Q3_K_XL-00003-of-00004.gguf,blk.34.shortconv_v.weight,4x1024,F32,16384,attention and recurrent state weights,GPU configured,0,16384
inkling-small,Inkling-Small-UD-Q3_K_XL-00003-of-00004.gguf,blk.35.attn_k.weight,4096x1024,Q8_0,4456448,attention and recurrent state weights,GPU configured,0,4456448
inkling-small,Inkling-Small-UD-Q3_K_XL-00003-of-00004.gguf,blk.35.attn_k_norm.weight,128,F32,512,attention and recurrent state weights,GPU configured,0,512
inkling-small,Inkling-Small-UD-Q3_K_XL-00003-of-00004.gguf,blk.35.attn_norm.weight,4096,F32,16384,attention and recurrent state weights,GPU configured,0,16384
inkling-small,Inkling-Small-UD-Q3_K_XL-00003-of-00004.gguf,blk.35.attn_output.weight,4096x4096,Q8_0,17825792,attention and recurrent state weights,GPU configured,0,17825792
inkling-small,Inkling-Small-UD-Q3_K_XL-00003-of-00004.gguf,blk.35.attn_q.weight,4096x4096,Q8_0,17825792,attention and recurrent state weights,GPU configured,0,17825792
inkling-small,Inkling-Small-UD-Q3_K_XL-00003-of-00004.gguf,blk.35.attn_q_norm.weight,128,F32,512,attention and recurrent state weights,GPU configured,0,512
inkling-small,Inkling-Small-UD-Q3_K_XL-00003-of-00004.gguf,blk.35.attn_r.weight,4096x512,Q8_0,2228224,attention and recurrent state weights,GPU configured,0,2228224
inkling-small,Inkling-Small-UD-Q3_K_XL-00003-of-00004.gguf,blk.35.attn_rel_proj.weight,1024x16,F32,65536,attention and recurrent state weights,GPU configured,0,65536
inkling-small,Inkling-Small-UD-Q3_K_XL-00003-of-00004.gguf,blk.35.attn_v.weight,4096x1024,Q8_0,4456448,attention and recurrent state weights,GPU configured,0,4456448
inkling-small,Inkling-Small-UD-Q3_K_XL-00003-of-00004.gguf,blk.35.exp_probs_b.bias,256,F32,1024,"routing, norms and other weights",GPU configured,0,1024
inkling-small,Inkling-Small-UD-Q3_K_XL-00003-of-00004.gguf,blk.35.ffn_down_exps.weight,2048x4096x256,IQ4_XS,1140850688,routed experts,system RAM,26738688,26738688
inkling-small,Inkling-Small-UD-Q3_K_XL-00003-of-00004.gguf,blk.35.ffn_down_shexp.weight,2048x4096x2,Q8_0,17825792,shared experts and shared gate,GPU configured,0,17825792
inkling-small,Inkling-Small-UD-Q3_K_XL-00003-of-00004.gguf,blk.35.ffn_gate_exps.weight,4096x2048x256,IQ3_XXS,822083584,routed experts,system RAM,19267584,19267584
inkling-small,Inkling-Small-UD-Q3_K_XL-00003-of-00004.gguf,blk.35.ffn_gate_inp.weight,4096x258,F32,4227072,"routing, norms and other weights",GPU configured,0,4227072
inkling-small,Inkling-Small-UD-Q3_K_XL-00003-of-00004.gguf,blk.35.ffn_gate_shexp.weight,4096x2048x2,Q8_0,17825792,shared experts and shared gate,GPU configured,0,17825792
inkling-small,Inkling-Small-UD-Q3_K_XL-00003-of-00004.gguf,blk.35.ffn_gscale.weight,1,F32,4,"routing, norms and other weights",GPU configured,0,4
inkling-small,Inkling-Small-UD-Q3_K_XL-00003-of-00004.gguf,blk.35.ffn_norm.weight,4096,F32,16384,"routing, norms and other weights",GPU configured,0,16384
inkling-small,Inkling-Small-UD-Q3_K_XL-00004-of-00004.gguf,blk.35.ffn_up_exps.weight,4096x2048x256,IQ3_XXS,822083584,routed experts,system RAM,19267584,19267584
inkling-small,Inkling-Small-UD-Q3_K_XL-00004-of-00004.gguf,blk.35.ffn_up_shexp.weight,4096x2048x2,Q8_0,17825792,shared experts and shared gate,GPU configured,0,17825792
inkling-small,Inkling-Small-UD-Q3_K_XL-00004-of-00004.gguf,blk.35.shortconv_attn.weight,4x4096,F32,65536,attention and recurrent state weights,GPU configured,0,65536
inkling-small,Inkling-Small-UD-Q3_K_XL-00004-of-00004.gguf,blk.35.shortconv_k.weight,4x1024,F32,16384,attention and recurrent state weights,GPU configured,0,16384
inkling-small,Inkling-Small-UD-Q3_K_XL-00004-of-00004.gguf,blk.35.shortconv_mlp.weight,4x4096,F32,65536,attention and recurrent state weights,GPU configured,0,65536
inkling-small,Inkling-Small-UD-Q3_K_XL-00004-of-00004.gguf,blk.35.shortconv_v.weight,4x1024,F32,16384,attention and recurrent state weights,GPU configured,0,16384
inkling-small,Inkling-Small-UD-Q3_K_XL-00004-of-00004.gguf,blk.36.attn_k.weight,4096x1024,Q8_0,4456448,attention and recurrent state weights,GPU configured,0,4456448
inkling-small,Inkling-Small-UD-Q3_K_XL-00004-of-00004.gguf,blk.36.attn_k_norm.weight,128,F32,512,attention and recurrent state weights,GPU configured,0,512
inkling-small,Inkling-Small-UD-Q3_K_XL-00004-of-00004.gguf,blk.36.attn_norm.weight,4096,F32,16384,attention and recurrent state weights,GPU configured,0,16384
inkling-small,Inkling-Small-UD-Q3_K_XL-00004-of-00004.gguf,blk.36.attn_output.weight,4096x4096,Q8_0,17825792,attention and recurrent state weights,GPU configured,0,17825792
inkling-small,Inkling-Small-UD-Q3_K_XL-00004-of-00004.gguf,blk.36.attn_q.weight,4096x4096,Q8_0,17825792,attention and recurrent state weights,GPU configured,0,17825792
inkling-small,Inkling-Small-UD-Q3_K_XL-00004-of-00004.gguf,blk.36.attn_q_norm.weight,128,F32,512,attention and recurrent state weights,GPU configured,0,512
inkling-small,Inkling-Small-UD-Q3_K_XL-00004-of-00004.gguf,blk.36.attn_r.weight,4096x512,Q8_0,2228224,attention and recurrent state weights,GPU configured,0,2228224
inkling-small,Inkling-Small-UD-Q3_K_XL-00004-of-00004.gguf,blk.36.attn_rel_proj.weight,512x16,F32,32768,attention and recurrent state weights,GPU configured,0,32768
inkling-small,Inkling-Small-UD-Q3_K_XL-00004-of-00004.gguf,blk.36.attn_v.weight,4096x1024,Q8_0,4456448,attention and recurrent state weights,GPU configured,0,4456448
inkling-small,Inkling-Small-UD-Q3_K_XL-00004-of-00004.gguf,blk.36.exp_probs_b.bias,256,F32,1024,"routing, norms and other weights",GPU configured,0,1024
inkling-small,Inkling-Small-UD-Q3_K_XL-00004-of-00004.gguf,blk.36.ffn_down_exps.weight,2048x4096x256,IQ4_XS,1140850688,routed experts,system RAM,26738688,26738688
inkling-small,Inkling-Small-UD-Q3_K_XL-00004-of-00004.gguf,blk.36.ffn_down_shexp.weight,2048x4096x2,Q8_0,17825792,shared experts and shared gate,GPU configured,0,17825792
inkling-small,Inkling-Small-UD-Q3_K_XL-00004-of-00004.gguf,blk.36.ffn_gate_exps.weight,4096x2048x256,IQ3_XXS,822083584,routed experts,system RAM,19267584,19267584
inkling-small,Inkling-Small-UD-Q3_K_XL-00004-of-00004.gguf,blk.36.ffn_gate_inp.weight,4096x258,F32,4227072,"routing, norms and other weights",GPU configured,0,4227072
inkling-small,Inkling-Small-UD-Q3_K_XL-00004-of-00004.gguf,blk.36.ffn_gate_shexp.weight,4096x2048x2,Q8_0,17825792,shared experts and shared gate,GPU configured,0,17825792
inkling-small,Inkling-Small-UD-Q3_K_XL-00004-of-00004.gguf,blk.36.ffn_gscale.weight,1,F32,4,"routing, norms and other weights",GPU configured,0,4
inkling-small,Inkling-Small-UD-Q3_K_XL-00004-of-00004.gguf,blk.36.ffn_norm.weight,4096,F32,16384,"routing, norms and other weights",GPU configured,0,16384
inkling-small,Inkling-Small-UD-Q3_K_XL-00004-of-00004.gguf,blk.36.ffn_up_exps.weight,4096x2048x256,IQ3_XXS,822083584,routed experts,system RAM,19267584,19267584
inkling-small,Inkling-Small-UD-Q3_K_XL-00004-of-00004.gguf,blk.36.ffn_up_shexp.weight,4096x2048x2,Q8_0,17825792,shared experts and shared gate,GPU configured,0,17825792
inkling-small,Inkling-Small-UD-Q3_K_XL-00004-of-00004.gguf,blk.36.shortconv_attn.weight,4x4096,F32,65536,attention and recurrent state weights,GPU configured,0,65536
inkling-small,Inkling-Small-UD-Q3_K_XL-00004-of-00004.gguf,blk.36.shortconv_k.weight,4x1024,F32,16384,attention and recurrent state weights,GPU configured,0,16384
inkling-small,Inkling-Small-UD-Q3_K_XL-00004-of-00004.gguf,blk.36.shortconv_mlp.weight,4x4096,F32,65536,attention and recurrent state weights,GPU configured,0,65536
inkling-small,Inkling-Small-UD-Q3_K_XL-00004-of-00004.gguf,blk.36.shortconv_v.weight,4x1024,F32,16384,attention and recurrent state weights,GPU configured,0,16384
inkling-small,Inkling-Small-UD-Q3_K_XL-00004-of-00004.gguf,blk.37.attn_k.weight,4096x1024,Q8_0,4456448,attention and recurrent state weights,GPU configured,0,4456448
inkling-small,Inkling-Small-UD-Q3_K_XL-00004-of-00004.gguf,blk.37.attn_k_norm.weight,128,F32,512,attention and recurrent state weights,GPU configured,0,512
inkling-small,Inkling-Small-UD-Q3_K_XL-00004-of-00004.gguf,blk.37.attn_norm.weight,4096,F32,16384,attention and recurrent state weights,GPU configured,0,16384
inkling-small,Inkling-Small-UD-Q3_K_XL-00004-of-00004.gguf,blk.37.attn_output.weight,4096x4096,Q8_0,17825792,attention and recurrent state weights,GPU configured,0,17825792
inkling-small,Inkling-Small-UD-Q3_K_XL-00004-of-00004.gguf,blk.37.attn_q.weight,4096x4096,Q8_0,17825792,attention and recurrent state weights,GPU configured,0,17825792
inkling-small,Inkling-Small-UD-Q3_K_XL-00004-of-00004.gguf,blk.37.attn_q_norm.weight,128,F32,512,attention and recurrent state weights,GPU configured,0,512
inkling-small,Inkling-Small-UD-Q3_K_XL-00004-of-00004.gguf,blk.37.attn_r.weight,4096x512,Q8_0,2228224,attention and recurrent state weights,GPU configured,0,2228224
inkling-small,Inkling-Small-UD-Q3_K_XL-00004-of-00004.gguf,blk.37.attn_rel_proj.weight,512x16,F32,32768,attention and recurrent state weights,GPU configured,0,32768
inkling-small,Inkling-Small-UD-Q3_K_XL-00004-of-00004.gguf,blk.37.attn_v.weight,4096x1024,Q8_0,4456448,attention and recurrent state weights,GPU configured,0,4456448
inkling-small,Inkling-Small-UD-Q3_K_XL-00004-of-00004.gguf,blk.37.exp_probs_b.bias,256,F32,1024,"routing, norms and other weights",GPU configured,0,1024
inkling-small,Inkling-Small-UD-Q3_K_XL-00004-of-00004.gguf,blk.37.ffn_down_exps.weight,2048x4096x256,IQ4_XS,1140850688,routed experts,system RAM,26738688,26738688
inkling-small,Inkling-Small-UD-Q3_K_XL-00004-of-00004.gguf,blk.37.ffn_down_shexp.weight,2048x4096x2,Q8_0,17825792,shared experts and shared gate,GPU configured,0,17825792
inkling-small,Inkling-Small-UD-Q3_K_XL-00004-of-00004.gguf,blk.37.ffn_gate_exps.weight,4096x2048x256,IQ3_XXS,822083584,routed experts,system RAM,19267584,19267584
inkling-small,Inkling-Small-UD-Q3_K_XL-00004-of-00004.gguf,blk.37.ffn_gate_inp.weight,4096x258,F32,4227072,"routing, norms and other weights",GPU configured,0,4227072
inkling-small,Inkling-Small-UD-Q3_K_XL-00004-of-00004.gguf,blk.37.ffn_gate_shexp.weight,4096x2048x2,Q8_0,17825792,shared experts and shared gate,GPU configured,0,17825792
inkling-small,Inkling-Small-UD-Q3_K_XL-00004-of-00004.gguf,blk.37.ffn_gscale.weight,1,F32,4,"routing, norms and other weights",GPU configured,0,4
inkling-small,Inkling-Small-UD-Q3_K_XL-00004-of-00004.gguf,blk.37.ffn_norm.weight,4096,F32,16384,"routing, norms and other weights",GPU configured,0,16384
inkling-small,Inkling-Small-UD-Q3_K_XL-00004-of-00004.gguf,blk.37.ffn_up_exps.weight,4096x2048x256,IQ3_XXS,822083584,routed experts,system RAM,19267584,19267584
inkling-small,Inkling-Small-UD-Q3_K_XL-00004-of-00004.gguf,blk.37.ffn_up_shexp.weight,4096x2048x2,Q8_0,17825792,shared experts and shared gate,GPU configured,0,17825792
inkling-small,Inkling-Small-UD-Q3_K_XL-00004-of-00004.gguf,blk.37.shortconv_attn.weight,4x4096,F32,65536,attention and recurrent state weights,GPU configured,0,65536
inkling-small,Inkling-Small-UD-Q3_K_XL-00004-of-00004.gguf,blk.37.shortconv_k.weight,4x1024,F32,16384,attention and recurrent state weights,GPU configured,0,16384
inkling-small,Inkling-Small-UD-Q3_K_XL-00004-of-00004.gguf,blk.37.shortconv_mlp.weight,4x4096,F32,65536,attention and recurrent state weights,GPU configured,0,65536
inkling-small,Inkling-Small-UD-Q3_K_XL-00004-of-00004.gguf,blk.37.shortconv_v.weight,4x1024,F32,16384,attention and recurrent state weights,GPU configured,0,16384
inkling-small,Inkling-Small-UD-Q3_K_XL-00004-of-00004.gguf,blk.38.attn_k.weight,4096x1024,Q8_0,4456448,attention and recurrent state weights,GPU configured,0,4456448
inkling-small,Inkling-Small-UD-Q3_K_XL-00004-of-00004.gguf,blk.38.attn_k_norm.weight,128,F32,512,attention and recurrent state weights,GPU configured,0,512
inkling-small,Inkling-Small-UD-Q3_K_XL-00004-of-00004.gguf,blk.38.attn_norm.weight,4096,F32,16384,attention and recurrent state weights,GPU configured,0,16384
inkling-small,Inkling-Small-UD-Q3_K_XL-00004-of-00004.gguf,blk.38.attn_output.weight,4096x4096,Q8_0,17825792,attention and recurrent state weights,GPU configured,0,17825792
inkling-small,Inkling-Small-UD-Q3_K_XL-00004-of-00004.gguf,blk.38.attn_q.weight,4096x4096,Q8_0,17825792,attention and recurrent state weights,GPU configured,0,17825792
inkling-small,Inkling-Small-UD-Q3_K_XL-00004-of-00004.gguf,blk.38.attn_q_norm.weight,128,F32,512,attention and recurrent state weights,GPU configured,0,512
inkling-small,Inkling-Small-UD-Q3_K_XL-00004-of-00004.gguf,blk.38.attn_r.weight,4096x512,Q8_0,2228224,attention and recurrent state weights,GPU configured,0,2228224
inkling-small,Inkling-Small-UD-Q3_K_XL-00004-of-00004.gguf,blk.38.attn_rel_proj.weight,512x16,F32,32768,attention and recurrent state weights,GPU configured,0,32768
inkling-small,Inkling-Small-UD-Q3_K_XL-00004-of-00004.gguf,blk.38.attn_v.weight,4096x1024,Q8_0,4456448,attention and recurrent state weights,GPU configured,0,4456448
inkling-small,Inkling-Small-UD-Q3_K_XL-00004-of-00004.gguf,blk.38.exp_probs_b.bias,256,F32,1024,"routing, norms and other weights",GPU configured,0,1024
inkling-small,Inkling-Small-UD-Q3_K_XL-00004-of-00004.gguf,blk.38.ffn_down_exps.weight,2048x4096x256,IQ4_XS,1140850688,routed experts,system RAM,26738688,26738688
inkling-small,Inkling-Small-UD-Q3_K_XL-00004-of-00004.gguf,blk.38.ffn_down_shexp.weight,2048x4096x2,Q8_0,17825792,shared experts and shared gate,GPU configured,0,17825792
inkling-small,Inkling-Small-UD-Q3_K_XL-00004-of-00004.gguf,blk.38.ffn_gate_exps.weight,4096x2048x256,IQ3_XXS,822083584,routed experts,system RAM,19267584,19267584
inkling-small,Inkling-Small-UD-Q3_K_XL-00004-of-00004.gguf,blk.38.ffn_gate_inp.weight,4096x258,F32,4227072,"routing, norms and other weights",GPU configured,0,4227072
inkling-small,Inkling-Small-UD-Q3_K_XL-00004-of-00004.gguf,blk.38.ffn_gate_shexp.weight,4096x2048x2,Q8_0,17825792,shared experts and shared gate,GPU configured,0,17825792
inkling-small,Inkling-Small-UD-Q3_K_XL-00004-of-00004.gguf,blk.38.ffn_gscale.weight,1,F32,4,"routing, norms and other weights",GPU configured,0,4
inkling-small,Inkling-Small-UD-Q3_K_XL-00004-of-00004.gguf,blk.38.ffn_norm.weight,4096,F32,16384,"routing, norms and other weights",GPU configured,0,16384
inkling-small,Inkling-Small-UD-Q3_K_XL-00004-of-00004.gguf,blk.38.ffn_up_exps.weight,4096x2048x256,IQ3_XXS,822083584,routed experts,system RAM,19267584,19267584
inkling-small,Inkling-Small-UD-Q3_K_XL-00004-of-00004.gguf,blk.38.ffn_up_shexp.weight,4096x2048x2,Q8_0,17825792,shared experts and shared gate,GPU configured,0,17825792
inkling-small,Inkling-Small-UD-Q3_K_XL-00004-of-00004.gguf,blk.38.shortconv_attn.weight,4x4096,F32,65536,attention and recurrent state weights,GPU configured,0,65536
inkling-small,Inkling-Small-UD-Q3_K_XL-00004-of-00004.gguf,blk.38.shortconv_k.weight,4x1024,F32,16384,attention and recurrent state weights,GPU configured,0,16384
inkling-small,Inkling-Small-UD-Q3_K_XL-00004-of-00004.gguf,blk.38.shortconv_mlp.weight,4x4096,F32,65536,attention and recurrent state weights,GPU configured,0,65536
inkling-small,Inkling-Small-UD-Q3_K_XL-00004-of-00004.gguf,blk.38.shortconv_v.weight,4x1024,F32,16384,attention and recurrent state weights,GPU configured,0,16384
inkling-small,Inkling-Small-UD-Q3_K_XL-00004-of-00004.gguf,blk.39.attn_k.weight,4096x1024,Q8_0,4456448,attention and recurrent state weights,GPU configured,0,4456448
inkling-small,Inkling-Small-UD-Q3_K_XL-00004-of-00004.gguf,blk.39.attn_k_norm.weight,128,F32,512,attention and recurrent state weights,GPU configured,0,512
inkling-small,Inkling-Small-UD-Q3_K_XL-00004-of-00004.gguf,blk.39.attn_norm.weight,4096,F32,16384,attention and recurrent state weights,GPU configured,0,16384
inkling-small,Inkling-Small-UD-Q3_K_XL-00004-of-00004.gguf,blk.39.attn_output.weight,4096x4096,Q8_0,17825792,attention and recurrent state weights,GPU configured,0,17825792
inkling-small,Inkling-Small-UD-Q3_K_XL-00004-of-00004.gguf,blk.39.attn_q.weight,4096x4096,Q8_0,17825792,attention and recurrent state weights,GPU configured,0,17825792
inkling-small,Inkling-Small-UD-Q3_K_XL-00004-of-00004.gguf,blk.39.attn_q_norm.weight,128,F32,512,attention and recurrent state weights,GPU configured,0,512
inkling-small,Inkling-Small-UD-Q3_K_XL-00004-of-00004.gguf,blk.39.attn_r.weight,4096x512,Q8_0,2228224,attention and recurrent state weights,GPU configured,0,2228224
inkling-small,Inkling-Small-UD-Q3_K_XL-00004-of-00004.gguf,blk.39.attn_rel_proj.weight,512x16,F32,32768,attention and recurrent state weights,GPU configured,0,32768
inkling-small,Inkling-Small-UD-Q3_K_XL-00004-of-00004.gguf,blk.39.attn_v.weight,4096x1024,Q8_0,4456448,attention and recurrent state weights,GPU configured,0,4456448
inkling-small,Inkling-Small-UD-Q3_K_XL-00004-of-00004.gguf,blk.39.exp_probs_b.bias,256,F32,1024,"routing, norms and other weights",GPU configured,0,1024
inkling-small,Inkling-Small-UD-Q3_K_XL-00004-of-00004.gguf,blk.39.ffn_down_exps.weight,2048x4096x256,IQ4_XS,1140850688,routed experts,system RAM,26738688,26738688
inkling-small,Inkling-Small-UD-Q3_K_XL-00004-of-00004.gguf,blk.39.ffn_down_shexp.weight,2048x4096x2,Q8_0,17825792,shared experts and shared gate,GPU configured,0,17825792
inkling-small,Inkling-Small-UD-Q3_K_XL-00004-of-00004.gguf,blk.39.ffn_gate_exps.weight,4096x2048x256,IQ3_XXS,822083584,routed experts,system RAM,19267584,19267584
inkling-small,Inkling-Small-UD-Q3_K_XL-00004-of-00004.gguf,blk.39.ffn_gate_inp.weight,4096x258,F32,4227072,"routing, norms and other weights",GPU configured,0,4227072
inkling-small,Inkling-Small-UD-Q3_K_XL-00004-of-00004.gguf,blk.39.ffn_gate_shexp.weight,4096x2048x2,Q8_0,17825792,shared experts and shared gate,GPU configured,0,17825792
inkling-small,Inkling-Small-UD-Q3_K_XL-00004-of-00004.gguf,blk.39.ffn_gscale.weight,1,F32,4,"routing, norms and other weights",GPU configured,0,4
inkling-small,Inkling-Small-UD-Q3_K_XL-00004-of-00004.gguf,blk.39.ffn_norm.weight,4096,F32,16384,"routing, norms and other weights",GPU configured,0,16384
inkling-small,Inkling-Small-UD-Q3_K_XL-00004-of-00004.gguf,blk.39.ffn_up_exps.weight,4096x2048x256,IQ3_XXS,822083584,routed experts,system RAM,19267584,19267584
inkling-small,Inkling-Small-UD-Q3_K_XL-00004-of-00004.gguf,blk.39.ffn_up_shexp.weight,4096x2048x2,Q8_0,17825792,shared experts and shared gate,GPU configured,0,17825792
inkling-small,Inkling-Small-UD-Q3_K_XL-00004-of-00004.gguf,blk.39.shortconv_attn.weight,4x4096,F32,65536,attention and recurrent state weights,GPU configured,0,65536
inkling-small,Inkling-Small-UD-Q3_K_XL-00004-of-00004.gguf,blk.39.shortconv_k.weight,4x1024,F32,16384,attention and recurrent state weights,GPU configured,0,16384
inkling-small,Inkling-Small-UD-Q3_K_XL-00004-of-00004.gguf,blk.39.shortconv_mlp.weight,4x4096,F32,65536,attention and recurrent state weights,GPU configured,0,65536
inkling-small,Inkling-Small-UD-Q3_K_XL-00004-of-00004.gguf,blk.39.shortconv_v.weight,4x1024,F32,16384,attention and recurrent state weights,GPU configured,0,16384
inkling-small,Inkling-Small-UD-Q3_K_XL-00004-of-00004.gguf,blk.40.attn_k.weight,4096x1024,Q8_0,4456448,attention and recurrent state weights,GPU configured,0,4456448
inkling-small,Inkling-Small-UD-Q3_K_XL-00004-of-00004.gguf,blk.40.attn_k_norm.weight,128,F32,512,attention and recurrent state weights,GPU configured,0,512
inkling-small,Inkling-Small-UD-Q3_K_XL-00004-of-00004.gguf,blk.40.attn_norm.weight,4096,F32,16384,attention and recurrent state weights,GPU configured,0,16384
inkling-small,Inkling-Small-UD-Q3_K_XL-00004-of-00004.gguf,blk.40.attn_output.weight,4096x4096,Q8_0,17825792,attention and recurrent state weights,GPU configured,0,17825792
inkling-small,Inkling-Small-UD-Q3_K_XL-00004-of-00004.gguf,blk.40.attn_q.weight,4096x4096,Q8_0,17825792,attention and recurrent state weights,GPU configured,0,17825792
inkling-small,Inkling-Small-UD-Q3_K_XL-00004-of-00004.gguf,blk.40.attn_q_norm.weight,128,F32,512,attention and recurrent state weights,GPU configured,0,512
inkling-small,Inkling-Small-UD-Q3_K_XL-00004-of-00004.gguf,blk.40.attn_r.weight,4096x512,Q8_0,2228224,attention and recurrent state weights,GPU configured,0,2228224
inkling-small,Inkling-Small-UD-Q3_K_XL-00004-of-00004.gguf,blk.40.attn_rel_proj.weight,512x16,F32,32768,attention and recurrent state weights,GPU configured,0,32768
inkling-small,Inkling-Small-UD-Q3_K_XL-00004-of-00004.gguf,blk.40.attn_v.weight,4096x1024,Q8_0,4456448,attention and recurrent state weights,GPU configured,0,4456448
inkling-small,Inkling-Small-UD-Q3_K_XL-00004-of-00004.gguf,blk.40.exp_probs_b.bias,256,F32,1024,"routing, norms and other weights",GPU configured,0,1024
inkling-small,Inkling-Small-UD-Q3_K_XL-00004-of-00004.gguf,blk.40.ffn_down_exps.weight,2048x4096x256,Q6_K,1761607680,routed experts,system RAM,41287680,41287680
inkling-small,Inkling-Small-UD-Q3_K_XL-00004-of-00004.gguf,blk.40.ffn_down_shexp.weight,2048x4096x2,Q8_0,17825792,shared experts and shared gate,GPU configured,0,17825792
inkling-small,Inkling-Small-UD-Q3_K_XL-00004-of-00004.gguf,blk.40.ffn_gate_exps.weight,4096x2048x256,IQ3_XXS,822083584,routed experts,system RAM,19267584,19267584
inkling-small,Inkling-Small-UD-Q3_K_XL-00004-of-00004.gguf,blk.40.ffn_gate_inp.weight,4096x258,F32,4227072,"routing, norms and other weights",GPU configured,0,4227072
inkling-small,Inkling-Small-UD-Q3_K_XL-00004-of-00004.gguf,blk.40.ffn_gate_shexp.weight,4096x2048x2,Q8_0,17825792,shared experts and shared gate,GPU configured,0,17825792
inkling-small,Inkling-Small-UD-Q3_K_XL-00004-of-00004.gguf,blk.40.ffn_gscale.weight,1,F32,4,"routing, norms and other weights",GPU configured,0,4
inkling-small,Inkling-Small-UD-Q3_K_XL-00004-of-00004.gguf,blk.40.ffn_norm.weight,4096,F32,16384,"routing, norms and other weights",GPU configured,0,16384
inkling-small,Inkling-Small-UD-Q3_K_XL-00004-of-00004.gguf,blk.40.ffn_up_exps.weight,4096x2048x256,IQ3_XXS,822083584,routed experts,system RAM,19267584,19267584
inkling-small,Inkling-Small-UD-Q3_K_XL-00004-of-00004.gguf,blk.40.ffn_up_shexp.weight,4096x2048x2,Q8_0,17825792,shared experts and shared gate,GPU configured,0,17825792
inkling-small,Inkling-Small-UD-Q3_K_XL-00004-of-00004.gguf,blk.40.shortconv_attn.weight,4x4096,F32,65536,attention and recurrent state weights,GPU configured,0,65536
inkling-small,Inkling-Small-UD-Q3_K_XL-00004-of-00004.gguf,blk.40.shortconv_k.weight,4x1024,F32,16384,attention and recurrent state weights,GPU configured,0,16384
inkling-small,Inkling-Small-UD-Q3_K_XL-00004-of-00004.gguf,blk.40.shortconv_mlp.weight,4x4096,F32,65536,attention and recurrent state weights,GPU configured,0,65536
inkling-small,Inkling-Small-UD-Q3_K_XL-00004-of-00004.gguf,blk.40.shortconv_v.weight,4x1024,F32,16384,attention and recurrent state weights,GPU configured,0,16384
inkling-small,Inkling-Small-UD-Q3_K_XL-00004-of-00004.gguf,blk.41.attn_k.weight,4096x1024,Q8_0,4456448,attention and recurrent state weights,GPU configured,0,4456448
inkling-small,Inkling-Small-UD-Q3_K_XL-00004-of-00004.gguf,blk.41.attn_k_norm.weight,128,F32,512,attention and recurrent state weights,GPU configured,0,512
inkling-small,Inkling-Small-UD-Q3_K_XL-00004-of-00004.gguf,blk.41.attn_norm.weight,4096,F32,16384,attention and recurrent state weights,GPU configured,0,16384
inkling-small,Inkling-Small-UD-Q3_K_XL-00004-of-00004.gguf,blk.41.attn_output.weight,4096x4096,Q8_0,17825792,attention and recurrent state weights,GPU configured,0,17825792
inkling-small,Inkling-Small-UD-Q3_K_XL-00004-of-00004.gguf,blk.41.attn_q.weight,4096x4096,Q8_0,17825792,attention and recurrent state weights,GPU configured,0,17825792
inkling-small,Inkling-Small-UD-Q3_K_XL-00004-of-00004.gguf,blk.41.attn_q_norm.weight,128,F32,512,attention and recurrent state weights,GPU configured,0,512
inkling-small,Inkling-Small-UD-Q3_K_XL-00004-of-00004.gguf,blk.41.attn_r.weight,4096x512,Q8_0,2228224,attention and recurrent state weights,GPU configured,0,2228224
inkling-small,Inkling-Small-UD-Q3_K_XL-00004-of-00004.gguf,blk.41.attn_rel_proj.weight,1024x16,F32,65536,attention and recurrent state weights,GPU configured,0,65536
inkling-small,Inkling-Small-UD-Q3_K_XL-00004-of-00004.gguf,blk.41.attn_v.weight,4096x1024,Q8_0,4456448,attention and recurrent state weights,GPU configured,0,4456448
inkling-small,Inkling-Small-UD-Q3_K_XL-00004-of-00004.gguf,blk.41.exp_probs_b.bias,256,F32,1024,"routing, norms and other weights",GPU configured,0,1024
inkling-small,Inkling-Small-UD-Q3_K_XL-00004-of-00004.gguf,blk.41.ffn_down_exps.weight,2048x4096x256,Q6_K,1761607680,routed experts,system RAM,41287680,41287680
inkling-small,Inkling-Small-UD-Q3_K_XL-00004-of-00004.gguf,blk.41.ffn_down_shexp.weight,2048x4096x2,Q8_0,17825792,shared experts and shared gate,GPU configured,0,17825792
inkling-small,Inkling-Small-UD-Q3_K_XL-00004-of-00004.gguf,blk.41.ffn_gate_exps.weight,4096x2048x256,IQ4_XS,1140850688,routed experts,system RAM,26738688,26738688
inkling-small,Inkling-Small-UD-Q3_K_XL-00004-of-00004.gguf,blk.41.ffn_gate_inp.weight,4096x258,F32,4227072,"routing, norms and other weights",GPU configured,0,4227072
inkling-small,Inkling-Small-UD-Q3_K_XL-00004-of-00004.gguf,blk.41.ffn_gate_shexp.weight,4096x2048x2,Q8_0,17825792,shared experts and shared gate,GPU configured,0,17825792
inkling-small,Inkling-Small-UD-Q3_K_XL-00004-of-00004.gguf,blk.41.ffn_gscale.weight,1,F32,4,"routing, norms and other weights",GPU configured,0,4
inkling-small,Inkling-Small-UD-Q3_K_XL-00004-of-00004.gguf,blk.41.ffn_norm.weight,4096,F32,16384,"routing, norms and other weights",GPU configured,0,16384
inkling-small,Inkling-Small-UD-Q3_K_XL-00004-of-00004.gguf,blk.41.ffn_up_exps.weight,4096x2048x256,IQ4_XS,1140850688,routed experts,system RAM,26738688,26738688
inkling-small,Inkling-Small-UD-Q3_K_XL-00004-of-00004.gguf,blk.41.ffn_up_shexp.weight,4096x2048x2,Q8_0,17825792,shared experts and shared gate,GPU configured,0,17825792
inkling-small,Inkling-Small-UD-Q3_K_XL-00004-of-00004.gguf,blk.41.shortconv_attn.weight,4x4096,F32,65536,attention and recurrent state weights,GPU configured,0,65536
inkling-small,Inkling-Small-UD-Q3_K_XL-00004-of-00004.gguf,blk.41.shortconv_k.weight,4x1024,F32,16384,attention and recurrent state weights,GPU configured,0,16384
inkling-small,Inkling-Small-UD-Q3_K_XL-00004-of-00004.gguf,blk.41.shortconv_mlp.weight,4x4096,F32,65536,attention and recurrent state weights,GPU configured,0,65536
inkling-small,Inkling-Small-UD-Q3_K_XL-00004-of-00004.gguf,blk.41.shortconv_v.weight,4x1024,F32,16384,attention and recurrent state weights,GPU configured,0,16384
qwen397,Qwen3.5-397B-A17B-UD-IQ3_XXS-00002-of-00004.gguf,output.weight,4096x248320,Q6_K,834355200,output head and output norms,GPU configured,0,834355200
qwen397,Qwen3.5-397B-A17B-UD-IQ3_XXS-00002-of-00004.gguf,output_norm.weight,4096,F32,16384,output head and output norms,GPU configured,0,16384
qwen397,Qwen3.5-397B-A17B-UD-IQ3_XXS-00002-of-00004.gguf,token_embd.weight,4096x248320,Q6_K,834355200,input embedding,input lookup; excluded from expert-only denominator,0,3360
qwen397,Qwen3.5-397B-A17B-UD-IQ3_XXS-00002-of-00004.gguf,blk.0.attn_gate.weight,4096x8192,Q6_K,27525120,attention and recurrent state weights,GPU configured,0,27525120
qwen397,Qwen3.5-397B-A17B-UD-IQ3_XXS-00002-of-00004.gguf,blk.0.attn_norm.weight,4096,F32,16384,attention and recurrent state weights,GPU configured,0,16384
qwen397,Qwen3.5-397B-A17B-UD-IQ3_XXS-00002-of-00004.gguf,blk.0.attn_qkv.weight,4096x12288,Q6_K,41287680,attention and recurrent state weights,GPU configured,0,41287680
qwen397,Qwen3.5-397B-A17B-UD-IQ3_XXS-00002-of-00004.gguf,blk.0.ffn_down_exps.weight,1024x4096x512,IQ3_S,922746880,routed experts,system RAM,18022400,18022400
qwen397,Qwen3.5-397B-A17B-UD-IQ3_XXS-00002-of-00004.gguf,blk.0.ffn_down_shexp.weight,1024x4096,Q6_K,3440640,shared experts and shared gate,GPU configured,0,3440640
qwen397,Qwen3.5-397B-A17B-UD-IQ3_XXS-00002-of-00004.gguf,blk.0.ffn_gate_exps.weight,4096x1024x512,IQ2_S,687865856,routed experts,system RAM,13434880,13434880
qwen397,Qwen3.5-397B-A17B-UD-IQ3_XXS-00002-of-00004.gguf,blk.0.ffn_gate_inp.weight,4096x512,F32,8388608,"routing, norms and other weights",GPU configured,0,8388608
qwen397,Qwen3.5-397B-A17B-UD-IQ3_XXS-00002-of-00004.gguf,blk.0.ffn_gate_inp_shexp.weight,4096,F32,16384,shared experts and shared gate,GPU configured,0,16384
qwen397,Qwen3.5-397B-A17B-UD-IQ3_XXS-00002-of-00004.gguf,blk.0.ffn_gate_shexp.weight,4096x1024,Q6_K,3440640,shared experts and shared gate,GPU configured,0,3440640
qwen397,Qwen3.5-397B-A17B-UD-IQ3_XXS-00002-of-00004.gguf,blk.0.ffn_up_exps.weight,4096x1024x512,IQ2_S,687865856,routed experts,system RAM,13434880,13434880
qwen397,Qwen3.5-397B-A17B-UD-IQ3_XXS-00002-of-00004.gguf,blk.0.ffn_up_shexp.weight,4096x1024,Q6_K,3440640,shared experts and shared gate,GPU configured,0,3440640
qwen397,Qwen3.5-397B-A17B-UD-IQ3_XXS-00002-of-00004.gguf,blk.0.post_attention_norm.weight,4096,F32,16384,"routing, norms and other weights",GPU configured,0,16384
qwen397,Qwen3.5-397B-A17B-UD-IQ3_XXS-00002-of-00004.gguf,blk.0.ssm_a,64,F32,256,attention and recurrent state weights,GPU configured,0,256
qwen397,Qwen3.5-397B-A17B-UD-IQ3_XXS-00002-of-00004.gguf,blk.0.ssm_alpha.weight,4096x64,F32,1048576,attention and recurrent state weights,GPU configured,0,1048576
qwen397,Qwen3.5-397B-A17B-UD-IQ3_XXS-00002-of-00004.gguf,blk.0.ssm_beta.weight,4096x64,F32,1048576,attention and recurrent state weights,GPU configured,0,1048576
qwen397,Qwen3.5-397B-A17B-UD-IQ3_XXS-00002-of-00004.gguf,blk.0.ssm_conv1d.weight,4x12288,F32,196608,attention and recurrent state weights,GPU configured,0,196608
qwen397,Qwen3.5-397B-A17B-UD-IQ3_XXS-00002-of-00004.gguf,blk.0.ssm_dt.bias,64,F32,256,attention and recurrent state weights,GPU configured,0,256
qwen397,Qwen3.5-397B-A17B-UD-IQ3_XXS-00002-of-00004.gguf,blk.0.ssm_norm.weight,128,F32,512,attention and recurrent state weights,GPU configured,0,512
qwen397,Qwen3.5-397B-A17B-UD-IQ3_XXS-00002-of-00004.gguf,blk.0.ssm_out.weight,8192x4096,Q6_K,27525120,attention and recurrent state weights,GPU configured,0,27525120
qwen397,Qwen3.5-397B-A17B-UD-IQ3_XXS-00002-of-00004.gguf,blk.1.attn_gate.weight,4096x8192,Q6_K,27525120,attention and recurrent state weights,GPU configured,0,27525120
qwen397,Qwen3.5-397B-A17B-UD-IQ3_XXS-00002-of-00004.gguf,blk.1.attn_norm.weight,4096,F32,16384,attention and recurrent state weights,GPU configured,0,16384
qwen397,Qwen3.5-397B-A17B-UD-IQ3_XXS-00002-of-00004.gguf,blk.1.attn_qkv.weight,4096x12288,Q6_K,41287680,attention and recurrent state weights,GPU configured,0,41287680
qwen397,Qwen3.5-397B-A17B-UD-IQ3_XXS-00002-of-00004.gguf,blk.1.ffn_down_exps.weight,1024x4096x512,IQ3_S,922746880,routed experts,system RAM,18022400,18022400
qwen397,Qwen3.5-397B-A17B-UD-IQ3_XXS-00002-of-00004.gguf,blk.1.ffn_down_shexp.weight,1024x4096,Q6_K,3440640,shared experts and shared gate,GPU configured,0,3440640
qwen397,Qwen3.5-397B-A17B-UD-IQ3_XXS-00002-of-00004.gguf,blk.1.ffn_gate_exps.weight,4096x1024x512,IQ2_S,687865856,routed experts,system RAM,13434880,13434880
qwen397,Qwen3.5-397B-A17B-UD-IQ3_XXS-00002-of-00004.gguf,blk.1.ffn_gate_inp.weight,4096x512,F32,8388608,"routing, norms and other weights",GPU configured,0,8388608
qwen397,Qwen3.5-397B-A17B-UD-IQ3_XXS-00002-of-00004.gguf,blk.1.ffn_gate_inp_shexp.weight,4096,F32,16384,shared experts and shared gate,GPU configured,0,16384
qwen397,Qwen3.5-397B-A17B-UD-IQ3_XXS-00002-of-00004.gguf,blk.1.ffn_gate_shexp.weight,4096x1024,Q6_K,3440640,shared experts and shared gate,GPU configured,0,3440640
qwen397,Qwen3.5-397B-A17B-UD-IQ3_XXS-00002-of-00004.gguf,blk.1.ffn_up_exps.weight,4096x1024x512,IQ2_S,687865856,routed experts,system RAM,13434880,13434880
qwen397,Qwen3.5-397B-A17B-UD-IQ3_XXS-00002-of-00004.gguf,blk.1.ffn_up_shexp.weight,4096x1024,Q6_K,3440640,shared experts and shared gate,GPU configured,0,3440640
qwen397,Qwen3.5-397B-A17B-UD-IQ3_XXS-00002-of-00004.gguf,blk.1.post_attention_norm.weight,4096,F32,16384,"routing, norms and other weights",GPU configured,0,16384
qwen397,Qwen3.5-397B-A17B-UD-IQ3_XXS-00002-of-00004.gguf,blk.1.ssm_a,64,F32,256,attention and recurrent state weights,GPU configured,0,256
qwen397,Qwen3.5-397B-A17B-UD-IQ3_XXS-00002-of-00004.gguf,blk.1.ssm_alpha.weight,4096x64,F32,1048576,attention and recurrent state weights,GPU configured,0,1048576
qwen397,Qwen3.5-397B-A17B-UD-IQ3_XXS-00002-of-00004.gguf,blk.1.ssm_beta.weight,4096x64,F32,1048576,attention and recurrent state weights,GPU configured,0,1048576
qwen397,Qwen3.5-397B-A17B-UD-IQ3_XXS-00002-of-00004.gguf,blk.1.ssm_conv1d.weight,4x12288,F32,196608,attention and recurrent state weights,GPU configured,0,196608
qwen397,Qwen3.5-397B-A17B-UD-IQ3_XXS-00002-of-00004.gguf,blk.1.ssm_dt.bias,64,F32,256,attention and recurrent state weights,GPU configured,0,256
qwen397,Qwen3.5-397B-A17B-UD-IQ3_XXS-00002-of-00004.gguf,blk.1.ssm_norm.weight,128,F32,512,attention and recurrent state weights,GPU configured,0,512
qwen397,Qwen3.5-397B-A17B-UD-IQ3_XXS-00002-of-00004.gguf,blk.1.ssm_out.weight,8192x4096,Q6_K,27525120,attention and recurrent state weights,GPU configured,0,27525120
qwen397,Qwen3.5-397B-A17B-UD-IQ3_XXS-00002-of-00004.gguf,blk.2.attn_gate.weight,4096x8192,Q6_K,27525120,attention and recurrent state weights,GPU configured,0,27525120
qwen397,Qwen3.5-397B-A17B-UD-IQ3_XXS-00002-of-00004.gguf,blk.2.attn_norm.weight,4096,F32,16384,attention and recurrent state weights,GPU configured,0,16384
qwen397,Qwen3.5-397B-A17B-UD-IQ3_XXS-00002-of-00004.gguf,blk.2.attn_qkv.weight,4096x12288,Q6_K,41287680,attention and recurrent state weights,GPU configured,0,41287680
qwen397,Qwen3.5-397B-A17B-UD-IQ3_XXS-00002-of-00004.gguf,blk.2.ffn_down_exps.weight,1024x4096x512,IQ3_S,922746880,routed experts,system RAM,18022400,18022400
qwen397,Qwen3.5-397B-A17B-UD-IQ3_XXS-00002-of-00004.gguf,blk.2.ffn_down_shexp.weight,1024x4096,Q6_K,3440640,shared experts and shared gate,GPU configured,0,3440640
qwen397,Qwen3.5-397B-A17B-UD-IQ3_XXS-00002-of-00004.gguf,blk.2.ffn_gate_exps.weight,4096x1024x512,IQ2_S,687865856,routed experts,system RAM,13434880,13434880
qwen397,Qwen3.5-397B-A17B-UD-IQ3_XXS-00002-of-00004.gguf,blk.2.ffn_gate_inp.weight,4096x512,F32,8388608,"routing, norms and other weights",GPU configured,0,8388608
qwen397,Qwen3.5-397B-A17B-UD-IQ3_XXS-00002-of-00004.gguf,blk.2.ffn_gate_inp_shexp.weight,4096,F32,16384,shared experts and shared gate,GPU configured,0,16384
qwen397,Qwen3.5-397B-A17B-UD-IQ3_XXS-00002-of-00004.gguf,blk.2.ffn_gate_shexp.weight,4096x1024,Q6_K,3440640,shared experts and shared gate,GPU configured,0,3440640
qwen397,Qwen3.5-397B-A17B-UD-IQ3_XXS-00002-of-00004.gguf,blk.2.ffn_up_exps.weight,4096x1024x512,IQ2_S,687865856,routed experts,system RAM,13434880,13434880
qwen397,Qwen3.5-397B-A17B-UD-IQ3_XXS-00002-of-00004.gguf,blk.2.ffn_up_shexp.weight,4096x1024,Q6_K,3440640,shared experts and shared gate,GPU configured,0,3440640
qwen397,Qwen3.5-397B-A17B-UD-IQ3_XXS-00002-of-00004.gguf,blk.2.post_attention_norm.weight,4096,F32,16384,"routing, norms and other weights",GPU configured,0,16384
qwen397,Qwen3.5-397B-A17B-UD-IQ3_XXS-00002-of-00004.gguf,blk.2.ssm_a,64,F32,256,attention and recurrent state weights,GPU configured,0,256
qwen397,Qwen3.5-397B-A17B-UD-IQ3_XXS-00002-of-00004.gguf,blk.2.ssm_alpha.weight,4096x64,F32,1048576,attention and recurrent state weights,GPU configured,0,1048576
qwen397,Qwen3.5-397B-A17B-UD-IQ3_XXS-00002-of-00004.gguf,blk.2.ssm_beta.weight,4096x64,F32,1048576,attention and recurrent state weights,GPU configured,0,1048576
qwen397,Qwen3.5-397B-A17B-UD-IQ3_XXS-00002-of-00004.gguf,blk.2.ssm_conv1d.weight,4x12288,F32,196608,attention and recurrent state weights,GPU configured,0,196608
qwen397,Qwen3.5-397B-A17B-UD-IQ3_XXS-00002-of-00004.gguf,blk.2.ssm_dt.bias,64,F32,256,attention and recurrent state weights,GPU configured,0,256
qwen397,Qwen3.5-397B-A17B-UD-IQ3_XXS-00002-of-00004.gguf,blk.2.ssm_norm.weight,128,F32,512,attention and recurrent state weights,GPU configured,0,512
qwen397,Qwen3.5-397B-A17B-UD-IQ3_XXS-00002-of-00004.gguf,blk.2.ssm_out.weight,8192x4096,Q6_K,27525120,attention and recurrent state weights,GPU configured,0,27525120
qwen397,Qwen3.5-397B-A17B-UD-IQ3_XXS-00002-of-00004.gguf,blk.3.attn_k.weight,4096x512,Q6_K,1720320,attention and recurrent state weights,GPU configured,0,1720320
qwen397,Qwen3.5-397B-A17B-UD-IQ3_XXS-00002-of-00004.gguf,blk.3.attn_k_norm.weight,256,F32,1024,attention and recurrent state weights,GPU configured,0,1024
qwen397,Qwen3.5-397B-A17B-UD-IQ3_XXS-00002-of-00004.gguf,blk.3.attn_norm.weight,4096,F32,16384,attention and recurrent state weights,GPU configured,0,16384
qwen397,Qwen3.5-397B-A17B-UD-IQ3_XXS-00002-of-00004.gguf,blk.3.attn_output.weight,8192x4096,Q6_K,27525120,attention and recurrent state weights,GPU configured,0,27525120
qwen397,Qwen3.5-397B-A17B-UD-IQ3_XXS-00002-of-00004.gguf,blk.3.attn_q.weight,4096x16384,Q6_K,55050240,attention and recurrent state weights,GPU configured,0,55050240
qwen397,Qwen3.5-397B-A17B-UD-IQ3_XXS-00002-of-00004.gguf,blk.3.attn_q_norm.weight,256,F32,1024,attention and recurrent state weights,GPU configured,0,1024
qwen397,Qwen3.5-397B-A17B-UD-IQ3_XXS-00002-of-00004.gguf,blk.3.attn_v.weight,4096x512,Q6_K,1720320,attention and recurrent state weights,GPU configured,0,1720320
qwen397,Qwen3.5-397B-A17B-UD-IQ3_XXS-00002-of-00004.gguf,blk.3.ffn_down_exps.weight,1024x4096x512,IQ3_S,922746880,routed experts,system RAM,18022400,18022400
qwen397,Qwen3.5-397B-A17B-UD-IQ3_XXS-00002-of-00004.gguf,blk.3.ffn_down_shexp.weight,1024x4096,Q6_K,3440640,shared experts and shared gate,GPU configured,0,3440640
qwen397,Qwen3.5-397B-A17B-UD-IQ3_XXS-00002-of-00004.gguf,blk.3.ffn_gate_exps.weight,4096x1024x512,IQ2_S,687865856,routed experts,system RAM,13434880,13434880
qwen397,Qwen3.5-397B-A17B-UD-IQ3_XXS-00002-of-00004.gguf,blk.3.ffn_gate_inp.weight,4096x512,F32,8388608,"routing, norms and other weights",GPU configured,0,8388608
qwen397,Qwen3.5-397B-A17B-UD-IQ3_XXS-00002-of-00004.gguf,blk.3.ffn_gate_inp_shexp.weight,4096,F32,16384,shared experts and shared gate,GPU configured,0,16384
qwen397,Qwen3.5-397B-A17B-UD-IQ3_XXS-00002-of-00004.gguf,blk.3.ffn_gate_shexp.weight,4096x1024,Q6_K,3440640,shared experts and shared gate,GPU configured,0,3440640
qwen397,Qwen3.5-397B-A17B-UD-IQ3_XXS-00002-of-00004.gguf,blk.3.ffn_up_exps.weight,4096x1024x512,IQ2_S,687865856,routed experts,system RAM,13434880,13434880
qwen397,Qwen3.5-397B-A17B-UD-IQ3_XXS-00002-of-00004.gguf,blk.3.ffn_up_shexp.weight,4096x1024,Q6_K,3440640,shared experts and shared gate,GPU configured,0,3440640
qwen397,Qwen3.5-397B-A17B-UD-IQ3_XXS-00002-of-00004.gguf,blk.3.post_attention_norm.weight,4096,F32,16384,"routing, norms and other weights",GPU configured,0,16384
qwen397,Qwen3.5-397B-A17B-UD-IQ3_XXS-00002-of-00004.gguf,blk.4.attn_gate.weight,4096x8192,Q6_K,27525120,attention and recurrent state weights,GPU configured,0,27525120
qwen397,Qwen3.5-397B-A17B-UD-IQ3_XXS-00002-of-00004.gguf,blk.4.attn_norm.weight,4096,F32,16384,attention and recurrent state weights,GPU configured,0,16384
qwen397,Qwen3.5-397B-A17B-UD-IQ3_XXS-00002-of-00004.gguf,blk.4.attn_qkv.weight,4096x12288,Q6_K,41287680,attention and recurrent state weights,GPU configured,0,41287680
qwen397,Qwen3.5-397B-A17B-UD-IQ3_XXS-00002-of-00004.gguf,blk.4.ffn_down_exps.weight,1024x4096x512,IQ3_S,922746880,routed experts,system RAM,18022400,18022400
qwen397,Qwen3.5-397B-A17B-UD-IQ3_XXS-00002-of-00004.gguf,blk.4.ffn_down_shexp.weight,1024x4096,Q6_K,3440640,shared experts and shared gate,GPU configured,0,3440640
qwen397,Qwen3.5-397B-A17B-UD-IQ3_XXS-00002-of-00004.gguf,blk.4.ffn_gate_exps.weight,4096x1024x512,IQ2_S,687865856,routed experts,system RAM,13434880,13434880
qwen397,Qwen3.5-397B-A17B-UD-IQ3_XXS-00002-of-00004.gguf,blk.4.ffn_gate_inp.weight,4096x512,F32,8388608,"routing, norms and other weights",GPU configured,0,8388608
qwen397,Qwen3.5-397B-A17B-UD-IQ3_XXS-00002-of-00004.gguf,blk.4.ffn_gate_inp_shexp.weight,4096,F32,16384,shared experts and shared gate,GPU configured,0,16384
qwen397,Qwen3.5-397B-A17B-UD-IQ3_XXS-00002-of-00004.gguf,blk.4.ffn_gate_shexp.weight,4096x1024,Q6_K,3440640,shared experts and shared gate,GPU configured,0,3440640
qwen397,Qwen3.5-397B-A17B-UD-IQ3_XXS-00002-of-00004.gguf,blk.4.ffn_up_exps.weight,4096x1024x512,IQ2_S,687865856,routed experts,system RAM,13434880,13434880
qwen397,Qwen3.5-397B-A17B-UD-IQ3_XXS-00002-of-00004.gguf,blk.4.ffn_up_shexp.weight,4096x1024,Q6_K,3440640,shared experts and shared gate,GPU configured,0,3440640
qwen397,Qwen3.5-397B-A17B-UD-IQ3_XXS-00002-of-00004.gguf,blk.4.post_attention_norm.weight,4096,F32,16384,"routing, norms and other weights",GPU configured,0,16384
qwen397,Qwen3.5-397B-A17B-UD-IQ3_XXS-00002-of-00004.gguf,blk.4.ssm_a,64,F32,256,attention and recurrent state weights,GPU configured,0,256
qwen397,Qwen3.5-397B-A17B-UD-IQ3_XXS-00002-of-00004.gguf,blk.4.ssm_alpha.weight,4096x64,F32,1048576,attention and recurrent state weights,GPU configured,0,1048576
qwen397,Qwen3.5-397B-A17B-UD-IQ3_XXS-00002-of-00004.gguf,blk.4.ssm_beta.weight,4096x64,F32,1048576,attention and recurrent state weights,GPU configured,0,1048576
qwen397,Qwen3.5-397B-A17B-UD-IQ3_XXS-00002-of-00004.gguf,blk.4.ssm_conv1d.weight,4x12288,F32,196608,attention and recurrent state weights,GPU configured,0,196608
qwen397,Qwen3.5-397B-A17B-UD-IQ3_XXS-00002-of-00004.gguf,blk.4.ssm_dt.bias,64,F32,256,attention and recurrent state weights,GPU configured,0,256
qwen397,Qwen3.5-397B-A17B-UD-IQ3_XXS-00002-of-00004.gguf,blk.4.ssm_norm.weight,128,F32,512,attention and recurrent state weights,GPU configured,0,512
qwen397,Qwen3.5-397B-A17B-UD-IQ3_XXS-00002-of-00004.gguf,blk.4.ssm_out.weight,8192x4096,Q6_K,27525120,attention and recurrent state weights,GPU configured,0,27525120
qwen397,Qwen3.5-397B-A17B-UD-IQ3_XXS-00002-of-00004.gguf,blk.5.attn_gate.weight,4096x8192,Q6_K,27525120,attention and recurrent state weights,GPU configured,0,27525120
qwen397,Qwen3.5-397B-A17B-UD-IQ3_XXS-00002-of-00004.gguf,blk.5.attn_norm.weight,4096,F32,16384,attention and recurrent state weights,GPU configured,0,16384
qwen397,Qwen3.5-397B-A17B-UD-IQ3_XXS-00002-of-00004.gguf,blk.5.attn_qkv.weight,4096x12288,Q6_K,41287680,attention and recurrent state weights,GPU configured,0,41287680
qwen397,Qwen3.5-397B-A17B-UD-IQ3_XXS-00002-of-00004.gguf,blk.5.ffn_down_exps.weight,1024x4096x512,IQ3_S,922746880,routed experts,system RAM,18022400,18022400
qwen397,Qwen3.5-397B-A17B-UD-IQ3_XXS-00002-of-00004.gguf,blk.5.ffn_down_shexp.weight,1024x4096,Q6_K,3440640,shared experts and shared gate,GPU configured,0,3440640
qwen397,Qwen3.5-397B-A17B-UD-IQ3_XXS-00002-of-00004.gguf,blk.5.ffn_gate_exps.weight,4096x1024x512,IQ2_S,687865856,routed experts,system RAM,13434880,13434880
qwen397,Qwen3.5-397B-A17B-UD-IQ3_XXS-00002-of-00004.gguf,blk.5.ffn_gate_inp.weight,4096x512,F32,8388608,"routing, norms and other weights",GPU configured,0,8388608
qwen397,Qwen3.5-397B-A17B-UD-IQ3_XXS-00002-of-00004.gguf,blk.5.ffn_gate_inp_shexp.weight,4096,F32,16384,shared experts and shared gate,GPU configured,0,16384
qwen397,Qwen3.5-397B-A17B-UD-IQ3_XXS-00002-of-00004.gguf,blk.5.ffn_gate_shexp.weight,4096x1024,Q6_K,3440640,shared experts and shared gate,GPU configured,0,3440640
qwen397,Qwen3.5-397B-A17B-UD-IQ3_XXS-00002-of-00004.gguf,blk.5.ffn_up_exps.weight,4096x1024x512,IQ2_S,687865856,routed experts,system RAM,13434880,13434880
qwen397,Qwen3.5-397B-A17B-UD-IQ3_XXS-00002-of-00004.gguf,blk.5.ffn_up_shexp.weight,4096x1024,Q6_K,3440640,shared experts and shared gate,GPU configured,0,3440640
qwen397,Qwen3.5-397B-A17B-UD-IQ3_XXS-00002-of-00004.gguf,blk.5.post_attention_norm.weight,4096,F32,16384,"routing, norms and other weights",GPU configured,0,16384
qwen397,Qwen3.5-397B-A17B-UD-IQ3_XXS-00002-of-00004.gguf,blk.5.ssm_a,64,F32,256,attention and recurrent state weights,GPU configured,0,256
qwen397,Qwen3.5-397B-A17B-UD-IQ3_XXS-00002-of-00004.gguf,blk.5.ssm_alpha.weight,4096x64,F32,1048576,attention and recurrent state weights,GPU configured,0,1048576
qwen397,Qwen3.5-397B-A17B-UD-IQ3_XXS-00002-of-00004.gguf,blk.5.ssm_beta.weight,4096x64,F32,1048576,attention and recurrent state weights,GPU configured,0,1048576
qwen397,Qwen3.5-397B-A17B-UD-IQ3_XXS-00002-of-00004.gguf,blk.5.ssm_conv1d.weight,4x12288,F32,196608,attention and recurrent state weights,GPU configured,0,196608
qwen397,Qwen3.5-397B-A17B-UD-IQ3_XXS-00002-of-00004.gguf,blk.5.ssm_dt.bias,64,F32,256,attention and recurrent state weights,GPU configured,0,256
qwen397,Qwen3.5-397B-A17B-UD-IQ3_XXS-00002-of-00004.gguf,blk.5.ssm_norm.weight,128,F32,512,attention and recurrent state weights,GPU configured,0,512
qwen397,Qwen3.5-397B-A17B-UD-IQ3_XXS-00002-of-00004.gguf,blk.5.ssm_out.weight,8192x4096,Q6_K,27525120,attention and recurrent state weights,GPU configured,0,27525120
qwen397,Qwen3.5-397B-A17B-UD-IQ3_XXS-00002-of-00004.gguf,blk.6.attn_gate.weight,4096x8192,Q6_K,27525120,attention and recurrent state weights,GPU configured,0,27525120
qwen397,Qwen3.5-397B-A17B-UD-IQ3_XXS-00002-of-00004.gguf,blk.6.attn_norm.weight,4096,F32,16384,attention and recurrent state weights,GPU configured,0,16384
qwen397,Qwen3.5-397B-A17B-UD-IQ3_XXS-00002-of-00004.gguf,blk.6.attn_qkv.weight,4096x12288,Q6_K,41287680,attention and recurrent state weights,GPU configured,0,41287680
qwen397,Qwen3.5-397B-A17B-UD-IQ3_XXS-00002-of-00004.gguf,blk.6.ffn_down_exps.weight,1024x4096x512,IQ3_S,922746880,routed experts,system RAM,18022400,18022400
qwen397,Qwen3.5-397B-A17B-UD-IQ3_XXS-00002-of-00004.gguf,blk.6.ffn_down_shexp.weight,1024x4096,Q6_K,3440640,shared experts and shared gate,GPU configured,0,3440640
qwen397,Qwen3.5-397B-A17B-UD-IQ3_XXS-00002-of-00004.gguf,blk.6.ffn_gate_exps.weight,4096x1024x512,IQ2_S,687865856,routed experts,system RAM,13434880,13434880
qwen397,Qwen3.5-397B-A17B-UD-IQ3_XXS-00002-of-00004.gguf,blk.6.ffn_gate_inp.weight,4096x512,F32,8388608,"routing, norms and other weights",GPU configured,0,8388608
qwen397,Qwen3.5-397B-A17B-UD-IQ3_XXS-00002-of-00004.gguf,blk.6.ffn_gate_inp_shexp.weight,4096,F32,16384,shared experts and shared gate,GPU configured,0,16384
qwen397,Qwen3.5-397B-A17B-UD-IQ3_XXS-00002-of-00004.gguf,blk.6.ffn_gate_shexp.weight,4096x1024,Q6_K,3440640,shared experts and shared gate,GPU configured,0,3440640
qwen397,Qwen3.5-397B-A17B-UD-IQ3_XXS-00002-of-00004.gguf,blk.6.ffn_up_exps.weight,4096x1024x512,IQ2_S,687865856,routed experts,system RAM,13434880,13434880
qwen397,Qwen3.5-397B-A17B-UD-IQ3_XXS-00002-of-00004.gguf,blk.6.ffn_up_shexp.weight,4096x1024,Q6_K,3440640,shared experts and shared gate,GPU configured,0,3440640
qwen397,Qwen3.5-397B-A17B-UD-IQ3_XXS-00002-of-00004.gguf,blk.6.post_attention_norm.weight,4096,F32,16384,"routing, norms and other weights",GPU configured,0,16384
qwen397,Qwen3.5-397B-A17B-UD-IQ3_XXS-00002-of-00004.gguf,blk.6.ssm_a,64,F32,256,attention and recurrent state weights,GPU configured,0,256
qwen397,Qwen3.5-397B-A17B-UD-IQ3_XXS-00002-of-00004.gguf,blk.6.ssm_alpha.weight,4096x64,F32,1048576,attention and recurrent state weights,GPU configured,0,1048576
qwen397,Qwen3.5-397B-A17B-UD-IQ3_XXS-00002-of-00004.gguf,blk.6.ssm_beta.weight,4096x64,F32,1048576,attention and recurrent state weights,GPU configured,0,1048576
qwen397,Qwen3.5-397B-A17B-UD-IQ3_XXS-00002-of-00004.gguf,blk.6.ssm_conv1d.weight,4x12288,F32,196608,attention and recurrent state weights,GPU configured,0,196608
qwen397,Qwen3.5-397B-A17B-UD-IQ3_XXS-00002-of-00004.gguf,blk.6.ssm_dt.bias,64,F32,256,attention and recurrent state weights,GPU configured,0,256
qwen397,Qwen3.5-397B-A17B-UD-IQ3_XXS-00002-of-00004.gguf,blk.6.ssm_norm.weight,128,F32,512,attention and recurrent state weights,GPU configured,0,512
qwen397,Qwen3.5-397B-A17B-UD-IQ3_XXS-00002-of-00004.gguf,blk.6.ssm_out.weight,8192x4096,Q6_K,27525120,attention and recurrent state weights,GPU configured,0,27525120
qwen397,Qwen3.5-397B-A17B-UD-IQ3_XXS-00002-of-00004.gguf,blk.7.attn_k.weight,4096x512,Q6_K,1720320,attention and recurrent state weights,GPU configured,0,1720320
qwen397,Qwen3.5-397B-A17B-UD-IQ3_XXS-00002-of-00004.gguf,blk.7.attn_k_norm.weight,256,F32,1024,attention and recurrent state weights,GPU configured,0,1024
qwen397,Qwen3.5-397B-A17B-UD-IQ3_XXS-00002-of-00004.gguf,blk.7.attn_norm.weight,4096,F32,16384,attention and recurrent state weights,GPU configured,0,16384
qwen397,Qwen3.5-397B-A17B-UD-IQ3_XXS-00002-of-00004.gguf,blk.7.attn_output.weight,8192x4096,Q6_K,27525120,attention and recurrent state weights,GPU configured,0,27525120
qwen397,Qwen3.5-397B-A17B-UD-IQ3_XXS-00002-of-00004.gguf,blk.7.attn_q.weight,4096x16384,Q6_K,55050240,attention and recurrent state weights,GPU configured,0,55050240
qwen397,Qwen3.5-397B-A17B-UD-IQ3_XXS-00002-of-00004.gguf,blk.7.attn_q_norm.weight,256,F32,1024,attention and recurrent state weights,GPU configured,0,1024
qwen397,Qwen3.5-397B-A17B-UD-IQ3_XXS-00002-of-00004.gguf,blk.7.attn_v.weight,4096x512,Q6_K,1720320,attention and recurrent state weights,GPU configured,0,1720320
qwen397,Qwen3.5-397B-A17B-UD-IQ3_XXS-00002-of-00004.gguf,blk.7.ffn_down_exps.weight,1024x4096x512,IQ3_S,922746880,routed experts,system RAM,18022400,18022400
qwen397,Qwen3.5-397B-A17B-UD-IQ3_XXS-00002-of-00004.gguf,blk.7.ffn_down_shexp.weight,1024x4096,Q6_K,3440640,shared experts and shared gate,GPU configured,0,3440640
qwen397,Qwen3.5-397B-A17B-UD-IQ3_XXS-00002-of-00004.gguf,blk.7.ffn_gate_exps.weight,4096x1024x512,IQ2_S,687865856,routed experts,system RAM,13434880,13434880
qwen397,Qwen3.5-397B-A17B-UD-IQ3_XXS-00002-of-00004.gguf,blk.7.ffn_gate_inp.weight,4096x512,F32,8388608,"routing, norms and other weights",GPU configured,0,8388608
qwen397,Qwen3.5-397B-A17B-UD-IQ3_XXS-00002-of-00004.gguf,blk.7.ffn_gate_inp_shexp.weight,4096,F32,16384,shared experts and shared gate,GPU configured,0,16384
qwen397,Qwen3.5-397B-A17B-UD-IQ3_XXS-00002-of-00004.gguf,blk.7.ffn_gate_shexp.weight,4096x1024,Q6_K,3440640,shared experts and shared gate,GPU configured,0,3440640
qwen397,Qwen3.5-397B-A17B-UD-IQ3_XXS-00002-of-00004.gguf,blk.7.ffn_up_exps.weight,4096x1024x512,IQ2_S,687865856,routed experts,system RAM,13434880,13434880
qwen397,Qwen3.5-397B-A17B-UD-IQ3_XXS-00002-of-00004.gguf,blk.7.ffn_up_shexp.weight,4096x1024,Q6_K,3440640,shared experts and shared gate,GPU configured,0,3440640
qwen397,Qwen3.5-397B-A17B-UD-IQ3_XXS-00002-of-00004.gguf,blk.7.post_attention_norm.weight,4096,F32,16384,"routing, norms and other weights",GPU configured,0,16384
qwen397,Qwen3.5-397B-A17B-UD-IQ3_XXS-00002-of-00004.gguf,blk.8.attn_gate.weight,4096x8192,Q6_K,27525120,attention and recurrent state weights,GPU configured,0,27525120
qwen397,Qwen3.5-397B-A17B-UD-IQ3_XXS-00002-of-00004.gguf,blk.8.attn_norm.weight,4096,F32,16384,attention and recurrent state weights,GPU configured,0,16384
qwen397,Qwen3.5-397B-A17B-UD-IQ3_XXS-00002-of-00004.gguf,blk.8.attn_qkv.weight,4096x12288,Q6_K,41287680,attention and recurrent state weights,GPU configured,0,41287680
qwen397,Qwen3.5-397B-A17B-UD-IQ3_XXS-00002-of-00004.gguf,blk.8.ffn_down_exps.weight,1024x4096x512,IQ3_S,922746880,routed experts,system RAM,18022400,18022400
qwen397,Qwen3.5-397B-A17B-UD-IQ3_XXS-00002-of-00004.gguf,blk.8.ffn_down_shexp.weight,1024x4096,Q6_K,3440640,shared experts and shared gate,GPU configured,0,3440640
qwen397,Qwen3.5-397B-A17B-UD-IQ3_XXS-00002-of-00004.gguf,blk.8.ffn_gate_exps.weight,4096x1024x512,IQ2_S,687865856,routed experts,system RAM,13434880,13434880
qwen397,Qwen3.5-397B-A17B-UD-IQ3_XXS-00002-of-00004.gguf,blk.8.ffn_gate_inp.weight,4096x512,F32,8388608,"routing, norms and other weights",GPU configured,0,8388608
qwen397,Qwen3.5-397B-A17B-UD-IQ3_XXS-00002-of-00004.gguf,blk.8.ffn_gate_inp_shexp.weight,4096,F32,16384,shared experts and shared gate,GPU configured,0,16384
qwen397,Qwen3.5-397B-A17B-UD-IQ3_XXS-00002-of-00004.gguf,blk.8.ffn_gate_shexp.weight,4096x1024,Q6_K,3440640,shared experts and shared gate,GPU configured,0,3440640
qwen397,Qwen3.5-397B-A17B-UD-IQ3_XXS-00002-of-00004.gguf,blk.8.ffn_up_exps.weight,4096x1024x512,IQ2_S,687865856,routed experts,system RAM,13434880,13434880
qwen397,Qwen3.5-397B-A17B-UD-IQ3_XXS-00002-of-00004.gguf,blk.8.ffn_up_shexp.weight,4096x1024,Q6_K,3440640,shared experts and shared gate,GPU configured,0,3440640
qwen397,Qwen3.5-397B-A17B-UD-IQ3_XXS-00002-of-00004.gguf,blk.8.post_attention_norm.weight,4096,F32,16384,"routing, norms and other weights",GPU configured,0,16384
qwen397,Qwen3.5-397B-A17B-UD-IQ3_XXS-00002-of-00004.gguf,blk.8.ssm_a,64,F32,256,attention and recurrent state weights,GPU configured,0,256
qwen397,Qwen3.5-397B-A17B-UD-IQ3_XXS-00002-of-00004.gguf,blk.8.ssm_alpha.weight,4096x64,F32,1048576,attention and recurrent state weights,GPU configured,0,1048576
qwen397,Qwen3.5-397B-A17B-UD-IQ3_XXS-00002-of-00004.gguf,blk.8.ssm_beta.weight,4096x64,F32,1048576,attention and recurrent state weights,GPU configured,0,1048576
qwen397,Qwen3.5-397B-A17B-UD-IQ3_XXS-00002-of-00004.gguf,blk.8.ssm_conv1d.weight,4x12288,F32,196608,attention and recurrent state weights,GPU configured,0,196608
qwen397,Qwen3.5-397B-A17B-UD-IQ3_XXS-00002-of-00004.gguf,blk.8.ssm_dt.bias,64,F32,256,attention and recurrent state weights,GPU configured,0,256
qwen397,Qwen3.5-397B-A17B-UD-IQ3_XXS-00002-of-00004.gguf,blk.8.ssm_norm.weight,128,F32,512,attention and recurrent state weights,GPU configured,0,512
qwen397,Qwen3.5-397B-A17B-UD-IQ3_XXS-00002-of-00004.gguf,blk.8.ssm_out.weight,8192x4096,Q6_K,27525120,attention and recurrent state weights,GPU configured,0,27525120
qwen397,Qwen3.5-397B-A17B-UD-IQ3_XXS-00002-of-00004.gguf,blk.9.attn_gate.weight,4096x8192,Q6_K,27525120,attention and recurrent state weights,GPU configured,0,27525120
qwen397,Qwen3.5-397B-A17B-UD-IQ3_XXS-00002-of-00004.gguf,blk.9.attn_norm.weight,4096,F32,16384,attention and recurrent state weights,GPU configured,0,16384
qwen397,Qwen3.5-397B-A17B-UD-IQ3_XXS-00002-of-00004.gguf,blk.9.attn_qkv.weight,4096x12288,Q6_K,41287680,attention and recurrent state weights,GPU configured,0,41287680
qwen397,Qwen3.5-397B-A17B-UD-IQ3_XXS-00002-of-00004.gguf,blk.9.ffn_down_exps.weight,1024x4096x512,IQ3_S,922746880,routed experts,system RAM,18022400,18022400
qwen397,Qwen3.5-397B-A17B-UD-IQ3_XXS-00002-of-00004.gguf,blk.9.ffn_down_shexp.weight,1024x4096,Q6_K,3440640,shared experts and shared gate,GPU configured,0,3440640
qwen397,Qwen3.5-397B-A17B-UD-IQ3_XXS-00002-of-00004.gguf,blk.9.ffn_gate_exps.weight,4096x1024x512,IQ2_S,687865856,routed experts,system RAM,13434880,13434880
qwen397,Qwen3.5-397B-A17B-UD-IQ3_XXS-00002-of-00004.gguf,blk.9.ffn_gate_inp.weight,4096x512,F32,8388608,"routing, norms and other weights",GPU configured,0,8388608
qwen397,Qwen3.5-397B-A17B-UD-IQ3_XXS-00002-of-00004.gguf,blk.9.ffn_gate_inp_shexp.weight,4096,F32,16384,shared experts and shared gate,GPU configured,0,16384
qwen397,Qwen3.5-397B-A17B-UD-IQ3_XXS-00002-of-00004.gguf,blk.9.ffn_gate_shexp.weight,4096x1024,Q6_K,3440640,shared experts and shared gate,GPU configured,0,3440640
qwen397,Qwen3.5-397B-A17B-UD-IQ3_XXS-00002-of-00004.gguf,blk.9.ffn_up_exps.weight,4096x1024x512,IQ2_S,687865856,routed experts,system RAM,13434880,13434880
qwen397,Qwen3.5-397B-A17B-UD-IQ3_XXS-00002-of-00004.gguf,blk.9.ffn_up_shexp.weight,4096x1024,Q6_K,3440640,shared experts and shared gate,GPU configured,0,3440640
qwen397,Qwen3.5-397B-A17B-UD-IQ3_XXS-00002-of-00004.gguf,blk.9.post_attention_norm.weight,4096,F32,16384,"routing, norms and other weights",GPU configured,0,16384
qwen397,Qwen3.5-397B-A17B-UD-IQ3_XXS-00002-of-00004.gguf,blk.9.ssm_a,64,F32,256,attention and recurrent state weights,GPU configured,0,256
qwen397,Qwen3.5-397B-A17B-UD-IQ3_XXS-00002-of-00004.gguf,blk.9.ssm_alpha.weight,4096x64,F32,1048576,attention and recurrent state weights,GPU configured,0,1048576
qwen397,Qwen3.5-397B-A17B-UD-IQ3_XXS-00002-of-00004.gguf,blk.9.ssm_beta.weight,4096x64,F32,1048576,attention and recurrent state weights,GPU configured,0,1048576
qwen397,Qwen3.5-397B-A17B-UD-IQ3_XXS-00002-of-00004.gguf,blk.9.ssm_conv1d.weight,4x12288,F32,196608,attention and recurrent state weights,GPU configured,0,196608
qwen397,Qwen3.5-397B-A17B-UD-IQ3_XXS-00002-of-00004.gguf,blk.9.ssm_dt.bias,64,F32,256,attention and recurrent state weights,GPU configured,0,256
qwen397,Qwen3.5-397B-A17B-UD-IQ3_XXS-00002-of-00004.gguf,blk.9.ssm_norm.weight,128,F32,512,attention and recurrent state weights,GPU configured,0,512
qwen397,Qwen3.5-397B-A17B-UD-IQ3_XXS-00002-of-00004.gguf,blk.9.ssm_out.weight,8192x4096,Q6_K,27525120,attention and recurrent state weights,GPU configured,0,27525120
qwen397,Qwen3.5-397B-A17B-UD-IQ3_XXS-00002-of-00004.gguf,blk.10.attn_gate.weight,4096x8192,Q6_K,27525120,attention and recurrent state weights,GPU configured,0,27525120
qwen397,Qwen3.5-397B-A17B-UD-IQ3_XXS-00002-of-00004.gguf,blk.10.attn_norm.weight,4096,F32,16384,attention and recurrent state weights,GPU configured,0,16384
qwen397,Qwen3.5-397B-A17B-UD-IQ3_XXS-00002-of-00004.gguf,blk.10.attn_qkv.weight,4096x12288,Q6_K,41287680,attention and recurrent state weights,GPU configured,0,41287680
qwen397,Qwen3.5-397B-A17B-UD-IQ3_XXS-00002-of-00004.gguf,blk.10.ffn_down_exps.weight,1024x4096x512,IQ3_S,922746880,routed experts,system RAM,18022400,18022400
qwen397,Qwen3.5-397B-A17B-UD-IQ3_XXS-00002-of-00004.gguf,blk.10.ffn_down_shexp.weight,1024x4096,Q6_K,3440640,shared experts and shared gate,GPU configured,0,3440640
qwen397,Qwen3.5-397B-A17B-UD-IQ3_XXS-00002-of-00004.gguf,blk.10.ffn_gate_exps.weight,4096x1024x512,IQ2_S,687865856,routed experts,system RAM,13434880,13434880
qwen397,Qwen3.5-397B-A17B-UD-IQ3_XXS-00002-of-00004.gguf,blk.10.ffn_gate_inp.weight,4096x512,F32,8388608,"routing, norms and other weights",GPU configured,0,8388608
qwen397,Qwen3.5-397B-A17B-UD-IQ3_XXS-00002-of-00004.gguf,blk.10.ffn_gate_inp_shexp.weight,4096,F32,16384,shared experts and shared gate,GPU configured,0,16384
qwen397,Qwen3.5-397B-A17B-UD-IQ3_XXS-00002-of-00004.gguf,blk.10.ffn_gate_shexp.weight,4096x1024,Q6_K,3440640,shared experts and shared gate,GPU configured,0,3440640
qwen397,Qwen3.5-397B-A17B-UD-IQ3_XXS-00002-of-00004.gguf,blk.10.ffn_up_exps.weight,4096x1024x512,IQ2_S,687865856,routed experts,system RAM,13434880,13434880
qwen397,Qwen3.5-397B-A17B-UD-IQ3_XXS-00002-of-00004.gguf,blk.10.ffn_up_shexp.weight,4096x1024,Q6_K,3440640,shared experts and shared gate,GPU configured,0,3440640
qwen397,Qwen3.5-397B-A17B-UD-IQ3_XXS-00002-of-00004.gguf,blk.10.post_attention_norm.weight,4096,F32,16384,"routing, norms and other weights",GPU configured,0,16384
qwen397,Qwen3.5-397B-A17B-UD-IQ3_XXS-00002-of-00004.gguf,blk.10.ssm_a,64,F32,256,attention and recurrent state weights,GPU configured,0,256
qwen397,Qwen3.5-397B-A17B-UD-IQ3_XXS-00002-of-00004.gguf,blk.10.ssm_alpha.weight,4096x64,F32,1048576,attention and recurrent state weights,GPU configured,0,1048576
qwen397,Qwen3.5-397B-A17B-UD-IQ3_XXS-00002-of-00004.gguf,blk.10.ssm_beta.weight,4096x64,F32,1048576,attention and recurrent state weights,GPU configured,0,1048576
qwen397,Qwen3.5-397B-A17B-UD-IQ3_XXS-00002-of-00004.gguf,blk.10.ssm_conv1d.weight,4x12288,F32,196608,attention and recurrent state weights,GPU configured,0,196608
qwen397,Qwen3.5-397B-A17B-UD-IQ3_XXS-00002-of-00004.gguf,blk.10.ssm_dt.bias,64,F32,256,attention and recurrent state weights,GPU configured,0,256
qwen397,Qwen3.5-397B-A17B-UD-IQ3_XXS-00002-of-00004.gguf,blk.10.ssm_norm.weight,128,F32,512,attention and recurrent state weights,GPU configured,0,512
qwen397,Qwen3.5-397B-A17B-UD-IQ3_XXS-00002-of-00004.gguf,blk.10.ssm_out.weight,8192x4096,Q6_K,27525120,attention and recurrent state weights,GPU configured,0,27525120
qwen397,Qwen3.5-397B-A17B-UD-IQ3_XXS-00002-of-00004.gguf,blk.11.attn_k.weight,4096x512,Q6_K,1720320,attention and recurrent state weights,GPU configured,0,1720320
qwen397,Qwen3.5-397B-A17B-UD-IQ3_XXS-00002-of-00004.gguf,blk.11.attn_k_norm.weight,256,F32,1024,attention and recurrent state weights,GPU configured,0,1024
qwen397,Qwen3.5-397B-A17B-UD-IQ3_XXS-00002-of-00004.gguf,blk.11.attn_norm.weight,4096,F32,16384,attention and recurrent state weights,GPU configured,0,16384
qwen397,Qwen3.5-397B-A17B-UD-IQ3_XXS-00002-of-00004.gguf,blk.11.attn_output.weight,8192x4096,Q6_K,27525120,attention and recurrent state weights,GPU configured,0,27525120
qwen397,Qwen3.5-397B-A17B-UD-IQ3_XXS-00002-of-00004.gguf,blk.11.attn_q.weight,4096x16384,Q6_K,55050240,attention and recurrent state weights,GPU configured,0,55050240
qwen397,Qwen3.5-397B-A17B-UD-IQ3_XXS-00002-of-00004.gguf,blk.11.attn_q_norm.weight,256,F32,1024,attention and recurrent state weights,GPU configured,0,1024
qwen397,Qwen3.5-397B-A17B-UD-IQ3_XXS-00002-of-00004.gguf,blk.11.attn_v.weight,4096x512,Q6_K,1720320,attention and recurrent state weights,GPU configured,0,1720320
qwen397,Qwen3.5-397B-A17B-UD-IQ3_XXS-00002-of-00004.gguf,blk.11.ffn_down_exps.weight,1024x4096x512,IQ3_S,922746880,routed experts,system RAM,18022400,18022400
qwen397,Qwen3.5-397B-A17B-UD-IQ3_XXS-00002-of-00004.gguf,blk.11.ffn_down_shexp.weight,1024x4096,Q6_K,3440640,shared experts and shared gate,GPU configured,0,3440640
qwen397,Qwen3.5-397B-A17B-UD-IQ3_XXS-00002-of-00004.gguf,blk.11.ffn_gate_exps.weight,4096x1024x512,IQ2_S,687865856,routed experts,system RAM,13434880,13434880
qwen397,Qwen3.5-397B-A17B-UD-IQ3_XXS-00002-of-00004.gguf,blk.11.ffn_gate_inp.weight,4096x512,F32,8388608,"routing, norms and other weights",GPU configured,0,8388608
qwen397,Qwen3.5-397B-A17B-UD-IQ3_XXS-00002-of-00004.gguf,blk.11.ffn_gate_inp_shexp.weight,4096,F32,16384,shared experts and shared gate,GPU configured,0,16384
qwen397,Qwen3.5-397B-A17B-UD-IQ3_XXS-00002-of-00004.gguf,blk.11.ffn_gate_shexp.weight,4096x1024,Q6_K,3440640,shared experts and shared gate,GPU configured,0,3440640
qwen397,Qwen3.5-397B-A17B-UD-IQ3_XXS-00002-of-00004.gguf,blk.11.ffn_up_exps.weight,4096x1024x512,IQ2_S,687865856,routed experts,system RAM,13434880,13434880
qwen397,Qwen3.5-397B-A17B-UD-IQ3_XXS-00002-of-00004.gguf,blk.11.ffn_up_shexp.weight,4096x1024,Q6_K,3440640,shared experts and shared gate,GPU configured,0,3440640
qwen397,Qwen3.5-397B-A17B-UD-IQ3_XXS-00002-of-00004.gguf,blk.11.post_attention_norm.weight,4096,F32,16384,"routing, norms and other weights",GPU configured,0,16384
qwen397,Qwen3.5-397B-A17B-UD-IQ3_XXS-00002-of-00004.gguf,blk.12.attn_gate.weight,4096x8192,Q6_K,27525120,attention and recurrent state weights,GPU configured,0,27525120
qwen397,Qwen3.5-397B-A17B-UD-IQ3_XXS-00002-of-00004.gguf,blk.12.attn_norm.weight,4096,F32,16384,attention and recurrent state weights,GPU configured,0,16384
qwen397,Qwen3.5-397B-A17B-UD-IQ3_XXS-00002-of-00004.gguf,blk.12.attn_qkv.weight,4096x12288,Q6_K,41287680,attention and recurrent state weights,GPU configured,0,41287680
qwen397,Qwen3.5-397B-A17B-UD-IQ3_XXS-00002-of-00004.gguf,blk.12.ffn_down_exps.weight,1024x4096x512,IQ3_S,922746880,routed experts,system RAM,18022400,18022400
qwen397,Qwen3.5-397B-A17B-UD-IQ3_XXS-00002-of-00004.gguf,blk.12.ffn_down_shexp.weight,1024x4096,Q6_K,3440640,shared experts and shared gate,GPU configured,0,3440640
qwen397,Qwen3.5-397B-A17B-UD-IQ3_XXS-00002-of-00004.gguf,blk.12.ffn_gate_exps.weight,4096x1024x512,IQ2_S,687865856,routed experts,system RAM,13434880,13434880
qwen397,Qwen3.5-397B-A17B-UD-IQ3_XXS-00002-of-00004.gguf,blk.12.ffn_gate_inp.weight,4096x512,F32,8388608,"routing, norms and other weights",GPU configured,0,8388608
qwen397,Qwen3.5-397B-A17B-UD-IQ3_XXS-00002-of-00004.gguf,blk.12.ffn_gate_inp_shexp.weight,4096,F32,16384,shared experts and shared gate,GPU configured,0,16384
qwen397,Qwen3.5-397B-A17B-UD-IQ3_XXS-00002-of-00004.gguf,blk.12.ffn_gate_shexp.weight,4096x1024,Q6_K,3440640,shared experts and shared gate,GPU configured,0,3440640
qwen397,Qwen3.5-397B-A17B-UD-IQ3_XXS-00002-of-00004.gguf,blk.12.ffn_up_exps.weight,4096x1024x512,IQ2_S,687865856,routed experts,system RAM,13434880,13434880
qwen397,Qwen3.5-397B-A17B-UD-IQ3_XXS-00002-of-00004.gguf,blk.12.ffn_up_shexp.weight,4096x1024,Q6_K,3440640,shared experts and shared gate,GPU configured,0,3440640
qwen397,Qwen3.5-397B-A17B-UD-IQ3_XXS-00002-of-00004.gguf,blk.12.post_attention_norm.weight,4096,F32,16384,"routing, norms and other weights",GPU configured,0,16384
qwen397,Qwen3.5-397B-A17B-UD-IQ3_XXS-00002-of-00004.gguf,blk.12.ssm_a,64,F32,256,attention and recurrent state weights,GPU configured,0,256
qwen397,Qwen3.5-397B-A17B-UD-IQ3_XXS-00002-of-00004.gguf,blk.12.ssm_alpha.weight,4096x64,F32,1048576,attention and recurrent state weights,GPU configured,0,1048576
qwen397,Qwen3.5-397B-A17B-UD-IQ3_XXS-00002-of-00004.gguf,blk.12.ssm_beta.weight,4096x64,F32,1048576,attention and recurrent state weights,GPU configured,0,1048576
qwen397,Qwen3.5-397B-A17B-UD-IQ3_XXS-00002-of-00004.gguf,blk.12.ssm_conv1d.weight,4x12288,F32,196608,attention and recurrent state weights,GPU configured,0,196608
qwen397,Qwen3.5-397B-A17B-UD-IQ3_XXS-00002-of-00004.gguf,blk.12.ssm_dt.bias,64,F32,256,attention and recurrent state weights,GPU configured,0,256
qwen397,Qwen3.5-397B-A17B-UD-IQ3_XXS-00002-of-00004.gguf,blk.12.ssm_norm.weight,128,F32,512,attention and recurrent state weights,GPU configured,0,512
qwen397,Qwen3.5-397B-A17B-UD-IQ3_XXS-00002-of-00004.gguf,blk.12.ssm_out.weight,8192x4096,Q6_K,27525120,attention and recurrent state weights,GPU configured,0,27525120
qwen397,Qwen3.5-397B-A17B-UD-IQ3_XXS-00002-of-00004.gguf,blk.13.attn_gate.weight,4096x8192,Q6_K,27525120,attention and recurrent state weights,GPU configured,0,27525120
qwen397,Qwen3.5-397B-A17B-UD-IQ3_XXS-00002-of-00004.gguf,blk.13.attn_norm.weight,4096,F32,16384,attention and recurrent state weights,GPU configured,0,16384
qwen397,Qwen3.5-397B-A17B-UD-IQ3_XXS-00002-of-00004.gguf,blk.13.attn_qkv.weight,4096x12288,Q6_K,41287680,attention and recurrent state weights,GPU configured,0,41287680
qwen397,Qwen3.5-397B-A17B-UD-IQ3_XXS-00002-of-00004.gguf,blk.13.ffn_down_exps.weight,1024x4096x512,IQ3_S,922746880,routed experts,system RAM,18022400,18022400
qwen397,Qwen3.5-397B-A17B-UD-IQ3_XXS-00002-of-00004.gguf,blk.13.ffn_down_shexp.weight,1024x4096,Q6_K,3440640,shared experts and shared gate,GPU configured,0,3440640
qwen397,Qwen3.5-397B-A17B-UD-IQ3_XXS-00002-of-00004.gguf,blk.13.ffn_gate_exps.weight,4096x1024x512,IQ2_S,687865856,routed experts,system RAM,13434880,13434880
qwen397,Qwen3.5-397B-A17B-UD-IQ3_XXS-00002-of-00004.gguf,blk.13.ffn_gate_inp.weight,4096x512,F32,8388608,"routing, norms and other weights",GPU configured,0,8388608
qwen397,Qwen3.5-397B-A17B-UD-IQ3_XXS-00002-of-00004.gguf,blk.13.ffn_gate_inp_shexp.weight,4096,F32,16384,shared experts and shared gate,GPU configured,0,16384
qwen397,Qwen3.5-397B-A17B-UD-IQ3_XXS-00002-of-00004.gguf,blk.13.ffn_gate_shexp.weight,4096x1024,Q6_K,3440640,shared experts and shared gate,GPU configured,0,3440640
qwen397,Qwen3.5-397B-A17B-UD-IQ3_XXS-00002-of-00004.gguf,blk.13.ffn_up_exps.weight,4096x1024x512,IQ2_S,687865856,routed experts,system RAM,13434880,13434880
qwen397,Qwen3.5-397B-A17B-UD-IQ3_XXS-00002-of-00004.gguf,blk.13.ffn_up_shexp.weight,4096x1024,Q6_K,3440640,shared experts and shared gate,GPU configured,0,3440640
qwen397,Qwen3.5-397B-A17B-UD-IQ3_XXS-00002-of-00004.gguf,blk.13.post_attention_norm.weight,4096,F32,16384,"routing, norms and other weights",GPU configured,0,16384
qwen397,Qwen3.5-397B-A17B-UD-IQ3_XXS-00002-of-00004.gguf,blk.13.ssm_a,64,F32,256,attention and recurrent state weights,GPU configured,0,256
qwen397,Qwen3.5-397B-A17B-UD-IQ3_XXS-00002-of-00004.gguf,blk.13.ssm_alpha.weight,4096x64,F32,1048576,attention and recurrent state weights,GPU configured,0,1048576
qwen397,Qwen3.5-397B-A17B-UD-IQ3_XXS-00002-of-00004.gguf,blk.13.ssm_beta.weight,4096x64,F32,1048576,attention and recurrent state weights,GPU configured,0,1048576
qwen397,Qwen3.5-397B-A17B-UD-IQ3_XXS-00002-of-00004.gguf,blk.13.ssm_conv1d.weight,4x12288,F32,196608,attention and recurrent state weights,GPU configured,0,196608
qwen397,Qwen3.5-397B-A17B-UD-IQ3_XXS-00002-of-00004.gguf,blk.13.ssm_dt.bias,64,F32,256,attention and recurrent state weights,GPU configured,0,256
qwen397,Qwen3.5-397B-A17B-UD-IQ3_XXS-00002-of-00004.gguf,blk.13.ssm_norm.weight,128,F32,512,attention and recurrent state weights,GPU configured,0,512
qwen397,Qwen3.5-397B-A17B-UD-IQ3_XXS-00002-of-00004.gguf,blk.13.ssm_out.weight,8192x4096,Q6_K,27525120,attention and recurrent state weights,GPU configured,0,27525120
qwen397,Qwen3.5-397B-A17B-UD-IQ3_XXS-00002-of-00004.gguf,blk.14.attn_gate.weight,4096x8192,Q6_K,27525120,attention and recurrent state weights,GPU configured,0,27525120
qwen397,Qwen3.5-397B-A17B-UD-IQ3_XXS-00002-of-00004.gguf,blk.14.attn_norm.weight,4096,F32,16384,attention and recurrent state weights,GPU configured,0,16384
qwen397,Qwen3.5-397B-A17B-UD-IQ3_XXS-00002-of-00004.gguf,blk.14.attn_qkv.weight,4096x12288,Q6_K,41287680,attention and recurrent state weights,GPU configured,0,41287680
qwen397,Qwen3.5-397B-A17B-UD-IQ3_XXS-00002-of-00004.gguf,blk.14.ffn_down_exps.weight,1024x4096x512,IQ3_S,922746880,routed experts,system RAM,18022400,18022400
qwen397,Qwen3.5-397B-A17B-UD-IQ3_XXS-00002-of-00004.gguf,blk.14.ffn_down_shexp.weight,1024x4096,Q6_K,3440640,shared experts and shared gate,GPU configured,0,3440640
qwen397,Qwen3.5-397B-A17B-UD-IQ3_XXS-00002-of-00004.gguf,blk.14.ffn_gate_exps.weight,4096x1024x512,IQ2_S,687865856,routed experts,system RAM,13434880,13434880
qwen397,Qwen3.5-397B-A17B-UD-IQ3_XXS-00002-of-00004.gguf,blk.14.ffn_gate_inp.weight,4096x512,F32,8388608,"routing, norms and other weights",GPU configured,0,8388608
qwen397,Qwen3.5-397B-A17B-UD-IQ3_XXS-00002-of-00004.gguf,blk.14.ffn_gate_inp_shexp.weight,4096,F32,16384,shared experts and shared gate,GPU configured,0,16384
qwen397,Qwen3.5-397B-A17B-UD-IQ3_XXS-00002-of-00004.gguf,blk.14.ffn_gate_shexp.weight,4096x1024,Q6_K,3440640,shared experts and shared gate,GPU configured,0,3440640
qwen397,Qwen3.5-397B-A17B-UD-IQ3_XXS-00002-of-00004.gguf,blk.14.ffn_up_exps.weight,4096x1024x512,IQ2_S,687865856,routed experts,system RAM,13434880,13434880
qwen397,Qwen3.5-397B-A17B-UD-IQ3_XXS-00002-of-00004.gguf,blk.14.ffn_up_shexp.weight,4096x1024,Q6_K,3440640,shared experts and shared gate,GPU configured,0,3440640
qwen397,Qwen3.5-397B-A17B-UD-IQ3_XXS-00002-of-00004.gguf,blk.14.post_attention_norm.weight,4096,F32,16384,"routing, norms and other weights",GPU configured,0,16384
qwen397,Qwen3.5-397B-A17B-UD-IQ3_XXS-00002-of-00004.gguf,blk.14.ssm_a,64,F32,256,attention and recurrent state weights,GPU configured,0,256
qwen397,Qwen3.5-397B-A17B-UD-IQ3_XXS-00002-of-00004.gguf,blk.14.ssm_alpha.weight,4096x64,F32,1048576,attention and recurrent state weights,GPU configured,0,1048576
qwen397,Qwen3.5-397B-A17B-UD-IQ3_XXS-00002-of-00004.gguf,blk.14.ssm_beta.weight,4096x64,F32,1048576,attention and recurrent state weights,GPU configured,0,1048576
qwen397,Qwen3.5-397B-A17B-UD-IQ3_XXS-00002-of-00004.gguf,blk.14.ssm_conv1d.weight,4x12288,F32,196608,attention and recurrent state weights,GPU configured,0,196608
qwen397,Qwen3.5-397B-A17B-UD-IQ3_XXS-00002-of-00004.gguf,blk.14.ssm_dt.bias,64,F32,256,attention and recurrent state weights,GPU configured,0,256
qwen397,Qwen3.5-397B-A17B-UD-IQ3_XXS-00002-of-00004.gguf,blk.14.ssm_norm.weight,128,F32,512,attention and recurrent state weights,GPU configured,0,512
qwen397,Qwen3.5-397B-A17B-UD-IQ3_XXS-00002-of-00004.gguf,blk.14.ssm_out.weight,8192x4096,Q6_K,27525120,attention and recurrent state weights,GPU configured,0,27525120
qwen397,Qwen3.5-397B-A17B-UD-IQ3_XXS-00002-of-00004.gguf,blk.15.attn_k.weight,4096x512,Q6_K,1720320,attention and recurrent state weights,GPU configured,0,1720320
qwen397,Qwen3.5-397B-A17B-UD-IQ3_XXS-00002-of-00004.gguf,blk.15.attn_k_norm.weight,256,F32,1024,attention and recurrent state weights,GPU configured,0,1024
qwen397,Qwen3.5-397B-A17B-UD-IQ3_XXS-00002-of-00004.gguf,blk.15.attn_norm.weight,4096,F32,16384,attention and recurrent state weights,GPU configured,0,16384
qwen397,Qwen3.5-397B-A17B-UD-IQ3_XXS-00002-of-00004.gguf,blk.15.attn_output.weight,8192x4096,Q6_K,27525120,attention and recurrent state weights,GPU configured,0,27525120
qwen397,Qwen3.5-397B-A17B-UD-IQ3_XXS-00002-of-00004.gguf,blk.15.attn_q.weight,4096x16384,Q6_K,55050240,attention and recurrent state weights,GPU configured,0,55050240
qwen397,Qwen3.5-397B-A17B-UD-IQ3_XXS-00002-of-00004.gguf,blk.15.attn_q_norm.weight,256,F32,1024,attention and recurrent state weights,GPU configured,0,1024
qwen397,Qwen3.5-397B-A17B-UD-IQ3_XXS-00002-of-00004.gguf,blk.15.attn_v.weight,4096x512,Q6_K,1720320,attention and recurrent state weights,GPU configured,0,1720320
qwen397,Qwen3.5-397B-A17B-UD-IQ3_XXS-00002-of-00004.gguf,blk.15.ffn_down_exps.weight,1024x4096x512,IQ3_S,922746880,routed experts,system RAM,18022400,18022400
qwen397,Qwen3.5-397B-A17B-UD-IQ3_XXS-00002-of-00004.gguf,blk.15.ffn_down_shexp.weight,1024x4096,Q6_K,3440640,shared experts and shared gate,GPU configured,0,3440640
qwen397,Qwen3.5-397B-A17B-UD-IQ3_XXS-00002-of-00004.gguf,blk.15.ffn_gate_exps.weight,4096x1024x512,IQ2_S,687865856,routed experts,system RAM,13434880,13434880
qwen397,Qwen3.5-397B-A17B-UD-IQ3_XXS-00002-of-00004.gguf,blk.15.ffn_gate_inp.weight,4096x512,F32,8388608,"routing, norms and other weights",GPU configured,0,8388608
qwen397,Qwen3.5-397B-A17B-UD-IQ3_XXS-00002-of-00004.gguf,blk.15.ffn_gate_inp_shexp.weight,4096,F32,16384,shared experts and shared gate,GPU configured,0,16384
qwen397,Qwen3.5-397B-A17B-UD-IQ3_XXS-00002-of-00004.gguf,blk.15.ffn_gate_shexp.weight,4096x1024,Q6_K,3440640,shared experts and shared gate,GPU configured,0,3440640
qwen397,Qwen3.5-397B-A17B-UD-IQ3_XXS-00002-of-00004.gguf,blk.15.ffn_up_exps.weight,4096x1024x512,IQ2_S,687865856,routed experts,system RAM,13434880,13434880
qwen397,Qwen3.5-397B-A17B-UD-IQ3_XXS-00002-of-00004.gguf,blk.15.ffn_up_shexp.weight,4096x1024,Q6_K,3440640,shared experts and shared gate,GPU configured,0,3440640
qwen397,Qwen3.5-397B-A17B-UD-IQ3_XXS-00002-of-00004.gguf,blk.15.post_attention_norm.weight,4096,F32,16384,"routing, norms and other weights",GPU configured,0,16384
qwen397,Qwen3.5-397B-A17B-UD-IQ3_XXS-00002-of-00004.gguf,blk.16.attn_gate.weight,4096x8192,Q6_K,27525120,attention and recurrent state weights,GPU configured,0,27525120
qwen397,Qwen3.5-397B-A17B-UD-IQ3_XXS-00002-of-00004.gguf,blk.16.attn_norm.weight,4096,F32,16384,attention and recurrent state weights,GPU configured,0,16384
qwen397,Qwen3.5-397B-A17B-UD-IQ3_XXS-00002-of-00004.gguf,blk.16.attn_qkv.weight,4096x12288,Q6_K,41287680,attention and recurrent state weights,GPU configured,0,41287680
qwen397,Qwen3.5-397B-A17B-UD-IQ3_XXS-00002-of-00004.gguf,blk.16.ffn_down_exps.weight,1024x4096x512,IQ3_S,922746880,routed experts,system RAM,18022400,18022400
qwen397,Qwen3.5-397B-A17B-UD-IQ3_XXS-00002-of-00004.gguf,blk.16.ffn_down_shexp.weight,1024x4096,Q6_K,3440640,shared experts and shared gate,GPU configured,0,3440640
qwen397,Qwen3.5-397B-A17B-UD-IQ3_XXS-00002-of-00004.gguf,blk.16.ffn_gate_exps.weight,4096x1024x512,IQ2_S,687865856,routed experts,system RAM,13434880,13434880
qwen397,Qwen3.5-397B-A17B-UD-IQ3_XXS-00002-of-00004.gguf,blk.16.ffn_gate_inp.weight,4096x512,F32,8388608,"routing, norms and other weights",GPU configured,0,8388608
qwen397,Qwen3.5-397B-A17B-UD-IQ3_XXS-00002-of-00004.gguf,blk.16.ffn_gate_inp_shexp.weight,4096,F32,16384,shared experts and shared gate,GPU configured,0,16384
qwen397,Qwen3.5-397B-A17B-UD-IQ3_XXS-00002-of-00004.gguf,blk.16.ffn_gate_shexp.weight,4096x1024,Q6_K,3440640,shared experts and shared gate,GPU configured,0,3440640
qwen397,Qwen3.5-397B-A17B-UD-IQ3_XXS-00002-of-00004.gguf,blk.16.ffn_up_exps.weight,4096x1024x512,IQ2_S,687865856,routed experts,system RAM,13434880,13434880
qwen397,Qwen3.5-397B-A17B-UD-IQ3_XXS-00002-of-00004.gguf,blk.16.ffn_up_shexp.weight,4096x1024,Q6_K,3440640,shared experts and shared gate,GPU configured,0,3440640
qwen397,Qwen3.5-397B-A17B-UD-IQ3_XXS-00002-of-00004.gguf,blk.16.post_attention_norm.weight,4096,F32,16384,"routing, norms and other weights",GPU configured,0,16384
qwen397,Qwen3.5-397B-A17B-UD-IQ3_XXS-00002-of-00004.gguf,blk.16.ssm_a,64,F32,256,attention and recurrent state weights,GPU configured,0,256
qwen397,Qwen3.5-397B-A17B-UD-IQ3_XXS-00002-of-00004.gguf,blk.16.ssm_alpha.weight,4096x64,F32,1048576,attention and recurrent state weights,GPU configured,0,1048576
qwen397,Qwen3.5-397B-A17B-UD-IQ3_XXS-00002-of-00004.gguf,blk.16.ssm_beta.weight,4096x64,F32,1048576,attention and recurrent state weights,GPU configured,0,1048576
qwen397,Qwen3.5-397B-A17B-UD-IQ3_XXS-00002-of-00004.gguf,blk.16.ssm_conv1d.weight,4x12288,F32,196608,attention and recurrent state weights,GPU configured,0,196608
qwen397,Qwen3.5-397B-A17B-UD-IQ3_XXS-00002-of-00004.gguf,blk.16.ssm_dt.bias,64,F32,256,attention and recurrent state weights,GPU configured,0,256
qwen397,Qwen3.5-397B-A17B-UD-IQ3_XXS-00002-of-00004.gguf,blk.16.ssm_norm.weight,128,F32,512,attention and recurrent state weights,GPU configured,0,512
qwen397,Qwen3.5-397B-A17B-UD-IQ3_XXS-00002-of-00004.gguf,blk.16.ssm_out.weight,8192x4096,Q6_K,27525120,attention and recurrent state weights,GPU configured,0,27525120
qwen397,Qwen3.5-397B-A17B-UD-IQ3_XXS-00002-of-00004.gguf,blk.17.attn_gate.weight,4096x8192,Q6_K,27525120,attention and recurrent state weights,GPU configured,0,27525120
qwen397,Qwen3.5-397B-A17B-UD-IQ3_XXS-00002-of-00004.gguf,blk.17.attn_norm.weight,4096,F32,16384,attention and recurrent state weights,GPU configured,0,16384
qwen397,Qwen3.5-397B-A17B-UD-IQ3_XXS-00002-of-00004.gguf,blk.17.attn_qkv.weight,4096x12288,Q6_K,41287680,attention and recurrent state weights,GPU configured,0,41287680
qwen397,Qwen3.5-397B-A17B-UD-IQ3_XXS-00002-of-00004.gguf,blk.17.ffn_down_exps.weight,1024x4096x512,IQ3_S,922746880,routed experts,system RAM,18022400,18022400
qwen397,Qwen3.5-397B-A17B-UD-IQ3_XXS-00002-of-00004.gguf,blk.17.ffn_down_shexp.weight,1024x4096,Q6_K,3440640,shared experts and shared gate,GPU configured,0,3440640
qwen397,Qwen3.5-397B-A17B-UD-IQ3_XXS-00002-of-00004.gguf,blk.17.ffn_gate_exps.weight,4096x1024x512,IQ2_S,687865856,routed experts,system RAM,13434880,13434880
qwen397,Qwen3.5-397B-A17B-UD-IQ3_XXS-00002-of-00004.gguf,blk.17.ffn_gate_inp.weight,4096x512,F32,8388608,"routing, norms and other weights",GPU configured,0,8388608
qwen397,Qwen3.5-397B-A17B-UD-IQ3_XXS-00002-of-00004.gguf,blk.17.ffn_gate_inp_shexp.weight,4096,F32,16384,shared experts and shared gate,GPU configured,0,16384
qwen397,Qwen3.5-397B-A17B-UD-IQ3_XXS-00002-of-00004.gguf,blk.17.ffn_gate_shexp.weight,4096x1024,Q6_K,3440640,shared experts and shared gate,GPU configured,0,3440640
qwen397,Qwen3.5-397B-A17B-UD-IQ3_XXS-00002-of-00004.gguf,blk.17.ffn_up_exps.weight,4096x1024x512,IQ2_S,687865856,routed experts,system RAM,13434880,13434880
qwen397,Qwen3.5-397B-A17B-UD-IQ3_XXS-00002-of-00004.gguf,blk.17.ffn_up_shexp.weight,4096x1024,Q6_K,3440640,shared experts and shared gate,GPU configured,0,3440640
qwen397,Qwen3.5-397B-A17B-UD-IQ3_XXS-00002-of-00004.gguf,blk.17.post_attention_norm.weight,4096,F32,16384,"routing, norms and other weights",GPU configured,0,16384
qwen397,Qwen3.5-397B-A17B-UD-IQ3_XXS-00002-of-00004.gguf,blk.17.ssm_a,64,F32,256,attention and recurrent state weights,GPU configured,0,256
qwen397,Qwen3.5-397B-A17B-UD-IQ3_XXS-00002-of-00004.gguf,blk.17.ssm_alpha.weight,4096x64,F32,1048576,attention and recurrent state weights,GPU configured,0,1048576
qwen397,Qwen3.5-397B-A17B-UD-IQ3_XXS-00002-of-00004.gguf,blk.17.ssm_beta.weight,4096x64,F32,1048576,attention and recurrent state weights,GPU configured,0,1048576
qwen397,Qwen3.5-397B-A17B-UD-IQ3_XXS-00002-of-00004.gguf,blk.17.ssm_conv1d.weight,4x12288,F32,196608,attention and recurrent state weights,GPU configured,0,196608
qwen397,Qwen3.5-397B-A17B-UD-IQ3_XXS-00002-of-00004.gguf,blk.17.ssm_dt.bias,64,F32,256,attention and recurrent state weights,GPU configured,0,256
qwen397,Qwen3.5-397B-A17B-UD-IQ3_XXS-00002-of-00004.gguf,blk.17.ssm_norm.weight,128,F32,512,attention and recurrent state weights,GPU configured,0,512
qwen397,Qwen3.5-397B-A17B-UD-IQ3_XXS-00002-of-00004.gguf,blk.17.ssm_out.weight,8192x4096,Q6_K,27525120,attention and recurrent state weights,GPU configured,0,27525120
qwen397,Qwen3.5-397B-A17B-UD-IQ3_XXS-00002-of-00004.gguf,blk.18.attn_gate.weight,4096x8192,Q6_K,27525120,attention and recurrent state weights,GPU configured,0,27525120
qwen397,Qwen3.5-397B-A17B-UD-IQ3_XXS-00002-of-00004.gguf,blk.18.attn_norm.weight,4096,F32,16384,attention and recurrent state weights,GPU configured,0,16384
qwen397,Qwen3.5-397B-A17B-UD-IQ3_XXS-00002-of-00004.gguf,blk.18.attn_qkv.weight,4096x12288,Q6_K,41287680,attention and recurrent state weights,GPU configured,0,41287680
qwen397,Qwen3.5-397B-A17B-UD-IQ3_XXS-00002-of-00004.gguf,blk.18.ffn_down_exps.weight,1024x4096x512,IQ3_S,922746880,routed experts,system RAM,18022400,18022400
qwen397,Qwen3.5-397B-A17B-UD-IQ3_XXS-00002-of-00004.gguf,blk.18.ffn_down_shexp.weight,1024x4096,Q6_K,3440640,shared experts and shared gate,GPU configured,0,3440640
qwen397,Qwen3.5-397B-A17B-UD-IQ3_XXS-00002-of-00004.gguf,blk.18.ffn_gate_exps.weight,4096x1024x512,IQ2_S,687865856,routed experts,system RAM,13434880,13434880
qwen397,Qwen3.5-397B-A17B-UD-IQ3_XXS-00002-of-00004.gguf,blk.18.ffn_gate_inp.weight,4096x512,F32,8388608,"routing, norms and other weights",GPU configured,0,8388608
qwen397,Qwen3.5-397B-A17B-UD-IQ3_XXS-00002-of-00004.gguf,blk.18.ffn_gate_inp_shexp.weight,4096,F32,16384,shared experts and shared gate,GPU configured,0,16384
qwen397,Qwen3.5-397B-A17B-UD-IQ3_XXS-00002-of-00004.gguf,blk.18.ffn_gate_shexp.weight,4096x1024,Q6_K,3440640,shared experts and shared gate,GPU configured,0,3440640
qwen397,Qwen3.5-397B-A17B-UD-IQ3_XXS-00002-of-00004.gguf,blk.18.ffn_up_exps.weight,4096x1024x512,IQ2_S,687865856,routed experts,system RAM,13434880,13434880
qwen397,Qwen3.5-397B-A17B-UD-IQ3_XXS-00002-of-00004.gguf,blk.18.ffn_up_shexp.weight,4096x1024,Q6_K,3440640,shared experts and shared gate,GPU configured,0,3440640
qwen397,Qwen3.5-397B-A17B-UD-IQ3_XXS-00002-of-00004.gguf,blk.18.post_attention_norm.weight,4096,F32,16384,"routing, norms and other weights",GPU configured,0,16384
qwen397,Qwen3.5-397B-A17B-UD-IQ3_XXS-00002-of-00004.gguf,blk.18.ssm_a,64,F32,256,attention and recurrent state weights,GPU configured,0,256
qwen397,Qwen3.5-397B-A17B-UD-IQ3_XXS-00002-of-00004.gguf,blk.18.ssm_alpha.weight,4096x64,F32,1048576,attention and recurrent state weights,GPU configured,0,1048576
qwen397,Qwen3.5-397B-A17B-UD-IQ3_XXS-00002-of-00004.gguf,blk.18.ssm_beta.weight,4096x64,F32,1048576,attention and recurrent state weights,GPU configured,0,1048576
qwen397,Qwen3.5-397B-A17B-UD-IQ3_XXS-00002-of-00004.gguf,blk.18.ssm_conv1d.weight,4x12288,F32,196608,attention and recurrent state weights,GPU configured,0,196608
qwen397,Qwen3.5-397B-A17B-UD-IQ3_XXS-00002-of-00004.gguf,blk.18.ssm_dt.bias,64,F32,256,attention and recurrent state weights,GPU configured,0,256
qwen397,Qwen3.5-397B-A17B-UD-IQ3_XXS-00002-of-00004.gguf,blk.18.ssm_norm.weight,128,F32,512,attention and recurrent state weights,GPU configured,0,512
qwen397,Qwen3.5-397B-A17B-UD-IQ3_XXS-00002-of-00004.gguf,blk.18.ssm_out.weight,8192x4096,Q6_K,27525120,attention and recurrent state weights,GPU configured,0,27525120
qwen397,Qwen3.5-397B-A17B-UD-IQ3_XXS-00002-of-00004.gguf,blk.19.attn_k.weight,4096x512,Q6_K,1720320,attention and recurrent state weights,GPU configured,0,1720320
qwen397,Qwen3.5-397B-A17B-UD-IQ3_XXS-00002-of-00004.gguf,blk.19.attn_k_norm.weight,256,F32,1024,attention and recurrent state weights,GPU configured,0,1024
qwen397,Qwen3.5-397B-A17B-UD-IQ3_XXS-00002-of-00004.gguf,blk.19.attn_norm.weight,4096,F32,16384,attention and recurrent state weights,GPU configured,0,16384
qwen397,Qwen3.5-397B-A17B-UD-IQ3_XXS-00002-of-00004.gguf,blk.19.attn_output.weight,8192x4096,Q6_K,27525120,attention and recurrent state weights,GPU configured,0,27525120
qwen397,Qwen3.5-397B-A17B-UD-IQ3_XXS-00002-of-00004.gguf,blk.19.attn_q.weight,4096x16384,Q6_K,55050240,attention and recurrent state weights,GPU configured,0,55050240
qwen397,Qwen3.5-397B-A17B-UD-IQ3_XXS-00002-of-00004.gguf,blk.19.attn_q_norm.weight,256,F32,1024,attention and recurrent state weights,GPU configured,0,1024
qwen397,Qwen3.5-397B-A17B-UD-IQ3_XXS-00002-of-00004.gguf,blk.19.attn_v.weight,4096x512,Q6_K,1720320,attention and recurrent state weights,GPU configured,0,1720320
qwen397,Qwen3.5-397B-A17B-UD-IQ3_XXS-00002-of-00004.gguf,blk.19.ffn_down_exps.weight,1024x4096x512,IQ3_S,922746880,routed experts,system RAM,18022400,18022400
qwen397,Qwen3.5-397B-A17B-UD-IQ3_XXS-00002-of-00004.gguf,blk.19.ffn_down_shexp.weight,1024x4096,Q6_K,3440640,shared experts and shared gate,GPU configured,0,3440640
qwen397,Qwen3.5-397B-A17B-UD-IQ3_XXS-00002-of-00004.gguf,blk.19.ffn_gate_exps.weight,4096x1024x512,IQ2_S,687865856,routed experts,system RAM,13434880,13434880
qwen397,Qwen3.5-397B-A17B-UD-IQ3_XXS-00002-of-00004.gguf,blk.19.ffn_gate_inp.weight,4096x512,F32,8388608,"routing, norms and other weights",GPU configured,0,8388608
qwen397,Qwen3.5-397B-A17B-UD-IQ3_XXS-00002-of-00004.gguf,blk.19.ffn_gate_inp_shexp.weight,4096,F32,16384,shared experts and shared gate,GPU configured,0,16384
qwen397,Qwen3.5-397B-A17B-UD-IQ3_XXS-00002-of-00004.gguf,blk.19.ffn_gate_shexp.weight,4096x1024,Q6_K,3440640,shared experts and shared gate,GPU configured,0,3440640
qwen397,Qwen3.5-397B-A17B-UD-IQ3_XXS-00002-of-00004.gguf,blk.19.ffn_up_exps.weight,4096x1024x512,IQ2_S,687865856,routed experts,system RAM,13434880,13434880
qwen397,Qwen3.5-397B-A17B-UD-IQ3_XXS-00002-of-00004.gguf,blk.19.ffn_up_shexp.weight,4096x1024,Q6_K,3440640,shared experts and shared gate,GPU configured,0,3440640
qwen397,Qwen3.5-397B-A17B-UD-IQ3_XXS-00002-of-00004.gguf,blk.19.post_attention_norm.weight,4096,F32,16384,"routing, norms and other weights",GPU configured,0,16384
qwen397,Qwen3.5-397B-A17B-UD-IQ3_XXS-00002-of-00004.gguf,blk.20.attn_gate.weight,4096x8192,Q6_K,27525120,attention and recurrent state weights,GPU configured,0,27525120
qwen397,Qwen3.5-397B-A17B-UD-IQ3_XXS-00002-of-00004.gguf,blk.20.attn_norm.weight,4096,F32,16384,attention and recurrent state weights,GPU configured,0,16384
qwen397,Qwen3.5-397B-A17B-UD-IQ3_XXS-00002-of-00004.gguf,blk.20.attn_qkv.weight,4096x12288,Q6_K,41287680,attention and recurrent state weights,GPU configured,0,41287680
qwen397,Qwen3.5-397B-A17B-UD-IQ3_XXS-00003-of-00004.gguf,blk.20.ffn_down_exps.weight,1024x4096x512,IQ3_S,922746880,routed experts,system RAM,18022400,18022400
qwen397,Qwen3.5-397B-A17B-UD-IQ3_XXS-00003-of-00004.gguf,blk.20.ffn_down_shexp.weight,1024x4096,Q6_K,3440640,shared experts and shared gate,GPU configured,0,3440640
qwen397,Qwen3.5-397B-A17B-UD-IQ3_XXS-00003-of-00004.gguf,blk.20.ffn_gate_exps.weight,4096x1024x512,IQ2_S,687865856,routed experts,system RAM,13434880,13434880
qwen397,Qwen3.5-397B-A17B-UD-IQ3_XXS-00003-of-00004.gguf,blk.20.ffn_gate_inp.weight,4096x512,F32,8388608,"routing, norms and other weights",GPU configured,0,8388608
qwen397,Qwen3.5-397B-A17B-UD-IQ3_XXS-00003-of-00004.gguf,blk.20.ffn_gate_inp_shexp.weight,4096,F32,16384,shared experts and shared gate,GPU configured,0,16384
qwen397,Qwen3.5-397B-A17B-UD-IQ3_XXS-00003-of-00004.gguf,blk.20.ffn_gate_shexp.weight,4096x1024,Q6_K,3440640,shared experts and shared gate,GPU configured,0,3440640
qwen397,Qwen3.5-397B-A17B-UD-IQ3_XXS-00003-of-00004.gguf,blk.20.ffn_up_exps.weight,4096x1024x512,IQ2_S,687865856,routed experts,system RAM,13434880,13434880
qwen397,Qwen3.5-397B-A17B-UD-IQ3_XXS-00003-of-00004.gguf,blk.20.ffn_up_shexp.weight,4096x1024,Q6_K,3440640,shared experts and shared gate,GPU configured,0,3440640
qwen397,Qwen3.5-397B-A17B-UD-IQ3_XXS-00003-of-00004.gguf,blk.20.post_attention_norm.weight,4096,F32,16384,"routing, norms and other weights",GPU configured,0,16384
qwen397,Qwen3.5-397B-A17B-UD-IQ3_XXS-00003-of-00004.gguf,blk.20.ssm_a,64,F32,256,attention and recurrent state weights,GPU configured,0,256
qwen397,Qwen3.5-397B-A17B-UD-IQ3_XXS-00003-of-00004.gguf,blk.20.ssm_alpha.weight,4096x64,F32,1048576,attention and recurrent state weights,GPU configured,0,1048576
qwen397,Qwen3.5-397B-A17B-UD-IQ3_XXS-00003-of-00004.gguf,blk.20.ssm_beta.weight,4096x64,F32,1048576,attention and recurrent state weights,GPU configured,0,1048576
qwen397,Qwen3.5-397B-A17B-UD-IQ3_XXS-00003-of-00004.gguf,blk.20.ssm_conv1d.weight,4x12288,F32,196608,attention and recurrent state weights,GPU configured,0,196608
qwen397,Qwen3.5-397B-A17B-UD-IQ3_XXS-00003-of-00004.gguf,blk.20.ssm_dt.bias,64,F32,256,attention and recurrent state weights,GPU configured,0,256
qwen397,Qwen3.5-397B-A17B-UD-IQ3_XXS-00003-of-00004.gguf,blk.20.ssm_norm.weight,128,F32,512,attention and recurrent state weights,GPU configured,0,512
qwen397,Qwen3.5-397B-A17B-UD-IQ3_XXS-00003-of-00004.gguf,blk.20.ssm_out.weight,8192x4096,Q6_K,27525120,attention and recurrent state weights,GPU configured,0,27525120
qwen397,Qwen3.5-397B-A17B-UD-IQ3_XXS-00003-of-00004.gguf,blk.21.attn_gate.weight,4096x8192,Q6_K,27525120,attention and recurrent state weights,GPU configured,0,27525120
qwen397,Qwen3.5-397B-A17B-UD-IQ3_XXS-00003-of-00004.gguf,blk.21.attn_norm.weight,4096,F32,16384,attention and recurrent state weights,GPU configured,0,16384
qwen397,Qwen3.5-397B-A17B-UD-IQ3_XXS-00003-of-00004.gguf,blk.21.attn_qkv.weight,4096x12288,Q6_K,41287680,attention and recurrent state weights,GPU configured,0,41287680
qwen397,Qwen3.5-397B-A17B-UD-IQ3_XXS-00003-of-00004.gguf,blk.21.ffn_down_exps.weight,1024x4096x512,IQ3_S,922746880,routed experts,system RAM,18022400,18022400
qwen397,Qwen3.5-397B-A17B-UD-IQ3_XXS-00003-of-00004.gguf,blk.21.ffn_down_shexp.weight,1024x4096,Q6_K,3440640,shared experts and shared gate,GPU configured,0,3440640
qwen397,Qwen3.5-397B-A17B-UD-IQ3_XXS-00003-of-00004.gguf,blk.21.ffn_gate_exps.weight,4096x1024x512,IQ2_S,687865856,routed experts,system RAM,13434880,13434880
qwen397,Qwen3.5-397B-A17B-UD-IQ3_XXS-00003-of-00004.gguf,blk.21.ffn_gate_inp.weight,4096x512,F32,8388608,"routing, norms and other weights",GPU configured,0,8388608
qwen397,Qwen3.5-397B-A17B-UD-IQ3_XXS-00003-of-00004.gguf,blk.21.ffn_gate_inp_shexp.weight,4096,F32,16384,shared experts and shared gate,GPU configured,0,16384
qwen397,Qwen3.5-397B-A17B-UD-IQ3_XXS-00003-of-00004.gguf,blk.21.ffn_gate_shexp.weight,4096x1024,Q6_K,3440640,shared experts and shared gate,GPU configured,0,3440640
qwen397,Qwen3.5-397B-A17B-UD-IQ3_XXS-00003-of-00004.gguf,blk.21.ffn_up_exps.weight,4096x1024x512,IQ2_S,687865856,routed experts,system RAM,13434880,13434880
qwen397,Qwen3.5-397B-A17B-UD-IQ3_XXS-00003-of-00004.gguf,blk.21.ffn_up_shexp.weight,4096x1024,Q6_K,3440640,shared experts and shared gate,GPU configured,0,3440640
qwen397,Qwen3.5-397B-A17B-UD-IQ3_XXS-00003-of-00004.gguf,blk.21.post_attention_norm.weight,4096,F32,16384,"routing, norms and other weights",GPU configured,0,16384
qwen397,Qwen3.5-397B-A17B-UD-IQ3_XXS-00003-of-00004.gguf,blk.21.ssm_a,64,F32,256,attention and recurrent state weights,GPU configured,0,256
qwen397,Qwen3.5-397B-A17B-UD-IQ3_XXS-00003-of-00004.gguf,blk.21.ssm_alpha.weight,4096x64,F32,1048576,attention and recurrent state weights,GPU configured,0,1048576
qwen397,Qwen3.5-397B-A17B-UD-IQ3_XXS-00003-of-00004.gguf,blk.21.ssm_beta.weight,4096x64,F32,1048576,attention and recurrent state weights,GPU configured,0,1048576
qwen397,Qwen3.5-397B-A17B-UD-IQ3_XXS-00003-of-00004.gguf,blk.21.ssm_conv1d.weight,4x12288,F32,196608,attention and recurrent state weights,GPU configured,0,196608
qwen397,Qwen3.5-397B-A17B-UD-IQ3_XXS-00003-of-00004.gguf,blk.21.ssm_dt.bias,64,F32,256,attention and recurrent state weights,GPU configured,0,256
qwen397,Qwen3.5-397B-A17B-UD-IQ3_XXS-00003-of-00004.gguf,blk.21.ssm_norm.weight,128,F32,512,attention and recurrent state weights,GPU configured,0,512
qwen397,Qwen3.5-397B-A17B-UD-IQ3_XXS-00003-of-00004.gguf,blk.21.ssm_out.weight,8192x4096,Q6_K,27525120,attention and recurrent state weights,GPU configured,0,27525120
qwen397,Qwen3.5-397B-A17B-UD-IQ3_XXS-00003-of-00004.gguf,blk.22.attn_gate.weight,4096x8192,Q6_K,27525120,attention and recurrent state weights,GPU configured,0,27525120
qwen397,Qwen3.5-397B-A17B-UD-IQ3_XXS-00003-of-00004.gguf,blk.22.attn_norm.weight,4096,F32,16384,attention and recurrent state weights,GPU configured,0,16384
qwen397,Qwen3.5-397B-A17B-UD-IQ3_XXS-00003-of-00004.gguf,blk.22.attn_qkv.weight,4096x12288,Q6_K,41287680,attention and recurrent state weights,GPU configured,0,41287680
qwen397,Qwen3.5-397B-A17B-UD-IQ3_XXS-00003-of-00004.gguf,blk.22.ffn_down_exps.weight,1024x4096x512,IQ3_S,922746880,routed experts,system RAM,18022400,18022400
qwen397,Qwen3.5-397B-A17B-UD-IQ3_XXS-00003-of-00004.gguf,blk.22.ffn_down_shexp.weight,1024x4096,Q6_K,3440640,shared experts and shared gate,GPU configured,0,3440640
qwen397,Qwen3.5-397B-A17B-UD-IQ3_XXS-00003-of-00004.gguf,blk.22.ffn_gate_exps.weight,4096x1024x512,IQ2_S,687865856,routed experts,system RAM,13434880,13434880
qwen397,Qwen3.5-397B-A17B-UD-IQ3_XXS-00003-of-00004.gguf,blk.22.ffn_gate_inp.weight,4096x512,F32,8388608,"routing, norms and other weights",GPU configured,0,8388608
qwen397,Qwen3.5-397B-A17B-UD-IQ3_XXS-00003-of-00004.gguf,blk.22.ffn_gate_inp_shexp.weight,4096,F32,16384,shared experts and shared gate,GPU configured,0,16384
qwen397,Qwen3.5-397B-A17B-UD-IQ3_XXS-00003-of-00004.gguf,blk.22.ffn_gate_shexp.weight,4096x1024,Q6_K,3440640,shared experts and shared gate,GPU configured,0,3440640
qwen397,Qwen3.5-397B-A17B-UD-IQ3_XXS-00003-of-00004.gguf,blk.22.ffn_up_exps.weight,4096x1024x512,IQ2_S,687865856,routed experts,system RAM,13434880,13434880
qwen397,Qwen3.5-397B-A17B-UD-IQ3_XXS-00003-of-00004.gguf,blk.22.ffn_up_shexp.weight,4096x1024,Q6_K,3440640,shared experts and shared gate,GPU configured,0,3440640
qwen397,Qwen3.5-397B-A17B-UD-IQ3_XXS-00003-of-00004.gguf,blk.22.post_attention_norm.weight,4096,F32,16384,"routing, norms and other weights",GPU configured,0,16384
qwen397,Qwen3.5-397B-A17B-UD-IQ3_XXS-00003-of-00004.gguf,blk.22.ssm_a,64,F32,256,attention and recurrent state weights,GPU configured,0,256
qwen397,Qwen3.5-397B-A17B-UD-IQ3_XXS-00003-of-00004.gguf,blk.22.ssm_alpha.weight,4096x64,F32,1048576,attention and recurrent state weights,GPU configured,0,1048576
qwen397,Qwen3.5-397B-A17B-UD-IQ3_XXS-00003-of-00004.gguf,blk.22.ssm_beta.weight,4096x64,F32,1048576,attention and recurrent state weights,GPU configured,0,1048576
qwen397,Qwen3.5-397B-A17B-UD-IQ3_XXS-00003-of-00004.gguf,blk.22.ssm_conv1d.weight,4x12288,F32,196608,attention and recurrent state weights,GPU configured,0,196608
qwen397,Qwen3.5-397B-A17B-UD-IQ3_XXS-00003-of-00004.gguf,blk.22.ssm_dt.bias,64,F32,256,attention and recurrent state weights,GPU configured,0,256
qwen397,Qwen3.5-397B-A17B-UD-IQ3_XXS-00003-of-00004.gguf,blk.22.ssm_norm.weight,128,F32,512,attention and recurrent state weights,GPU configured,0,512
qwen397,Qwen3.5-397B-A17B-UD-IQ3_XXS-00003-of-00004.gguf,blk.22.ssm_out.weight,8192x4096,Q6_K,27525120,attention and recurrent state weights,GPU configured,0,27525120
qwen397,Qwen3.5-397B-A17B-UD-IQ3_XXS-00003-of-00004.gguf,blk.23.attn_k.weight,4096x512,Q6_K,1720320,attention and recurrent state weights,GPU configured,0,1720320
qwen397,Qwen3.5-397B-A17B-UD-IQ3_XXS-00003-of-00004.gguf,blk.23.attn_k_norm.weight,256,F32,1024,attention and recurrent state weights,GPU configured,0,1024
qwen397,Qwen3.5-397B-A17B-UD-IQ3_XXS-00003-of-00004.gguf,blk.23.attn_norm.weight,4096,F32,16384,attention and recurrent state weights,GPU configured,0,16384
qwen397,Qwen3.5-397B-A17B-UD-IQ3_XXS-00003-of-00004.gguf,blk.23.attn_output.weight,8192x4096,Q6_K,27525120,attention and recurrent state weights,GPU configured,0,27525120
qwen397,Qwen3.5-397B-A17B-UD-IQ3_XXS-00003-of-00004.gguf,blk.23.attn_q.weight,4096x16384,Q6_K,55050240,attention and recurrent state weights,GPU configured,0,55050240
qwen397,Qwen3.5-397B-A17B-UD-IQ3_XXS-00003-of-00004.gguf,blk.23.attn_q_norm.weight,256,F32,1024,attention and recurrent state weights,GPU configured,0,1024
qwen397,Qwen3.5-397B-A17B-UD-IQ3_XXS-00003-of-00004.gguf,blk.23.attn_v.weight,4096x512,Q6_K,1720320,attention and recurrent state weights,GPU configured,0,1720320
qwen397,Qwen3.5-397B-A17B-UD-IQ3_XXS-00003-of-00004.gguf,blk.23.ffn_down_exps.weight,1024x4096x512,IQ3_S,922746880,routed experts,system RAM,18022400,18022400
qwen397,Qwen3.5-397B-A17B-UD-IQ3_XXS-00003-of-00004.gguf,blk.23.ffn_down_shexp.weight,1024x4096,Q6_K,3440640,shared experts and shared gate,GPU configured,0,3440640
qwen397,Qwen3.5-397B-A17B-UD-IQ3_XXS-00003-of-00004.gguf,blk.23.ffn_gate_exps.weight,4096x1024x512,IQ2_S,687865856,routed experts,system RAM,13434880,13434880
qwen397,Qwen3.5-397B-A17B-UD-IQ3_XXS-00003-of-00004.gguf,blk.23.ffn_gate_inp.weight,4096x512,F32,8388608,"routing, norms and other weights",GPU configured,0,8388608
qwen397,Qwen3.5-397B-A17B-UD-IQ3_XXS-00003-of-00004.gguf,blk.23.ffn_gate_inp_shexp.weight,4096,F32,16384,shared experts and shared gate,GPU configured,0,16384
qwen397,Qwen3.5-397B-A17B-UD-IQ3_XXS-00003-of-00004.gguf,blk.23.ffn_gate_shexp.weight,4096x1024,Q6_K,3440640,shared experts and shared gate,GPU configured,0,3440640
qwen397,Qwen3.5-397B-A17B-UD-IQ3_XXS-00003-of-00004.gguf,blk.23.ffn_up_exps.weight,4096x1024x512,IQ2_S,687865856,routed experts,system RAM,13434880,13434880
qwen397,Qwen3.5-397B-A17B-UD-IQ3_XXS-00003-of-00004.gguf,blk.23.ffn_up_shexp.weight,4096x1024,Q6_K,3440640,shared experts and shared gate,GPU configured,0,3440640
qwen397,Qwen3.5-397B-A17B-UD-IQ3_XXS-00003-of-00004.gguf,blk.23.post_attention_norm.weight,4096,F32,16384,"routing, norms and other weights",GPU configured,0,16384
qwen397,Qwen3.5-397B-A17B-UD-IQ3_XXS-00003-of-00004.gguf,blk.24.attn_gate.weight,4096x8192,Q6_K,27525120,attention and recurrent state weights,GPU configured,0,27525120
qwen397,Qwen3.5-397B-A17B-UD-IQ3_XXS-00003-of-00004.gguf,blk.24.attn_norm.weight,4096,F32,16384,attention and recurrent state weights,GPU configured,0,16384
qwen397,Qwen3.5-397B-A17B-UD-IQ3_XXS-00003-of-00004.gguf,blk.24.attn_qkv.weight,4096x12288,Q6_K,41287680,attention and recurrent state weights,GPU configured,0,41287680
qwen397,Qwen3.5-397B-A17B-UD-IQ3_XXS-00003-of-00004.gguf,blk.24.ffn_down_exps.weight,1024x4096x512,IQ3_S,922746880,routed experts,system RAM,18022400,18022400
qwen397,Qwen3.5-397B-A17B-UD-IQ3_XXS-00003-of-00004.gguf,blk.24.ffn_down_shexp.weight,1024x4096,Q6_K,3440640,shared experts and shared gate,GPU configured,0,3440640
qwen397,Qwen3.5-397B-A17B-UD-IQ3_XXS-00003-of-00004.gguf,blk.24.ffn_gate_exps.weight,4096x1024x512,IQ2_S,687865856,routed experts,system RAM,13434880,13434880
qwen397,Qwen3.5-397B-A17B-UD-IQ3_XXS-00003-of-00004.gguf,blk.24.ffn_gate_inp.weight,4096x512,F32,8388608,"routing, norms and other weights",GPU configured,0,8388608
qwen397,Qwen3.5-397B-A17B-UD-IQ3_XXS-00003-of-00004.gguf,blk.24.ffn_gate_inp_shexp.weight,4096,F32,16384,shared experts and shared gate,GPU configured,0,16384
qwen397,Qwen3.5-397B-A17B-UD-IQ3_XXS-00003-of-00004.gguf,blk.24.ffn_gate_shexp.weight,4096x1024,Q6_K,3440640,shared experts and shared gate,GPU configured,0,3440640
qwen397,Qwen3.5-397B-A17B-UD-IQ3_XXS-00003-of-00004.gguf,blk.24.ffn_up_exps.weight,4096x1024x512,IQ2_S,687865856,routed experts,system RAM,13434880,13434880
qwen397,Qwen3.5-397B-A17B-UD-IQ3_XXS-00003-of-00004.gguf,blk.24.ffn_up_shexp.weight,4096x1024,Q6_K,3440640,shared experts and shared gate,GPU configured,0,3440640
qwen397,Qwen3.5-397B-A17B-UD-IQ3_XXS-00003-of-00004.gguf,blk.24.post_attention_norm.weight,4096,F32,16384,"routing, norms and other weights",GPU configured,0,16384
qwen397,Qwen3.5-397B-A17B-UD-IQ3_XXS-00003-of-00004.gguf,blk.24.ssm_a,64,F32,256,attention and recurrent state weights,GPU configured,0,256
qwen397,Qwen3.5-397B-A17B-UD-IQ3_XXS-00003-of-00004.gguf,blk.24.ssm_alpha.weight,4096x64,F32,1048576,attention and recurrent state weights,GPU configured,0,1048576
qwen397,Qwen3.5-397B-A17B-UD-IQ3_XXS-00003-of-00004.gguf,blk.24.ssm_beta.weight,4096x64,F32,1048576,attention and recurrent state weights,GPU configured,0,1048576
qwen397,Qwen3.5-397B-A17B-UD-IQ3_XXS-00003-of-00004.gguf,blk.24.ssm_conv1d.weight,4x12288,F32,196608,attention and recurrent state weights,GPU configured,0,196608
qwen397,Qwen3.5-397B-A17B-UD-IQ3_XXS-00003-of-00004.gguf,blk.24.ssm_dt.bias,64,F32,256,attention and recurrent state weights,GPU configured,0,256
qwen397,Qwen3.5-397B-A17B-UD-IQ3_XXS-00003-of-00004.gguf,blk.24.ssm_norm.weight,128,F32,512,attention and recurrent state weights,GPU configured,0,512
qwen397,Qwen3.5-397B-A17B-UD-IQ3_XXS-00003-of-00004.gguf,blk.24.ssm_out.weight,8192x4096,Q6_K,27525120,attention and recurrent state weights,GPU configured,0,27525120
qwen397,Qwen3.5-397B-A17B-UD-IQ3_XXS-00003-of-00004.gguf,blk.25.attn_gate.weight,4096x8192,Q6_K,27525120,attention and recurrent state weights,GPU configured,0,27525120
qwen397,Qwen3.5-397B-A17B-UD-IQ3_XXS-00003-of-00004.gguf,blk.25.attn_norm.weight,4096,F32,16384,attention and recurrent state weights,GPU configured,0,16384
qwen397,Qwen3.5-397B-A17B-UD-IQ3_XXS-00003-of-00004.gguf,blk.25.attn_qkv.weight,4096x12288,Q6_K,41287680,attention and recurrent state weights,GPU configured,0,41287680
qwen397,Qwen3.5-397B-A17B-UD-IQ3_XXS-00003-of-00004.gguf,blk.25.ffn_down_exps.weight,1024x4096x512,IQ3_S,922746880,routed experts,system RAM,18022400,18022400
qwen397,Qwen3.5-397B-A17B-UD-IQ3_XXS-00003-of-00004.gguf,blk.25.ffn_down_shexp.weight,1024x4096,Q6_K,3440640,shared experts and shared gate,GPU configured,0,3440640
qwen397,Qwen3.5-397B-A17B-UD-IQ3_XXS-00003-of-00004.gguf,blk.25.ffn_gate_exps.weight,4096x1024x512,IQ2_S,687865856,routed experts,system RAM,13434880,13434880
qwen397,Qwen3.5-397B-A17B-UD-IQ3_XXS-00003-of-00004.gguf,blk.25.ffn_gate_inp.weight,4096x512,F32,8388608,"routing, norms and other weights",GPU configured,0,8388608
qwen397,Qwen3.5-397B-A17B-UD-IQ3_XXS-00003-of-00004.gguf,blk.25.ffn_gate_inp_shexp.weight,4096,F32,16384,shared experts and shared gate,GPU configured,0,16384
qwen397,Qwen3.5-397B-A17B-UD-IQ3_XXS-00003-of-00004.gguf,blk.25.ffn_gate_shexp.weight,4096x1024,Q6_K,3440640,shared experts and shared gate,GPU configured,0,3440640
qwen397,Qwen3.5-397B-A17B-UD-IQ3_XXS-00003-of-00004.gguf,blk.25.ffn_up_exps.weight,4096x1024x512,IQ2_S,687865856,routed experts,system RAM,13434880,13434880
qwen397,Qwen3.5-397B-A17B-UD-IQ3_XXS-00003-of-00004.gguf,blk.25.ffn_up_shexp.weight,4096x1024,Q6_K,3440640,shared experts and shared gate,GPU configured,0,3440640
qwen397,Qwen3.5-397B-A17B-UD-IQ3_XXS-00003-of-00004.gguf,blk.25.post_attention_norm.weight,4096,F32,16384,"routing, norms and other weights",GPU configured,0,16384
qwen397,Qwen3.5-397B-A17B-UD-IQ3_XXS-00003-of-00004.gguf,blk.25.ssm_a,64,F32,256,attention and recurrent state weights,GPU configured,0,256
qwen397,Qwen3.5-397B-A17B-UD-IQ3_XXS-00003-of-00004.gguf,blk.25.ssm_alpha.weight,4096x64,F32,1048576,attention and recurrent state weights,GPU configured,0,1048576
qwen397,Qwen3.5-397B-A17B-UD-IQ3_XXS-00003-of-00004.gguf,blk.25.ssm_beta.weight,4096x64,F32,1048576,attention and recurrent state weights,GPU configured,0,1048576
qwen397,Qwen3.5-397B-A17B-UD-IQ3_XXS-00003-of-00004.gguf,blk.25.ssm_conv1d.weight,4x12288,F32,196608,attention and recurrent state weights,GPU configured,0,196608
qwen397,Qwen3.5-397B-A17B-UD-IQ3_XXS-00003-of-00004.gguf,blk.25.ssm_dt.bias,64,F32,256,attention and recurrent state weights,GPU configured,0,256
qwen397,Qwen3.5-397B-A17B-UD-IQ3_XXS-00003-of-00004.gguf,blk.25.ssm_norm.weight,128,F32,512,attention and recurrent state weights,GPU configured,0,512
qwen397,Qwen3.5-397B-A17B-UD-IQ3_XXS-00003-of-00004.gguf,blk.25.ssm_out.weight,8192x4096,Q6_K,27525120,attention and recurrent state weights,GPU configured,0,27525120
qwen397,Qwen3.5-397B-A17B-UD-IQ3_XXS-00003-of-00004.gguf,blk.26.attn_gate.weight,4096x8192,Q6_K,27525120,attention and recurrent state weights,GPU configured,0,27525120
qwen397,Qwen3.5-397B-A17B-UD-IQ3_XXS-00003-of-00004.gguf,blk.26.attn_norm.weight,4096,F32,16384,attention and recurrent state weights,GPU configured,0,16384
qwen397,Qwen3.5-397B-A17B-UD-IQ3_XXS-00003-of-00004.gguf,blk.26.attn_qkv.weight,4096x12288,Q6_K,41287680,attention and recurrent state weights,GPU configured,0,41287680
qwen397,Qwen3.5-397B-A17B-UD-IQ3_XXS-00003-of-00004.gguf,blk.26.ffn_down_exps.weight,1024x4096x512,IQ3_S,922746880,routed experts,system RAM,18022400,18022400
qwen397,Qwen3.5-397B-A17B-UD-IQ3_XXS-00003-of-00004.gguf,blk.26.ffn_down_shexp.weight,1024x4096,Q6_K,3440640,shared experts and shared gate,GPU configured,0,3440640
qwen397,Qwen3.5-397B-A17B-UD-IQ3_XXS-00003-of-00004.gguf,blk.26.ffn_gate_exps.weight,4096x1024x512,IQ2_S,687865856,routed experts,system RAM,13434880,13434880
qwen397,Qwen3.5-397B-A17B-UD-IQ3_XXS-00003-of-00004.gguf,blk.26.ffn_gate_inp.weight,4096x512,F32,8388608,"routing, norms and other weights",GPU configured,0,8388608
qwen397,Qwen3.5-397B-A17B-UD-IQ3_XXS-00003-of-00004.gguf,blk.26.ffn_gate_inp_shexp.weight,4096,F32,16384,shared experts and shared gate,GPU configured,0,16384
qwen397,Qwen3.5-397B-A17B-UD-IQ3_XXS-00003-of-00004.gguf,blk.26.ffn_gate_shexp.weight,4096x1024,Q6_K,3440640,shared experts and shared gate,GPU configured,0,3440640
qwen397,Qwen3.5-397B-A17B-UD-IQ3_XXS-00003-of-00004.gguf,blk.26.ffn_up_exps.weight,4096x1024x512,IQ2_S,687865856,routed experts,system RAM,13434880,13434880
qwen397,Qwen3.5-397B-A17B-UD-IQ3_XXS-00003-of-00004.gguf,blk.26.ffn_up_shexp.weight,4096x1024,Q6_K,3440640,shared experts and shared gate,GPU configured,0,3440640
qwen397,Qwen3.5-397B-A17B-UD-IQ3_XXS-00003-of-00004.gguf,blk.26.post_attention_norm.weight,4096,F32,16384,"routing, norms and other weights",GPU configured,0,16384
qwen397,Qwen3.5-397B-A17B-UD-IQ3_XXS-00003-of-00004.gguf,blk.26.ssm_a,64,F32,256,attention and recurrent state weights,GPU configured,0,256
qwen397,Qwen3.5-397B-A17B-UD-IQ3_XXS-00003-of-00004.gguf,blk.26.ssm_alpha.weight,4096x64,F32,1048576,attention and recurrent state weights,GPU configured,0,1048576
qwen397,Qwen3.5-397B-A17B-UD-IQ3_XXS-00003-of-00004.gguf,blk.26.ssm_beta.weight,4096x64,F32,1048576,attention and recurrent state weights,GPU configured,0,1048576
qwen397,Qwen3.5-397B-A17B-UD-IQ3_XXS-00003-of-00004.gguf,blk.26.ssm_conv1d.weight,4x12288,F32,196608,attention and recurrent state weights,GPU configured,0,196608
qwen397,Qwen3.5-397B-A17B-UD-IQ3_XXS-00003-of-00004.gguf,blk.26.ssm_dt.bias,64,F32,256,attention and recurrent state weights,GPU configured,0,256
qwen397,Qwen3.5-397B-A17B-UD-IQ3_XXS-00003-of-00004.gguf,blk.26.ssm_norm.weight,128,F32,512,attention and recurrent state weights,GPU configured,0,512
qwen397,Qwen3.5-397B-A17B-UD-IQ3_XXS-00003-of-00004.gguf,blk.26.ssm_out.weight,8192x4096,Q6_K,27525120,attention and recurrent state weights,GPU configured,0,27525120
qwen397,Qwen3.5-397B-A17B-UD-IQ3_XXS-00003-of-00004.gguf,blk.27.attn_k.weight,4096x512,Q6_K,1720320,attention and recurrent state weights,GPU configured,0,1720320
qwen397,Qwen3.5-397B-A17B-UD-IQ3_XXS-00003-of-00004.gguf,blk.27.attn_k_norm.weight,256,F32,1024,attention and recurrent state weights,GPU configured,0,1024
qwen397,Qwen3.5-397B-A17B-UD-IQ3_XXS-00003-of-00004.gguf,blk.27.attn_norm.weight,4096,F32,16384,attention and recurrent state weights,GPU configured,0,16384
qwen397,Qwen3.5-397B-A17B-UD-IQ3_XXS-00003-of-00004.gguf,blk.27.attn_output.weight,8192x4096,Q6_K,27525120,attention and recurrent state weights,GPU configured,0,27525120
qwen397,Qwen3.5-397B-A17B-UD-IQ3_XXS-00003-of-00004.gguf,blk.27.attn_q.weight,4096x16384,Q6_K,55050240,attention and recurrent state weights,GPU configured,0,55050240
qwen397,Qwen3.5-397B-A17B-UD-IQ3_XXS-00003-of-00004.gguf,blk.27.attn_q_norm.weight,256,F32,1024,attention and recurrent state weights,GPU configured,0,1024
qwen397,Qwen3.5-397B-A17B-UD-IQ3_XXS-00003-of-00004.gguf,blk.27.attn_v.weight,4096x512,Q6_K,1720320,attention and recurrent state weights,GPU configured,0,1720320
qwen397,Qwen3.5-397B-A17B-UD-IQ3_XXS-00003-of-00004.gguf,blk.27.ffn_down_exps.weight,1024x4096x512,IQ3_S,922746880,routed experts,system RAM,18022400,18022400
qwen397,Qwen3.5-397B-A17B-UD-IQ3_XXS-00003-of-00004.gguf,blk.27.ffn_down_shexp.weight,1024x4096,Q6_K,3440640,shared experts and shared gate,GPU configured,0,3440640
qwen397,Qwen3.5-397B-A17B-UD-IQ3_XXS-00003-of-00004.gguf,blk.27.ffn_gate_exps.weight,4096x1024x512,IQ2_S,687865856,routed experts,system RAM,13434880,13434880
qwen397,Qwen3.5-397B-A17B-UD-IQ3_XXS-00003-of-00004.gguf,blk.27.ffn_gate_inp.weight,4096x512,F32,8388608,"routing, norms and other weights",GPU configured,0,8388608
qwen397,Qwen3.5-397B-A17B-UD-IQ3_XXS-00003-of-00004.gguf,blk.27.ffn_gate_inp_shexp.weight,4096,F32,16384,shared experts and shared gate,GPU configured,0,16384
qwen397,Qwen3.5-397B-A17B-UD-IQ3_XXS-00003-of-00004.gguf,blk.27.ffn_gate_shexp.weight,4096x1024,Q6_K,3440640,shared experts and shared gate,GPU configured,0,3440640
qwen397,Qwen3.5-397B-A17B-UD-IQ3_XXS-00003-of-00004.gguf,blk.27.ffn_up_exps.weight,4096x1024x512,IQ2_S,687865856,routed experts,system RAM,13434880,13434880
qwen397,Qwen3.5-397B-A17B-UD-IQ3_XXS-00003-of-00004.gguf,blk.27.ffn_up_shexp.weight,4096x1024,Q6_K,3440640,shared experts and shared gate,GPU configured,0,3440640
qwen397,Qwen3.5-397B-A17B-UD-IQ3_XXS-00003-of-00004.gguf,blk.27.post_attention_norm.weight,4096,F32,16384,"routing, norms and other weights",GPU configured,0,16384
qwen397,Qwen3.5-397B-A17B-UD-IQ3_XXS-00003-of-00004.gguf,blk.28.attn_gate.weight,4096x8192,Q6_K,27525120,attention and recurrent state weights,GPU configured,0,27525120
qwen397,Qwen3.5-397B-A17B-UD-IQ3_XXS-00003-of-00004.gguf,blk.28.attn_norm.weight,4096,F32,16384,attention and recurrent state weights,GPU configured,0,16384
qwen397,Qwen3.5-397B-A17B-UD-IQ3_XXS-00003-of-00004.gguf,blk.28.attn_qkv.weight,4096x12288,Q6_K,41287680,attention and recurrent state weights,GPU configured,0,41287680
qwen397,Qwen3.5-397B-A17B-UD-IQ3_XXS-00003-of-00004.gguf,blk.28.ffn_down_exps.weight,1024x4096x512,IQ3_S,922746880,routed experts,system RAM,18022400,18022400
qwen397,Qwen3.5-397B-A17B-UD-IQ3_XXS-00003-of-00004.gguf,blk.28.ffn_down_shexp.weight,1024x4096,Q6_K,3440640,shared experts and shared gate,GPU configured,0,3440640
qwen397,Qwen3.5-397B-A17B-UD-IQ3_XXS-00003-of-00004.gguf,blk.28.ffn_gate_exps.weight,4096x1024x512,IQ2_S,687865856,routed experts,system RAM,13434880,13434880
qwen397,Qwen3.5-397B-A17B-UD-IQ3_XXS-00003-of-00004.gguf,blk.28.ffn_gate_inp.weight,4096x512,F32,8388608,"routing, norms and other weights",GPU configured,0,8388608
qwen397,Qwen3.5-397B-A17B-UD-IQ3_XXS-00003-of-00004.gguf,blk.28.ffn_gate_inp_shexp.weight,4096,F32,16384,shared experts and shared gate,GPU configured,0,16384
qwen397,Qwen3.5-397B-A17B-UD-IQ3_XXS-00003-of-00004.gguf,blk.28.ffn_gate_shexp.weight,4096x1024,Q6_K,3440640,shared experts and shared gate,GPU configured,0,3440640
qwen397,Qwen3.5-397B-A17B-UD-IQ3_XXS-00003-of-00004.gguf,blk.28.ffn_up_exps.weight,4096x1024x512,IQ2_S,687865856,routed experts,system RAM,13434880,13434880
qwen397,Qwen3.5-397B-A17B-UD-IQ3_XXS-00003-of-00004.gguf,blk.28.ffn_up_shexp.weight,4096x1024,Q6_K,3440640,shared experts and shared gate,GPU configured,0,3440640
qwen397,Qwen3.5-397B-A17B-UD-IQ3_XXS-00003-of-00004.gguf,blk.28.post_attention_norm.weight,4096,F32,16384,"routing, norms and other weights",GPU configured,0,16384
qwen397,Qwen3.5-397B-A17B-UD-IQ3_XXS-00003-of-00004.gguf,blk.28.ssm_a,64,F32,256,attention and recurrent state weights,GPU configured,0,256
qwen397,Qwen3.5-397B-A17B-UD-IQ3_XXS-00003-of-00004.gguf,blk.28.ssm_alpha.weight,4096x64,F32,1048576,attention and recurrent state weights,GPU configured,0,1048576
qwen397,Qwen3.5-397B-A17B-UD-IQ3_XXS-00003-of-00004.gguf,blk.28.ssm_beta.weight,4096x64,F32,1048576,attention and recurrent state weights,GPU configured,0,1048576
qwen397,Qwen3.5-397B-A17B-UD-IQ3_XXS-00003-of-00004.gguf,blk.28.ssm_conv1d.weight,4x12288,F32,196608,attention and recurrent state weights,GPU configured,0,196608
qwen397,Qwen3.5-397B-A17B-UD-IQ3_XXS-00003-of-00004.gguf,blk.28.ssm_dt.bias,64,F32,256,attention and recurrent state weights,GPU configured,0,256
qwen397,Qwen3.5-397B-A17B-UD-IQ3_XXS-00003-of-00004.gguf,blk.28.ssm_norm.weight,128,F32,512,attention and recurrent state weights,GPU configured,0,512
qwen397,Qwen3.5-397B-A17B-UD-IQ3_XXS-00003-of-00004.gguf,blk.28.ssm_out.weight,8192x4096,Q6_K,27525120,attention and recurrent state weights,GPU configured,0,27525120
qwen397,Qwen3.5-397B-A17B-UD-IQ3_XXS-00003-of-00004.gguf,blk.29.attn_gate.weight,4096x8192,Q6_K,27525120,attention and recurrent state weights,GPU configured,0,27525120
qwen397,Qwen3.5-397B-A17B-UD-IQ3_XXS-00003-of-00004.gguf,blk.29.attn_norm.weight,4096,F32,16384,attention and recurrent state weights,GPU configured,0,16384
qwen397,Qwen3.5-397B-A17B-UD-IQ3_XXS-00003-of-00004.gguf,blk.29.attn_qkv.weight,4096x12288,Q6_K,41287680,attention and recurrent state weights,GPU configured,0,41287680
qwen397,Qwen3.5-397B-A17B-UD-IQ3_XXS-00003-of-00004.gguf,blk.29.ffn_down_exps.weight,1024x4096x512,IQ3_S,922746880,routed experts,system RAM,18022400,18022400
qwen397,Qwen3.5-397B-A17B-UD-IQ3_XXS-00003-of-00004.gguf,blk.29.ffn_down_shexp.weight,1024x4096,Q6_K,3440640,shared experts and shared gate,GPU configured,0,3440640
qwen397,Qwen3.5-397B-A17B-UD-IQ3_XXS-00003-of-00004.gguf,blk.29.ffn_gate_exps.weight,4096x1024x512,IQ2_S,687865856,routed experts,system RAM,13434880,13434880
qwen397,Qwen3.5-397B-A17B-UD-IQ3_XXS-00003-of-00004.gguf,blk.29.ffn_gate_inp.weight,4096x512,F32,8388608,"routing, norms and other weights",GPU configured,0,8388608
qwen397,Qwen3.5-397B-A17B-UD-IQ3_XXS-00003-of-00004.gguf,blk.29.ffn_gate_inp_shexp.weight,4096,F32,16384,shared experts and shared gate,GPU configured,0,16384
qwen397,Qwen3.5-397B-A17B-UD-IQ3_XXS-00003-of-00004.gguf,blk.29.ffn_gate_shexp.weight,4096x1024,Q6_K,3440640,shared experts and shared gate,GPU configured,0,3440640
qwen397,Qwen3.5-397B-A17B-UD-IQ3_XXS-00003-of-00004.gguf,blk.29.ffn_up_exps.weight,4096x1024x512,IQ2_S,687865856,routed experts,system RAM,13434880,13434880
qwen397,Qwen3.5-397B-A17B-UD-IQ3_XXS-00003-of-00004.gguf,blk.29.ffn_up_shexp.weight,4096x1024,Q6_K,3440640,shared experts and shared gate,GPU configured,0,3440640
qwen397,Qwen3.5-397B-A17B-UD-IQ3_XXS-00003-of-00004.gguf,blk.29.post_attention_norm.weight,4096,F32,16384,"routing, norms and other weights",GPU configured,0,16384
qwen397,Qwen3.5-397B-A17B-UD-IQ3_XXS-00003-of-00004.gguf,blk.29.ssm_a,64,F32,256,attention and recurrent state weights,GPU configured,0,256
qwen397,Qwen3.5-397B-A17B-UD-IQ3_XXS-00003-of-00004.gguf,blk.29.ssm_alpha.weight,4096x64,F32,1048576,attention and recurrent state weights,GPU configured,0,1048576
qwen397,Qwen3.5-397B-A17B-UD-IQ3_XXS-00003-of-00004.gguf,blk.29.ssm_beta.weight,4096x64,F32,1048576,attention and recurrent state weights,GPU configured,0,1048576
qwen397,Qwen3.5-397B-A17B-UD-IQ3_XXS-00003-of-00004.gguf,blk.29.ssm_conv1d.weight,4x12288,F32,196608,attention and recurrent state weights,GPU configured,0,196608
qwen397,Qwen3.5-397B-A17B-UD-IQ3_XXS-00003-of-00004.gguf,blk.29.ssm_dt.bias,64,F32,256,attention and recurrent state weights,GPU configured,0,256
qwen397,Qwen3.5-397B-A17B-UD-IQ3_XXS-00003-of-00004.gguf,blk.29.ssm_norm.weight,128,F32,512,attention and recurrent state weights,GPU configured,0,512
qwen397,Qwen3.5-397B-A17B-UD-IQ3_XXS-00003-of-00004.gguf,blk.29.ssm_out.weight,8192x4096,Q6_K,27525120,attention and recurrent state weights,GPU configured,0,27525120
qwen397,Qwen3.5-397B-A17B-UD-IQ3_XXS-00003-of-00004.gguf,blk.30.attn_gate.weight,4096x8192,Q6_K,27525120,attention and recurrent state weights,GPU configured,0,27525120
qwen397,Qwen3.5-397B-A17B-UD-IQ3_XXS-00003-of-00004.gguf,blk.30.attn_norm.weight,4096,F32,16384,attention and recurrent state weights,GPU configured,0,16384
qwen397,Qwen3.5-397B-A17B-UD-IQ3_XXS-00003-of-00004.gguf,blk.30.attn_qkv.weight,4096x12288,Q6_K,41287680,attention and recurrent state weights,GPU configured,0,41287680
qwen397,Qwen3.5-397B-A17B-UD-IQ3_XXS-00003-of-00004.gguf,blk.30.ffn_down_exps.weight,1024x4096x512,IQ3_S,922746880,routed experts,system RAM,18022400,18022400
qwen397,Qwen3.5-397B-A17B-UD-IQ3_XXS-00003-of-00004.gguf,blk.30.ffn_down_shexp.weight,1024x4096,Q6_K,3440640,shared experts and shared gate,GPU configured,0,3440640
qwen397,Qwen3.5-397B-A17B-UD-IQ3_XXS-00003-of-00004.gguf,blk.30.ffn_gate_exps.weight,4096x1024x512,IQ2_S,687865856,routed experts,system RAM,13434880,13434880
qwen397,Qwen3.5-397B-A17B-UD-IQ3_XXS-00003-of-00004.gguf,blk.30.ffn_gate_inp.weight,4096x512,F32,8388608,"routing, norms and other weights",GPU configured,0,8388608
qwen397,Qwen3.5-397B-A17B-UD-IQ3_XXS-00003-of-00004.gguf,blk.30.ffn_gate_inp_shexp.weight,4096,F32,16384,shared experts and shared gate,GPU configured,0,16384
qwen397,Qwen3.5-397B-A17B-UD-IQ3_XXS-00003-of-00004.gguf,blk.30.ffn_gate_shexp.weight,4096x1024,Q6_K,3440640,shared experts and shared gate,GPU configured,0,3440640
qwen397,Qwen3.5-397B-A17B-UD-IQ3_XXS-00003-of-00004.gguf,blk.30.ffn_up_exps.weight,4096x1024x512,IQ2_S,687865856,routed experts,system RAM,13434880,13434880
qwen397,Qwen3.5-397B-A17B-UD-IQ3_XXS-00003-of-00004.gguf,blk.30.ffn_up_shexp.weight,4096x1024,Q6_K,3440640,shared experts and shared gate,GPU configured,0,3440640
qwen397,Qwen3.5-397B-A17B-UD-IQ3_XXS-00003-of-00004.gguf,blk.30.post_attention_norm.weight,4096,F32,16384,"routing, norms and other weights",GPU configured,0,16384
qwen397,Qwen3.5-397B-A17B-UD-IQ3_XXS-00003-of-00004.gguf,blk.30.ssm_a,64,F32,256,attention and recurrent state weights,GPU configured,0,256
qwen397,Qwen3.5-397B-A17B-UD-IQ3_XXS-00003-of-00004.gguf,blk.30.ssm_alpha.weight,4096x64,F32,1048576,attention and recurrent state weights,GPU configured,0,1048576
qwen397,Qwen3.5-397B-A17B-UD-IQ3_XXS-00003-of-00004.gguf,blk.30.ssm_beta.weight,4096x64,F32,1048576,attention and recurrent state weights,GPU configured,0,1048576
qwen397,Qwen3.5-397B-A17B-UD-IQ3_XXS-00003-of-00004.gguf,blk.30.ssm_conv1d.weight,4x12288,F32,196608,attention and recurrent state weights,GPU configured,0,196608
qwen397,Qwen3.5-397B-A17B-UD-IQ3_XXS-00003-of-00004.gguf,blk.30.ssm_dt.bias,64,F32,256,attention and recurrent state weights,GPU configured,0,256
qwen397,Qwen3.5-397B-A17B-UD-IQ3_XXS-00003-of-00004.gguf,blk.30.ssm_norm.weight,128,F32,512,attention and recurrent state weights,GPU configured,0,512
qwen397,Qwen3.5-397B-A17B-UD-IQ3_XXS-00003-of-00004.gguf,blk.30.ssm_out.weight,8192x4096,Q6_K,27525120,attention and recurrent state weights,GPU configured,0,27525120
qwen397,Qwen3.5-397B-A17B-UD-IQ3_XXS-00003-of-00004.gguf,blk.31.attn_k.weight,4096x512,Q6_K,1720320,attention and recurrent state weights,GPU configured,0,1720320
qwen397,Qwen3.5-397B-A17B-UD-IQ3_XXS-00003-of-00004.gguf,blk.31.attn_k_norm.weight,256,F32,1024,attention and recurrent state weights,GPU configured,0,1024
qwen397,Qwen3.5-397B-A17B-UD-IQ3_XXS-00003-of-00004.gguf,blk.31.attn_norm.weight,4096,F32,16384,attention and recurrent state weights,GPU configured,0,16384
qwen397,Qwen3.5-397B-A17B-UD-IQ3_XXS-00003-of-00004.gguf,blk.31.attn_output.weight,8192x4096,Q6_K,27525120,attention and recurrent state weights,GPU configured,0,27525120
qwen397,Qwen3.5-397B-A17B-UD-IQ3_XXS-00003-of-00004.gguf,blk.31.attn_q.weight,4096x16384,Q6_K,55050240,attention and recurrent state weights,GPU configured,0,55050240
qwen397,Qwen3.5-397B-A17B-UD-IQ3_XXS-00003-of-00004.gguf,blk.31.attn_q_norm.weight,256,F32,1024,attention and recurrent state weights,GPU configured,0,1024
qwen397,Qwen3.5-397B-A17B-UD-IQ3_XXS-00003-of-00004.gguf,blk.31.attn_v.weight,4096x512,Q6_K,1720320,attention and recurrent state weights,GPU configured,0,1720320
qwen397,Qwen3.5-397B-A17B-UD-IQ3_XXS-00003-of-00004.gguf,blk.31.ffn_down_exps.weight,1024x4096x512,IQ3_S,922746880,routed experts,system RAM,18022400,18022400
qwen397,Qwen3.5-397B-A17B-UD-IQ3_XXS-00003-of-00004.gguf,blk.31.ffn_down_shexp.weight,1024x4096,Q6_K,3440640,shared experts and shared gate,GPU configured,0,3440640
qwen397,Qwen3.5-397B-A17B-UD-IQ3_XXS-00003-of-00004.gguf,blk.31.ffn_gate_exps.weight,4096x1024x512,IQ2_S,687865856,routed experts,system RAM,13434880,13434880
qwen397,Qwen3.5-397B-A17B-UD-IQ3_XXS-00003-of-00004.gguf,blk.31.ffn_gate_inp.weight,4096x512,F32,8388608,"routing, norms and other weights",GPU configured,0,8388608
qwen397,Qwen3.5-397B-A17B-UD-IQ3_XXS-00003-of-00004.gguf,blk.31.ffn_gate_inp_shexp.weight,4096,F32,16384,shared experts and shared gate,GPU configured,0,16384
qwen397,Qwen3.5-397B-A17B-UD-IQ3_XXS-00003-of-00004.gguf,blk.31.ffn_gate_shexp.weight,4096x1024,Q6_K,3440640,shared experts and shared gate,GPU configured,0,3440640
qwen397,Qwen3.5-397B-A17B-UD-IQ3_XXS-00003-of-00004.gguf,blk.31.ffn_up_exps.weight,4096x1024x512,IQ2_S,687865856,routed experts,system RAM,13434880,13434880
qwen397,Qwen3.5-397B-A17B-UD-IQ3_XXS-00003-of-00004.gguf,blk.31.ffn_up_shexp.weight,4096x1024,Q6_K,3440640,shared experts and shared gate,GPU configured,0,3440640
qwen397,Qwen3.5-397B-A17B-UD-IQ3_XXS-00003-of-00004.gguf,blk.31.post_attention_norm.weight,4096,F32,16384,"routing, norms and other weights",GPU configured,0,16384
qwen397,Qwen3.5-397B-A17B-UD-IQ3_XXS-00003-of-00004.gguf,blk.32.attn_gate.weight,4096x8192,Q6_K,27525120,attention and recurrent state weights,GPU configured,0,27525120
qwen397,Qwen3.5-397B-A17B-UD-IQ3_XXS-00003-of-00004.gguf,blk.32.attn_norm.weight,4096,F32,16384,attention and recurrent state weights,GPU configured,0,16384
qwen397,Qwen3.5-397B-A17B-UD-IQ3_XXS-00003-of-00004.gguf,blk.32.attn_qkv.weight,4096x12288,Q6_K,41287680,attention and recurrent state weights,GPU configured,0,41287680
qwen397,Qwen3.5-397B-A17B-UD-IQ3_XXS-00003-of-00004.gguf,blk.32.ffn_down_exps.weight,1024x4096x512,IQ3_S,922746880,routed experts,system RAM,18022400,18022400
qwen397,Qwen3.5-397B-A17B-UD-IQ3_XXS-00003-of-00004.gguf,blk.32.ffn_down_shexp.weight,1024x4096,Q6_K,3440640,shared experts and shared gate,GPU configured,0,3440640
qwen397,Qwen3.5-397B-A17B-UD-IQ3_XXS-00003-of-00004.gguf,blk.32.ffn_gate_exps.weight,4096x1024x512,IQ2_S,687865856,routed experts,system RAM,13434880,13434880
qwen397,Qwen3.5-397B-A17B-UD-IQ3_XXS-00003-of-00004.gguf,blk.32.ffn_gate_inp.weight,4096x512,F32,8388608,"routing, norms and other weights",GPU configured,0,8388608
qwen397,Qwen3.5-397B-A17B-UD-IQ3_XXS-00003-of-00004.gguf,blk.32.ffn_gate_inp_shexp.weight,4096,F32,16384,shared experts and shared gate,GPU configured,0,16384
qwen397,Qwen3.5-397B-A17B-UD-IQ3_XXS-00003-of-00004.gguf,blk.32.ffn_gate_shexp.weight,4096x1024,Q6_K,3440640,shared experts and shared gate,GPU configured,0,3440640
qwen397,Qwen3.5-397B-A17B-UD-IQ3_XXS-00003-of-00004.gguf,blk.32.ffn_up_exps.weight,4096x1024x512,IQ2_S,687865856,routed experts,system RAM,13434880,13434880
qwen397,Qwen3.5-397B-A17B-UD-IQ3_XXS-00003-of-00004.gguf,blk.32.ffn_up_shexp.weight,4096x1024,Q6_K,3440640,shared experts and shared gate,GPU configured,0,3440640
qwen397,Qwen3.5-397B-A17B-UD-IQ3_XXS-00003-of-00004.gguf,blk.32.post_attention_norm.weight,4096,F32,16384,"routing, norms and other weights",GPU configured,0,16384
qwen397,Qwen3.5-397B-A17B-UD-IQ3_XXS-00003-of-00004.gguf,blk.32.ssm_a,64,F32,256,attention and recurrent state weights,GPU configured,0,256
qwen397,Qwen3.5-397B-A17B-UD-IQ3_XXS-00003-of-00004.gguf,blk.32.ssm_alpha.weight,4096x64,F32,1048576,attention and recurrent state weights,GPU configured,0,1048576
qwen397,Qwen3.5-397B-A17B-UD-IQ3_XXS-00003-of-00004.gguf,blk.32.ssm_beta.weight,4096x64,F32,1048576,attention and recurrent state weights,GPU configured,0,1048576
qwen397,Qwen3.5-397B-A17B-UD-IQ3_XXS-00003-of-00004.gguf,blk.32.ssm_conv1d.weight,4x12288,F32,196608,attention and recurrent state weights,GPU configured,0,196608
qwen397,Qwen3.5-397B-A17B-UD-IQ3_XXS-00003-of-00004.gguf,blk.32.ssm_dt.bias,64,F32,256,attention and recurrent state weights,GPU configured,0,256
qwen397,Qwen3.5-397B-A17B-UD-IQ3_XXS-00003-of-00004.gguf,blk.32.ssm_norm.weight,128,F32,512,attention and recurrent state weights,GPU configured,0,512
qwen397,Qwen3.5-397B-A17B-UD-IQ3_XXS-00003-of-00004.gguf,blk.32.ssm_out.weight,8192x4096,Q6_K,27525120,attention and recurrent state weights,GPU configured,0,27525120
qwen397,Qwen3.5-397B-A17B-UD-IQ3_XXS-00003-of-00004.gguf,blk.33.attn_gate.weight,4096x8192,Q6_K,27525120,attention and recurrent state weights,GPU configured,0,27525120
qwen397,Qwen3.5-397B-A17B-UD-IQ3_XXS-00003-of-00004.gguf,blk.33.attn_norm.weight,4096,F32,16384,attention and recurrent state weights,GPU configured,0,16384
qwen397,Qwen3.5-397B-A17B-UD-IQ3_XXS-00003-of-00004.gguf,blk.33.attn_qkv.weight,4096x12288,Q6_K,41287680,attention and recurrent state weights,GPU configured,0,41287680
qwen397,Qwen3.5-397B-A17B-UD-IQ3_XXS-00003-of-00004.gguf,blk.33.ffn_down_exps.weight,1024x4096x512,IQ3_S,922746880,routed experts,system RAM,18022400,18022400
qwen397,Qwen3.5-397B-A17B-UD-IQ3_XXS-00003-of-00004.gguf,blk.33.ffn_down_shexp.weight,1024x4096,Q6_K,3440640,shared experts and shared gate,GPU configured,0,3440640
qwen397,Qwen3.5-397B-A17B-UD-IQ3_XXS-00003-of-00004.gguf,blk.33.ffn_gate_exps.weight,4096x1024x512,IQ2_S,687865856,routed experts,system RAM,13434880,13434880
qwen397,Qwen3.5-397B-A17B-UD-IQ3_XXS-00003-of-00004.gguf,blk.33.ffn_gate_inp.weight,4096x512,F32,8388608,"routing, norms and other weights",GPU configured,0,8388608
qwen397,Qwen3.5-397B-A17B-UD-IQ3_XXS-00003-of-00004.gguf,blk.33.ffn_gate_inp_shexp.weight,4096,F32,16384,shared experts and shared gate,GPU configured,0,16384
qwen397,Qwen3.5-397B-A17B-UD-IQ3_XXS-00003-of-00004.gguf,blk.33.ffn_gate_shexp.weight,4096x1024,Q6_K,3440640,shared experts and shared gate,GPU configured,0,3440640
qwen397,Qwen3.5-397B-A17B-UD-IQ3_XXS-00003-of-00004.gguf,blk.33.ffn_up_exps.weight,4096x1024x512,IQ2_S,687865856,routed experts,system RAM,13434880,13434880
qwen397,Qwen3.5-397B-A17B-UD-IQ3_XXS-00003-of-00004.gguf,blk.33.ffn_up_shexp.weight,4096x1024,Q6_K,3440640,shared experts and shared gate,GPU configured,0,3440640
qwen397,Qwen3.5-397B-A17B-UD-IQ3_XXS-00003-of-00004.gguf,blk.33.post_attention_norm.weight,4096,F32,16384,"routing, norms and other weights",GPU configured,0,16384
qwen397,Qwen3.5-397B-A17B-UD-IQ3_XXS-00003-of-00004.gguf,blk.33.ssm_a,64,F32,256,attention and recurrent state weights,GPU configured,0,256
qwen397,Qwen3.5-397B-A17B-UD-IQ3_XXS-00003-of-00004.gguf,blk.33.ssm_alpha.weight,4096x64,F32,1048576,attention and recurrent state weights,GPU configured,0,1048576
qwen397,Qwen3.5-397B-A17B-UD-IQ3_XXS-00003-of-00004.gguf,blk.33.ssm_beta.weight,4096x64,F32,1048576,attention and recurrent state weights,GPU configured,0,1048576
qwen397,Qwen3.5-397B-A17B-UD-IQ3_XXS-00003-of-00004.gguf,blk.33.ssm_conv1d.weight,4x12288,F32,196608,attention and recurrent state weights,GPU configured,0,196608
qwen397,Qwen3.5-397B-A17B-UD-IQ3_XXS-00003-of-00004.gguf,blk.33.ssm_dt.bias,64,F32,256,attention and recurrent state weights,GPU configured,0,256
qwen397,Qwen3.5-397B-A17B-UD-IQ3_XXS-00003-of-00004.gguf,blk.33.ssm_norm.weight,128,F32,512,attention and recurrent state weights,GPU configured,0,512
qwen397,Qwen3.5-397B-A17B-UD-IQ3_XXS-00003-of-00004.gguf,blk.33.ssm_out.weight,8192x4096,Q6_K,27525120,attention and recurrent state weights,GPU configured,0,27525120
qwen397,Qwen3.5-397B-A17B-UD-IQ3_XXS-00003-of-00004.gguf,blk.34.attn_gate.weight,4096x8192,Q6_K,27525120,attention and recurrent state weights,GPU configured,0,27525120
qwen397,Qwen3.5-397B-A17B-UD-IQ3_XXS-00003-of-00004.gguf,blk.34.attn_norm.weight,4096,F32,16384,attention and recurrent state weights,GPU configured,0,16384
qwen397,Qwen3.5-397B-A17B-UD-IQ3_XXS-00003-of-00004.gguf,blk.34.attn_qkv.weight,4096x12288,Q6_K,41287680,attention and recurrent state weights,GPU configured,0,41287680
qwen397,Qwen3.5-397B-A17B-UD-IQ3_XXS-00003-of-00004.gguf,blk.34.ffn_down_exps.weight,1024x4096x512,IQ3_S,922746880,routed experts,system RAM,18022400,18022400
qwen397,Qwen3.5-397B-A17B-UD-IQ3_XXS-00003-of-00004.gguf,blk.34.ffn_down_shexp.weight,1024x4096,Q6_K,3440640,shared experts and shared gate,GPU configured,0,3440640
qwen397,Qwen3.5-397B-A17B-UD-IQ3_XXS-00003-of-00004.gguf,blk.34.ffn_gate_exps.weight,4096x1024x512,IQ2_S,687865856,routed experts,system RAM,13434880,13434880
qwen397,Qwen3.5-397B-A17B-UD-IQ3_XXS-00003-of-00004.gguf,blk.34.ffn_gate_inp.weight,4096x512,F32,8388608,"routing, norms and other weights",GPU configured,0,8388608
qwen397,Qwen3.5-397B-A17B-UD-IQ3_XXS-00003-of-00004.gguf,blk.34.ffn_gate_inp_shexp.weight,4096,F32,16384,shared experts and shared gate,GPU configured,0,16384
qwen397,Qwen3.5-397B-A17B-UD-IQ3_XXS-00003-of-00004.gguf,blk.34.ffn_gate_shexp.weight,4096x1024,Q6_K,3440640,shared experts and shared gate,GPU configured,0,3440640
qwen397,Qwen3.5-397B-A17B-UD-IQ3_XXS-00003-of-00004.gguf,blk.34.ffn_up_exps.weight,4096x1024x512,IQ2_S,687865856,routed experts,system RAM,13434880,13434880
qwen397,Qwen3.5-397B-A17B-UD-IQ3_XXS-00003-of-00004.gguf,blk.34.ffn_up_shexp.weight,4096x1024,Q6_K,3440640,shared experts and shared gate,GPU configured,0,3440640
qwen397,Qwen3.5-397B-A17B-UD-IQ3_XXS-00003-of-00004.gguf,blk.34.post_attention_norm.weight,4096,F32,16384,"routing, norms and other weights",GPU configured,0,16384
qwen397,Qwen3.5-397B-A17B-UD-IQ3_XXS-00003-of-00004.gguf,blk.34.ssm_a,64,F32,256,attention and recurrent state weights,GPU configured,0,256
qwen397,Qwen3.5-397B-A17B-UD-IQ3_XXS-00003-of-00004.gguf,blk.34.ssm_alpha.weight,4096x64,F32,1048576,attention and recurrent state weights,GPU configured,0,1048576
qwen397,Qwen3.5-397B-A17B-UD-IQ3_XXS-00003-of-00004.gguf,blk.34.ssm_beta.weight,4096x64,F32,1048576,attention and recurrent state weights,GPU configured,0,1048576
qwen397,Qwen3.5-397B-A17B-UD-IQ3_XXS-00003-of-00004.gguf,blk.34.ssm_conv1d.weight,4x12288,F32,196608,attention and recurrent state weights,GPU configured,0,196608
qwen397,Qwen3.5-397B-A17B-UD-IQ3_XXS-00003-of-00004.gguf,blk.34.ssm_dt.bias,64,F32,256,attention and recurrent state weights,GPU configured,0,256
qwen397,Qwen3.5-397B-A17B-UD-IQ3_XXS-00003-of-00004.gguf,blk.34.ssm_norm.weight,128,F32,512,attention and recurrent state weights,GPU configured,0,512
qwen397,Qwen3.5-397B-A17B-UD-IQ3_XXS-00003-of-00004.gguf,blk.34.ssm_out.weight,8192x4096,Q6_K,27525120,attention and recurrent state weights,GPU configured,0,27525120
qwen397,Qwen3.5-397B-A17B-UD-IQ3_XXS-00003-of-00004.gguf,blk.35.attn_k.weight,4096x512,Q6_K,1720320,attention and recurrent state weights,GPU configured,0,1720320
qwen397,Qwen3.5-397B-A17B-UD-IQ3_XXS-00003-of-00004.gguf,blk.35.attn_k_norm.weight,256,F32,1024,attention and recurrent state weights,GPU configured,0,1024
qwen397,Qwen3.5-397B-A17B-UD-IQ3_XXS-00003-of-00004.gguf,blk.35.attn_norm.weight,4096,F32,16384,attention and recurrent state weights,GPU configured,0,16384
qwen397,Qwen3.5-397B-A17B-UD-IQ3_XXS-00003-of-00004.gguf,blk.35.attn_output.weight,8192x4096,Q6_K,27525120,attention and recurrent state weights,GPU configured,0,27525120
qwen397,Qwen3.5-397B-A17B-UD-IQ3_XXS-00003-of-00004.gguf,blk.35.attn_q.weight,4096x16384,Q6_K,55050240,attention and recurrent state weights,GPU configured,0,55050240
qwen397,Qwen3.5-397B-A17B-UD-IQ3_XXS-00003-of-00004.gguf,blk.35.attn_q_norm.weight,256,F32,1024,attention and recurrent state weights,GPU configured,0,1024
qwen397,Qwen3.5-397B-A17B-UD-IQ3_XXS-00003-of-00004.gguf,blk.35.attn_v.weight,4096x512,Q6_K,1720320,attention and recurrent state weights,GPU configured,0,1720320
qwen397,Qwen3.5-397B-A17B-UD-IQ3_XXS-00003-of-00004.gguf,blk.35.ffn_down_exps.weight,1024x4096x512,IQ3_S,922746880,routed experts,system RAM,18022400,18022400
qwen397,Qwen3.5-397B-A17B-UD-IQ3_XXS-00003-of-00004.gguf,blk.35.ffn_down_shexp.weight,1024x4096,Q6_K,3440640,shared experts and shared gate,GPU configured,0,3440640
qwen397,Qwen3.5-397B-A17B-UD-IQ3_XXS-00003-of-00004.gguf,blk.35.ffn_gate_exps.weight,4096x1024x512,IQ2_S,687865856,routed experts,system RAM,13434880,13434880
qwen397,Qwen3.5-397B-A17B-UD-IQ3_XXS-00003-of-00004.gguf,blk.35.ffn_gate_inp.weight,4096x512,F32,8388608,"routing, norms and other weights",GPU configured,0,8388608
qwen397,Qwen3.5-397B-A17B-UD-IQ3_XXS-00003-of-00004.gguf,blk.35.ffn_gate_inp_shexp.weight,4096,F32,16384,shared experts and shared gate,GPU configured,0,16384
qwen397,Qwen3.5-397B-A17B-UD-IQ3_XXS-00003-of-00004.gguf,blk.35.ffn_gate_shexp.weight,4096x1024,Q6_K,3440640,shared experts and shared gate,GPU configured,0,3440640
qwen397,Qwen3.5-397B-A17B-UD-IQ3_XXS-00003-of-00004.gguf,blk.35.ffn_up_exps.weight,4096x1024x512,IQ2_S,687865856,routed experts,system RAM,13434880,13434880
qwen397,Qwen3.5-397B-A17B-UD-IQ3_XXS-00003-of-00004.gguf,blk.35.ffn_up_shexp.weight,4096x1024,Q6_K,3440640,shared experts and shared gate,GPU configured,0,3440640
qwen397,Qwen3.5-397B-A17B-UD-IQ3_XXS-00003-of-00004.gguf,blk.35.post_attention_norm.weight,4096,F32,16384,"routing, norms and other weights",GPU configured,0,16384
qwen397,Qwen3.5-397B-A17B-UD-IQ3_XXS-00003-of-00004.gguf,blk.36.attn_gate.weight,4096x8192,Q6_K,27525120,attention and recurrent state weights,GPU configured,0,27525120
qwen397,Qwen3.5-397B-A17B-UD-IQ3_XXS-00003-of-00004.gguf,blk.36.attn_norm.weight,4096,F32,16384,attention and recurrent state weights,GPU configured,0,16384
qwen397,Qwen3.5-397B-A17B-UD-IQ3_XXS-00003-of-00004.gguf,blk.36.attn_qkv.weight,4096x12288,Q6_K,41287680,attention and recurrent state weights,GPU configured,0,41287680
qwen397,Qwen3.5-397B-A17B-UD-IQ3_XXS-00003-of-00004.gguf,blk.36.ffn_down_exps.weight,1024x4096x512,IQ3_S,922746880,routed experts,system RAM,18022400,18022400
qwen397,Qwen3.5-397B-A17B-UD-IQ3_XXS-00003-of-00004.gguf,blk.36.ffn_down_shexp.weight,1024x4096,Q6_K,3440640,shared experts and shared gate,GPU configured,0,3440640
qwen397,Qwen3.5-397B-A17B-UD-IQ3_XXS-00003-of-00004.gguf,blk.36.ffn_gate_exps.weight,4096x1024x512,IQ2_S,687865856,routed experts,system RAM,13434880,13434880
qwen397,Qwen3.5-397B-A17B-UD-IQ3_XXS-00003-of-00004.gguf,blk.36.ffn_gate_inp.weight,4096x512,F32,8388608,"routing, norms and other weights",GPU configured,0,8388608
qwen397,Qwen3.5-397B-A17B-UD-IQ3_XXS-00003-of-00004.gguf,blk.36.ffn_gate_inp_shexp.weight,4096,F32,16384,shared experts and shared gate,GPU configured,0,16384
qwen397,Qwen3.5-397B-A17B-UD-IQ3_XXS-00003-of-00004.gguf,blk.36.ffn_gate_shexp.weight,4096x1024,Q6_K,3440640,shared experts and shared gate,GPU configured,0,3440640
qwen397,Qwen3.5-397B-A17B-UD-IQ3_XXS-00003-of-00004.gguf,blk.36.ffn_up_exps.weight,4096x1024x512,IQ2_S,687865856,routed experts,system RAM,13434880,13434880
qwen397,Qwen3.5-397B-A17B-UD-IQ3_XXS-00003-of-00004.gguf,blk.36.ffn_up_shexp.weight,4096x1024,Q6_K,3440640,shared experts and shared gate,GPU configured,0,3440640
qwen397,Qwen3.5-397B-A17B-UD-IQ3_XXS-00003-of-00004.gguf,blk.36.post_attention_norm.weight,4096,F32,16384,"routing, norms and other weights",GPU configured,0,16384
qwen397,Qwen3.5-397B-A17B-UD-IQ3_XXS-00003-of-00004.gguf,blk.36.ssm_a,64,F32,256,attention and recurrent state weights,GPU configured,0,256
qwen397,Qwen3.5-397B-A17B-UD-IQ3_XXS-00003-of-00004.gguf,blk.36.ssm_alpha.weight,4096x64,F32,1048576,attention and recurrent state weights,GPU configured,0,1048576
qwen397,Qwen3.5-397B-A17B-UD-IQ3_XXS-00003-of-00004.gguf,blk.36.ssm_beta.weight,4096x64,F32,1048576,attention and recurrent state weights,GPU configured,0,1048576
qwen397,Qwen3.5-397B-A17B-UD-IQ3_XXS-00003-of-00004.gguf,blk.36.ssm_conv1d.weight,4x12288,F32,196608,attention and recurrent state weights,GPU configured,0,196608
qwen397,Qwen3.5-397B-A17B-UD-IQ3_XXS-00003-of-00004.gguf,blk.36.ssm_dt.bias,64,F32,256,attention and recurrent state weights,GPU configured,0,256
qwen397,Qwen3.5-397B-A17B-UD-IQ3_XXS-00003-of-00004.gguf,blk.36.ssm_norm.weight,128,F32,512,attention and recurrent state weights,GPU configured,0,512
qwen397,Qwen3.5-397B-A17B-UD-IQ3_XXS-00003-of-00004.gguf,blk.36.ssm_out.weight,8192x4096,Q6_K,27525120,attention and recurrent state weights,GPU configured,0,27525120
qwen397,Qwen3.5-397B-A17B-UD-IQ3_XXS-00003-of-00004.gguf,blk.37.attn_gate.weight,4096x8192,Q6_K,27525120,attention and recurrent state weights,GPU configured,0,27525120
qwen397,Qwen3.5-397B-A17B-UD-IQ3_XXS-00003-of-00004.gguf,blk.37.attn_norm.weight,4096,F32,16384,attention and recurrent state weights,GPU configured,0,16384
qwen397,Qwen3.5-397B-A17B-UD-IQ3_XXS-00003-of-00004.gguf,blk.37.attn_qkv.weight,4096x12288,Q6_K,41287680,attention and recurrent state weights,GPU configured,0,41287680
qwen397,Qwen3.5-397B-A17B-UD-IQ3_XXS-00003-of-00004.gguf,blk.37.ffn_down_exps.weight,1024x4096x512,IQ3_S,922746880,routed experts,system RAM,18022400,18022400
qwen397,Qwen3.5-397B-A17B-UD-IQ3_XXS-00003-of-00004.gguf,blk.37.ffn_down_shexp.weight,1024x4096,Q6_K,3440640,shared experts and shared gate,GPU configured,0,3440640
qwen397,Qwen3.5-397B-A17B-UD-IQ3_XXS-00003-of-00004.gguf,blk.37.ffn_gate_exps.weight,4096x1024x512,IQ2_S,687865856,routed experts,system RAM,13434880,13434880
qwen397,Qwen3.5-397B-A17B-UD-IQ3_XXS-00003-of-00004.gguf,blk.37.ffn_gate_inp.weight,4096x512,F32,8388608,"routing, norms and other weights",GPU configured,0,8388608
qwen397,Qwen3.5-397B-A17B-UD-IQ3_XXS-00003-of-00004.gguf,blk.37.ffn_gate_inp_shexp.weight,4096,F32,16384,shared experts and shared gate,GPU configured,0,16384
qwen397,Qwen3.5-397B-A17B-UD-IQ3_XXS-00003-of-00004.gguf,blk.37.ffn_gate_shexp.weight,4096x1024,Q6_K,3440640,shared experts and shared gate,GPU configured,0,3440640
qwen397,Qwen3.5-397B-A17B-UD-IQ3_XXS-00003-of-00004.gguf,blk.37.ffn_up_exps.weight,4096x1024x512,IQ2_S,687865856,routed experts,system RAM,13434880,13434880
qwen397,Qwen3.5-397B-A17B-UD-IQ3_XXS-00003-of-00004.gguf,blk.37.ffn_up_shexp.weight,4096x1024,Q6_K,3440640,shared experts and shared gate,GPU configured,0,3440640
qwen397,Qwen3.5-397B-A17B-UD-IQ3_XXS-00003-of-00004.gguf,blk.37.post_attention_norm.weight,4096,F32,16384,"routing, norms and other weights",GPU configured,0,16384
qwen397,Qwen3.5-397B-A17B-UD-IQ3_XXS-00003-of-00004.gguf,blk.37.ssm_a,64,F32,256,attention and recurrent state weights,GPU configured,0,256
qwen397,Qwen3.5-397B-A17B-UD-IQ3_XXS-00003-of-00004.gguf,blk.37.ssm_alpha.weight,4096x64,F32,1048576,attention and recurrent state weights,GPU configured,0,1048576
qwen397,Qwen3.5-397B-A17B-UD-IQ3_XXS-00003-of-00004.gguf,blk.37.ssm_beta.weight,4096x64,F32,1048576,attention and recurrent state weights,GPU configured,0,1048576
qwen397,Qwen3.5-397B-A17B-UD-IQ3_XXS-00003-of-00004.gguf,blk.37.ssm_conv1d.weight,4x12288,F32,196608,attention and recurrent state weights,GPU configured,0,196608
qwen397,Qwen3.5-397B-A17B-UD-IQ3_XXS-00003-of-00004.gguf,blk.37.ssm_dt.bias,64,F32,256,attention and recurrent state weights,GPU configured,0,256
qwen397,Qwen3.5-397B-A17B-UD-IQ3_XXS-00003-of-00004.gguf,blk.37.ssm_norm.weight,128,F32,512,attention and recurrent state weights,GPU configured,0,512
qwen397,Qwen3.5-397B-A17B-UD-IQ3_XXS-00003-of-00004.gguf,blk.37.ssm_out.weight,8192x4096,Q6_K,27525120,attention and recurrent state weights,GPU configured,0,27525120
qwen397,Qwen3.5-397B-A17B-UD-IQ3_XXS-00003-of-00004.gguf,blk.38.attn_gate.weight,4096x8192,Q6_K,27525120,attention and recurrent state weights,GPU configured,0,27525120
qwen397,Qwen3.5-397B-A17B-UD-IQ3_XXS-00003-of-00004.gguf,blk.38.attn_norm.weight,4096,F32,16384,attention and recurrent state weights,GPU configured,0,16384
qwen397,Qwen3.5-397B-A17B-UD-IQ3_XXS-00003-of-00004.gguf,blk.38.attn_qkv.weight,4096x12288,Q6_K,41287680,attention and recurrent state weights,GPU configured,0,41287680
qwen397,Qwen3.5-397B-A17B-UD-IQ3_XXS-00003-of-00004.gguf,blk.38.ffn_down_exps.weight,1024x4096x512,IQ3_S,922746880,routed experts,system RAM,18022400,18022400
qwen397,Qwen3.5-397B-A17B-UD-IQ3_XXS-00003-of-00004.gguf,blk.38.ffn_down_shexp.weight,1024x4096,Q6_K,3440640,shared experts and shared gate,GPU configured,0,3440640
qwen397,Qwen3.5-397B-A17B-UD-IQ3_XXS-00003-of-00004.gguf,blk.38.ffn_gate_exps.weight,4096x1024x512,IQ2_S,687865856,routed experts,system RAM,13434880,13434880
qwen397,Qwen3.5-397B-A17B-UD-IQ3_XXS-00003-of-00004.gguf,blk.38.ffn_gate_inp.weight,4096x512,F32,8388608,"routing, norms and other weights",GPU configured,0,8388608
qwen397,Qwen3.5-397B-A17B-UD-IQ3_XXS-00003-of-00004.gguf,blk.38.ffn_gate_inp_shexp.weight,4096,F32,16384,shared experts and shared gate,GPU configured,0,16384
qwen397,Qwen3.5-397B-A17B-UD-IQ3_XXS-00003-of-00004.gguf,blk.38.ffn_gate_shexp.weight,4096x1024,Q6_K,3440640,shared experts and shared gate,GPU configured,0,3440640
qwen397,Qwen3.5-397B-A17B-UD-IQ3_XXS-00003-of-00004.gguf,blk.38.ffn_up_exps.weight,4096x1024x512,IQ2_S,687865856,routed experts,system RAM,13434880,13434880
qwen397,Qwen3.5-397B-A17B-UD-IQ3_XXS-00003-of-00004.gguf,blk.38.ffn_up_shexp.weight,4096x1024,Q6_K,3440640,shared experts and shared gate,GPU configured,0,3440640
qwen397,Qwen3.5-397B-A17B-UD-IQ3_XXS-00003-of-00004.gguf,blk.38.post_attention_norm.weight,4096,F32,16384,"routing, norms and other weights",GPU configured,0,16384
qwen397,Qwen3.5-397B-A17B-UD-IQ3_XXS-00003-of-00004.gguf,blk.38.ssm_a,64,F32,256,attention and recurrent state weights,GPU configured,0,256
qwen397,Qwen3.5-397B-A17B-UD-IQ3_XXS-00003-of-00004.gguf,blk.38.ssm_alpha.weight,4096x64,F32,1048576,attention and recurrent state weights,GPU configured,0,1048576
qwen397,Qwen3.5-397B-A17B-UD-IQ3_XXS-00003-of-00004.gguf,blk.38.ssm_beta.weight,4096x64,F32,1048576,attention and recurrent state weights,GPU configured,0,1048576
qwen397,Qwen3.5-397B-A17B-UD-IQ3_XXS-00003-of-00004.gguf,blk.38.ssm_conv1d.weight,4x12288,F32,196608,attention and recurrent state weights,GPU configured,0,196608
qwen397,Qwen3.5-397B-A17B-UD-IQ3_XXS-00003-of-00004.gguf,blk.38.ssm_dt.bias,64,F32,256,attention and recurrent state weights,GPU configured,0,256
qwen397,Qwen3.5-397B-A17B-UD-IQ3_XXS-00003-of-00004.gguf,blk.38.ssm_norm.weight,128,F32,512,attention and recurrent state weights,GPU configured,0,512
qwen397,Qwen3.5-397B-A17B-UD-IQ3_XXS-00003-of-00004.gguf,blk.38.ssm_out.weight,8192x4096,Q6_K,27525120,attention and recurrent state weights,GPU configured,0,27525120
qwen397,Qwen3.5-397B-A17B-UD-IQ3_XXS-00003-of-00004.gguf,blk.39.attn_k.weight,4096x512,Q6_K,1720320,attention and recurrent state weights,GPU configured,0,1720320
qwen397,Qwen3.5-397B-A17B-UD-IQ3_XXS-00003-of-00004.gguf,blk.39.attn_k_norm.weight,256,F32,1024,attention and recurrent state weights,GPU configured,0,1024
qwen397,Qwen3.5-397B-A17B-UD-IQ3_XXS-00003-of-00004.gguf,blk.39.attn_norm.weight,4096,F32,16384,attention and recurrent state weights,GPU configured,0,16384
qwen397,Qwen3.5-397B-A17B-UD-IQ3_XXS-00003-of-00004.gguf,blk.39.attn_output.weight,8192x4096,Q6_K,27525120,attention and recurrent state weights,GPU configured,0,27525120
qwen397,Qwen3.5-397B-A17B-UD-IQ3_XXS-00003-of-00004.gguf,blk.39.attn_q.weight,4096x16384,Q6_K,55050240,attention and recurrent state weights,GPU configured,0,55050240
qwen397,Qwen3.5-397B-A17B-UD-IQ3_XXS-00003-of-00004.gguf,blk.39.attn_q_norm.weight,256,F32,1024,attention and recurrent state weights,GPU configured,0,1024
qwen397,Qwen3.5-397B-A17B-UD-IQ3_XXS-00003-of-00004.gguf,blk.39.attn_v.weight,4096x512,Q6_K,1720320,attention and recurrent state weights,GPU configured,0,1720320
qwen397,Qwen3.5-397B-A17B-UD-IQ3_XXS-00003-of-00004.gguf,blk.39.ffn_down_exps.weight,1024x4096x512,IQ3_S,922746880,routed experts,system RAM,18022400,18022400
qwen397,Qwen3.5-397B-A17B-UD-IQ3_XXS-00003-of-00004.gguf,blk.39.ffn_down_shexp.weight,1024x4096,Q6_K,3440640,shared experts and shared gate,GPU configured,0,3440640
qwen397,Qwen3.5-397B-A17B-UD-IQ3_XXS-00003-of-00004.gguf,blk.39.ffn_gate_exps.weight,4096x1024x512,IQ2_S,687865856,routed experts,system RAM,13434880,13434880
qwen397,Qwen3.5-397B-A17B-UD-IQ3_XXS-00003-of-00004.gguf,blk.39.ffn_gate_inp.weight,4096x512,F32,8388608,"routing, norms and other weights",GPU configured,0,8388608
qwen397,Qwen3.5-397B-A17B-UD-IQ3_XXS-00003-of-00004.gguf,blk.39.ffn_gate_inp_shexp.weight,4096,F32,16384,shared experts and shared gate,GPU configured,0,16384
qwen397,Qwen3.5-397B-A17B-UD-IQ3_XXS-00003-of-00004.gguf,blk.39.ffn_gate_shexp.weight,4096x1024,Q6_K,3440640,shared experts and shared gate,GPU configured,0,3440640
qwen397,Qwen3.5-397B-A17B-UD-IQ3_XXS-00003-of-00004.gguf,blk.39.ffn_up_exps.weight,4096x1024x512,IQ2_S,687865856,routed experts,system RAM,13434880,13434880
qwen397,Qwen3.5-397B-A17B-UD-IQ3_XXS-00003-of-00004.gguf,blk.39.ffn_up_shexp.weight,4096x1024,Q6_K,3440640,shared experts and shared gate,GPU configured,0,3440640
qwen397,Qwen3.5-397B-A17B-UD-IQ3_XXS-00003-of-00004.gguf,blk.39.post_attention_norm.weight,4096,F32,16384,"routing, norms and other weights",GPU configured,0,16384
qwen397,Qwen3.5-397B-A17B-UD-IQ3_XXS-00003-of-00004.gguf,blk.40.attn_gate.weight,4096x8192,Q6_K,27525120,attention and recurrent state weights,GPU configured,0,27525120
qwen397,Qwen3.5-397B-A17B-UD-IQ3_XXS-00003-of-00004.gguf,blk.40.attn_norm.weight,4096,F32,16384,attention and recurrent state weights,GPU configured,0,16384
qwen397,Qwen3.5-397B-A17B-UD-IQ3_XXS-00003-of-00004.gguf,blk.40.attn_qkv.weight,4096x12288,Q6_K,41287680,attention and recurrent state weights,GPU configured,0,41287680
qwen397,Qwen3.5-397B-A17B-UD-IQ3_XXS-00003-of-00004.gguf,blk.40.ffn_down_exps.weight,1024x4096x512,IQ3_S,922746880,routed experts,system RAM,18022400,18022400
qwen397,Qwen3.5-397B-A17B-UD-IQ3_XXS-00003-of-00004.gguf,blk.40.ffn_down_shexp.weight,1024x4096,Q6_K,3440640,shared experts and shared gate,GPU configured,0,3440640
qwen397,Qwen3.5-397B-A17B-UD-IQ3_XXS-00003-of-00004.gguf,blk.40.ffn_gate_exps.weight,4096x1024x512,IQ2_S,687865856,routed experts,system RAM,13434880,13434880
qwen397,Qwen3.5-397B-A17B-UD-IQ3_XXS-00003-of-00004.gguf,blk.40.ffn_gate_inp.weight,4096x512,F32,8388608,"routing, norms and other weights",GPU configured,0,8388608
qwen397,Qwen3.5-397B-A17B-UD-IQ3_XXS-00003-of-00004.gguf,blk.40.ffn_gate_inp_shexp.weight,4096,F32,16384,shared experts and shared gate,GPU configured,0,16384
qwen397,Qwen3.5-397B-A17B-UD-IQ3_XXS-00003-of-00004.gguf,blk.40.ffn_gate_shexp.weight,4096x1024,Q6_K,3440640,shared experts and shared gate,GPU configured,0,3440640
qwen397,Qwen3.5-397B-A17B-UD-IQ3_XXS-00004-of-00004.gguf,blk.40.ffn_up_exps.weight,4096x1024x512,IQ2_S,687865856,routed experts,system RAM,13434880,13434880
qwen397,Qwen3.5-397B-A17B-UD-IQ3_XXS-00004-of-00004.gguf,blk.40.ffn_up_shexp.weight,4096x1024,Q6_K,3440640,shared experts and shared gate,GPU configured,0,3440640
qwen397,Qwen3.5-397B-A17B-UD-IQ3_XXS-00004-of-00004.gguf,blk.40.post_attention_norm.weight,4096,F32,16384,"routing, norms and other weights",GPU configured,0,16384
qwen397,Qwen3.5-397B-A17B-UD-IQ3_XXS-00004-of-00004.gguf,blk.40.ssm_a,64,F32,256,attention and recurrent state weights,GPU configured,0,256
qwen397,Qwen3.5-397B-A17B-UD-IQ3_XXS-00004-of-00004.gguf,blk.40.ssm_alpha.weight,4096x64,F32,1048576,attention and recurrent state weights,GPU configured,0,1048576
qwen397,Qwen3.5-397B-A17B-UD-IQ3_XXS-00004-of-00004.gguf,blk.40.ssm_beta.weight,4096x64,F32,1048576,attention and recurrent state weights,GPU configured,0,1048576
qwen397,Qwen3.5-397B-A17B-UD-IQ3_XXS-00004-of-00004.gguf,blk.40.ssm_conv1d.weight,4x12288,F32,196608,attention and recurrent state weights,GPU configured,0,196608
qwen397,Qwen3.5-397B-A17B-UD-IQ3_XXS-00004-of-00004.gguf,blk.40.ssm_dt.bias,64,F32,256,attention and recurrent state weights,GPU configured,0,256
qwen397,Qwen3.5-397B-A17B-UD-IQ3_XXS-00004-of-00004.gguf,blk.40.ssm_norm.weight,128,F32,512,attention and recurrent state weights,GPU configured,0,512
qwen397,Qwen3.5-397B-A17B-UD-IQ3_XXS-00004-of-00004.gguf,blk.40.ssm_out.weight,8192x4096,Q6_K,27525120,attention and recurrent state weights,GPU configured,0,27525120
qwen397,Qwen3.5-397B-A17B-UD-IQ3_XXS-00004-of-00004.gguf,blk.41.attn_gate.weight,4096x8192,Q6_K,27525120,attention and recurrent state weights,GPU configured,0,27525120
qwen397,Qwen3.5-397B-A17B-UD-IQ3_XXS-00004-of-00004.gguf,blk.41.attn_norm.weight,4096,F32,16384,attention and recurrent state weights,GPU configured,0,16384
qwen397,Qwen3.5-397B-A17B-UD-IQ3_XXS-00004-of-00004.gguf,blk.41.attn_qkv.weight,4096x12288,Q6_K,41287680,attention and recurrent state weights,GPU configured,0,41287680
qwen397,Qwen3.5-397B-A17B-UD-IQ3_XXS-00004-of-00004.gguf,blk.41.ffn_down_exps.weight,1024x4096x512,IQ3_S,922746880,routed experts,system RAM,18022400,18022400
qwen397,Qwen3.5-397B-A17B-UD-IQ3_XXS-00004-of-00004.gguf,blk.41.ffn_down_shexp.weight,1024x4096,Q6_K,3440640,shared experts and shared gate,GPU configured,0,3440640
qwen397,Qwen3.5-397B-A17B-UD-IQ3_XXS-00004-of-00004.gguf,blk.41.ffn_gate_exps.weight,4096x1024x512,IQ2_S,687865856,routed experts,system RAM,13434880,13434880
qwen397,Qwen3.5-397B-A17B-UD-IQ3_XXS-00004-of-00004.gguf,blk.41.ffn_gate_inp.weight,4096x512,F32,8388608,"routing, norms and other weights",GPU configured,0,8388608
qwen397,Qwen3.5-397B-A17B-UD-IQ3_XXS-00004-of-00004.gguf,blk.41.ffn_gate_inp_shexp.weight,4096,F32,16384,shared experts and shared gate,GPU configured,0,16384
qwen397,Qwen3.5-397B-A17B-UD-IQ3_XXS-00004-of-00004.gguf,blk.41.ffn_gate_shexp.weight,4096x1024,Q6_K,3440640,shared experts and shared gate,GPU configured,0,3440640
qwen397,Qwen3.5-397B-A17B-UD-IQ3_XXS-00004-of-00004.gguf,blk.41.ffn_up_exps.weight,4096x1024x512,IQ2_S,687865856,routed experts,system RAM,13434880,13434880
qwen397,Qwen3.5-397B-A17B-UD-IQ3_XXS-00004-of-00004.gguf,blk.41.ffn_up_shexp.weight,4096x1024,Q6_K,3440640,shared experts and shared gate,GPU configured,0,3440640
qwen397,Qwen3.5-397B-A17B-UD-IQ3_XXS-00004-of-00004.gguf,blk.41.post_attention_norm.weight,4096,F32,16384,"routing, norms and other weights",GPU configured,0,16384
qwen397,Qwen3.5-397B-A17B-UD-IQ3_XXS-00004-of-00004.gguf,blk.41.ssm_a,64,F32,256,attention and recurrent state weights,GPU configured,0,256
qwen397,Qwen3.5-397B-A17B-UD-IQ3_XXS-00004-of-00004.gguf,blk.41.ssm_alpha.weight,4096x64,F32,1048576,attention and recurrent state weights,GPU configured,0,1048576
qwen397,Qwen3.5-397B-A17B-UD-IQ3_XXS-00004-of-00004.gguf,blk.41.ssm_beta.weight,4096x64,F32,1048576,attention and recurrent state weights,GPU configured,0,1048576
qwen397,Qwen3.5-397B-A17B-UD-IQ3_XXS-00004-of-00004.gguf,blk.41.ssm_conv1d.weight,4x12288,F32,196608,attention and recurrent state weights,GPU configured,0,196608
qwen397,Qwen3.5-397B-A17B-UD-IQ3_XXS-00004-of-00004.gguf,blk.41.ssm_dt.bias,64,F32,256,attention and recurrent state weights,GPU configured,0,256
qwen397,Qwen3.5-397B-A17B-UD-IQ3_XXS-00004-of-00004.gguf,blk.41.ssm_norm.weight,128,F32,512,attention and recurrent state weights,GPU configured,0,512
qwen397,Qwen3.5-397B-A17B-UD-IQ3_XXS-00004-of-00004.gguf,blk.41.ssm_out.weight,8192x4096,Q6_K,27525120,attention and recurrent state weights,GPU configured,0,27525120
qwen397,Qwen3.5-397B-A17B-UD-IQ3_XXS-00004-of-00004.gguf,blk.42.attn_gate.weight,4096x8192,Q6_K,27525120,attention and recurrent state weights,GPU configured,0,27525120
qwen397,Qwen3.5-397B-A17B-UD-IQ3_XXS-00004-of-00004.gguf,blk.42.attn_norm.weight,4096,F32,16384,attention and recurrent state weights,GPU configured,0,16384
qwen397,Qwen3.5-397B-A17B-UD-IQ3_XXS-00004-of-00004.gguf,blk.42.attn_qkv.weight,4096x12288,Q6_K,41287680,attention and recurrent state weights,GPU configured,0,41287680
qwen397,Qwen3.5-397B-A17B-UD-IQ3_XXS-00004-of-00004.gguf,blk.42.ffn_down_exps.weight,1024x4096x512,IQ3_S,922746880,routed experts,system RAM,18022400,18022400
qwen397,Qwen3.5-397B-A17B-UD-IQ3_XXS-00004-of-00004.gguf,blk.42.ffn_down_shexp.weight,1024x4096,Q6_K,3440640,shared experts and shared gate,GPU configured,0,3440640
qwen397,Qwen3.5-397B-A17B-UD-IQ3_XXS-00004-of-00004.gguf,blk.42.ffn_gate_exps.weight,4096x1024x512,IQ2_S,687865856,routed experts,system RAM,13434880,13434880
qwen397,Qwen3.5-397B-A17B-UD-IQ3_XXS-00004-of-00004.gguf,blk.42.ffn_gate_inp.weight,4096x512,F32,8388608,"routing, norms and other weights",GPU configured,0,8388608
qwen397,Qwen3.5-397B-A17B-UD-IQ3_XXS-00004-of-00004.gguf,blk.42.ffn_gate_inp_shexp.weight,4096,F32,16384,shared experts and shared gate,GPU configured,0,16384
qwen397,Qwen3.5-397B-A17B-UD-IQ3_XXS-00004-of-00004.gguf,blk.42.ffn_gate_shexp.weight,4096x1024,Q6_K,3440640,shared experts and shared gate,GPU configured,0,3440640
qwen397,Qwen3.5-397B-A17B-UD-IQ3_XXS-00004-of-00004.gguf,blk.42.ffn_up_exps.weight,4096x1024x512,IQ2_S,687865856,routed experts,system RAM,13434880,13434880
qwen397,Qwen3.5-397B-A17B-UD-IQ3_XXS-00004-of-00004.gguf,blk.42.ffn_up_shexp.weight,4096x1024,Q6_K,3440640,shared experts and shared gate,GPU configured,0,3440640
qwen397,Qwen3.5-397B-A17B-UD-IQ3_XXS-00004-of-00004.gguf,blk.42.post_attention_norm.weight,4096,F32,16384,"routing, norms and other weights",GPU configured,0,16384
qwen397,Qwen3.5-397B-A17B-UD-IQ3_XXS-00004-of-00004.gguf,blk.42.ssm_a,64,F32,256,attention and recurrent state weights,GPU configured,0,256
qwen397,Qwen3.5-397B-A17B-UD-IQ3_XXS-00004-of-00004.gguf,blk.42.ssm_alpha.weight,4096x64,F32,1048576,attention and recurrent state weights,GPU configured,0,1048576
qwen397,Qwen3.5-397B-A17B-UD-IQ3_XXS-00004-of-00004.gguf,blk.42.ssm_beta.weight,4096x64,F32,1048576,attention and recurrent state weights,GPU configured,0,1048576
qwen397,Qwen3.5-397B-A17B-UD-IQ3_XXS-00004-of-00004.gguf,blk.42.ssm_conv1d.weight,4x12288,F32,196608,attention and recurrent state weights,GPU configured,0,196608
qwen397,Qwen3.5-397B-A17B-UD-IQ3_XXS-00004-of-00004.gguf,blk.42.ssm_dt.bias,64,F32,256,attention and recurrent state weights,GPU configured,0,256
qwen397,Qwen3.5-397B-A17B-UD-IQ3_XXS-00004-of-00004.gguf,blk.42.ssm_norm.weight,128,F32,512,attention and recurrent state weights,GPU configured,0,512
qwen397,Qwen3.5-397B-A17B-UD-IQ3_XXS-00004-of-00004.gguf,blk.42.ssm_out.weight,8192x4096,Q6_K,27525120,attention and recurrent state weights,GPU configured,0,27525120
qwen397,Qwen3.5-397B-A17B-UD-IQ3_XXS-00004-of-00004.gguf,blk.43.attn_k.weight,4096x512,Q6_K,1720320,attention and recurrent state weights,GPU configured,0,1720320
qwen397,Qwen3.5-397B-A17B-UD-IQ3_XXS-00004-of-00004.gguf,blk.43.attn_k_norm.weight,256,F32,1024,attention and recurrent state weights,GPU configured,0,1024
qwen397,Qwen3.5-397B-A17B-UD-IQ3_XXS-00004-of-00004.gguf,blk.43.attn_norm.weight,4096,F32,16384,attention and recurrent state weights,GPU configured,0,16384
qwen397,Qwen3.5-397B-A17B-UD-IQ3_XXS-00004-of-00004.gguf,blk.43.attn_output.weight,8192x4096,Q6_K,27525120,attention and recurrent state weights,GPU configured,0,27525120
qwen397,Qwen3.5-397B-A17B-UD-IQ3_XXS-00004-of-00004.gguf,blk.43.attn_q.weight,4096x16384,Q6_K,55050240,attention and recurrent state weights,GPU configured,0,55050240
qwen397,Qwen3.5-397B-A17B-UD-IQ3_XXS-00004-of-00004.gguf,blk.43.attn_q_norm.weight,256,F32,1024,attention and recurrent state weights,GPU configured,0,1024
qwen397,Qwen3.5-397B-A17B-UD-IQ3_XXS-00004-of-00004.gguf,blk.43.attn_v.weight,4096x512,Q6_K,1720320,attention and recurrent state weights,GPU configured,0,1720320
qwen397,Qwen3.5-397B-A17B-UD-IQ3_XXS-00004-of-00004.gguf,blk.43.ffn_down_exps.weight,1024x4096x512,IQ3_S,922746880,routed experts,system RAM,18022400,18022400
qwen397,Qwen3.5-397B-A17B-UD-IQ3_XXS-00004-of-00004.gguf,blk.43.ffn_down_shexp.weight,1024x4096,Q6_K,3440640,shared experts and shared gate,GPU configured,0,3440640
qwen397,Qwen3.5-397B-A17B-UD-IQ3_XXS-00004-of-00004.gguf,blk.43.ffn_gate_exps.weight,4096x1024x512,IQ2_S,687865856,routed experts,system RAM,13434880,13434880
qwen397,Qwen3.5-397B-A17B-UD-IQ3_XXS-00004-of-00004.gguf,blk.43.ffn_gate_inp.weight,4096x512,F32,8388608,"routing, norms and other weights",GPU configured,0,8388608
qwen397,Qwen3.5-397B-A17B-UD-IQ3_XXS-00004-of-00004.gguf,blk.43.ffn_gate_inp_shexp.weight,4096,F32,16384,shared experts and shared gate,GPU configured,0,16384
qwen397,Qwen3.5-397B-A17B-UD-IQ3_XXS-00004-of-00004.gguf,blk.43.ffn_gate_shexp.weight,4096x1024,Q6_K,3440640,shared experts and shared gate,GPU configured,0,3440640
qwen397,Qwen3.5-397B-A17B-UD-IQ3_XXS-00004-of-00004.gguf,blk.43.ffn_up_exps.weight,4096x1024x512,IQ2_S,687865856,routed experts,system RAM,13434880,13434880
qwen397,Qwen3.5-397B-A17B-UD-IQ3_XXS-00004-of-00004.gguf,blk.43.ffn_up_shexp.weight,4096x1024,Q6_K,3440640,shared experts and shared gate,GPU configured,0,3440640
qwen397,Qwen3.5-397B-A17B-UD-IQ3_XXS-00004-of-00004.gguf,blk.43.post_attention_norm.weight,4096,F32,16384,"routing, norms and other weights",GPU configured,0,16384
qwen397,Qwen3.5-397B-A17B-UD-IQ3_XXS-00004-of-00004.gguf,blk.44.attn_gate.weight,4096x8192,Q6_K,27525120,attention and recurrent state weights,GPU configured,0,27525120
qwen397,Qwen3.5-397B-A17B-UD-IQ3_XXS-00004-of-00004.gguf,blk.44.attn_norm.weight,4096,F32,16384,attention and recurrent state weights,GPU configured,0,16384
qwen397,Qwen3.5-397B-A17B-UD-IQ3_XXS-00004-of-00004.gguf,blk.44.attn_qkv.weight,4096x12288,Q6_K,41287680,attention and recurrent state weights,GPU configured,0,41287680
qwen397,Qwen3.5-397B-A17B-UD-IQ3_XXS-00004-of-00004.gguf,blk.44.ffn_down_exps.weight,1024x4096x512,IQ3_S,922746880,routed experts,system RAM,18022400,18022400
qwen397,Qwen3.5-397B-A17B-UD-IQ3_XXS-00004-of-00004.gguf,blk.44.ffn_down_shexp.weight,1024x4096,Q6_K,3440640,shared experts and shared gate,GPU configured,0,3440640
qwen397,Qwen3.5-397B-A17B-UD-IQ3_XXS-00004-of-00004.gguf,blk.44.ffn_gate_exps.weight,4096x1024x512,IQ2_S,687865856,routed experts,system RAM,13434880,13434880
qwen397,Qwen3.5-397B-A17B-UD-IQ3_XXS-00004-of-00004.gguf,blk.44.ffn_gate_inp.weight,4096x512,F32,8388608,"routing, norms and other weights",GPU configured,0,8388608
qwen397,Qwen3.5-397B-A17B-UD-IQ3_XXS-00004-of-00004.gguf,blk.44.ffn_gate_inp_shexp.weight,4096,F32,16384,shared experts and shared gate,GPU configured,0,16384
qwen397,Qwen3.5-397B-A17B-UD-IQ3_XXS-00004-of-00004.gguf,blk.44.ffn_gate_shexp.weight,4096x1024,Q6_K,3440640,shared experts and shared gate,GPU configured,0,3440640
qwen397,Qwen3.5-397B-A17B-UD-IQ3_XXS-00004-of-00004.gguf,blk.44.ffn_up_exps.weight,4096x1024x512,IQ2_S,687865856,routed experts,system RAM,13434880,13434880
qwen397,Qwen3.5-397B-A17B-UD-IQ3_XXS-00004-of-00004.gguf,blk.44.ffn_up_shexp.weight,4096x1024,Q6_K,3440640,shared experts and shared gate,GPU configured,0,3440640
qwen397,Qwen3.5-397B-A17B-UD-IQ3_XXS-00004-of-00004.gguf,blk.44.post_attention_norm.weight,4096,F32,16384,"routing, norms and other weights",GPU configured,0,16384
qwen397,Qwen3.5-397B-A17B-UD-IQ3_XXS-00004-of-00004.gguf,blk.44.ssm_a,64,F32,256,attention and recurrent state weights,GPU configured,0,256
qwen397,Qwen3.5-397B-A17B-UD-IQ3_XXS-00004-of-00004.gguf,blk.44.ssm_alpha.weight,4096x64,F32,1048576,attention and recurrent state weights,GPU configured,0,1048576
qwen397,Qwen3.5-397B-A17B-UD-IQ3_XXS-00004-of-00004.gguf,blk.44.ssm_beta.weight,4096x64,F32,1048576,attention and recurrent state weights,GPU configured,0,1048576
qwen397,Qwen3.5-397B-A17B-UD-IQ3_XXS-00004-of-00004.gguf,blk.44.ssm_conv1d.weight,4x12288,F32,196608,attention and recurrent state weights,GPU configured,0,196608
qwen397,Qwen3.5-397B-A17B-UD-IQ3_XXS-00004-of-00004.gguf,blk.44.ssm_dt.bias,64,F32,256,attention and recurrent state weights,GPU configured,0,256
qwen397,Qwen3.5-397B-A17B-UD-IQ3_XXS-00004-of-00004.gguf,blk.44.ssm_norm.weight,128,F32,512,attention and recurrent state weights,GPU configured,0,512
qwen397,Qwen3.5-397B-A17B-UD-IQ3_XXS-00004-of-00004.gguf,blk.44.ssm_out.weight,8192x4096,Q6_K,27525120,attention and recurrent state weights,GPU configured,0,27525120
qwen397,Qwen3.5-397B-A17B-UD-IQ3_XXS-00004-of-00004.gguf,blk.45.attn_gate.weight,4096x8192,Q6_K,27525120,attention and recurrent state weights,GPU configured,0,27525120
qwen397,Qwen3.5-397B-A17B-UD-IQ3_XXS-00004-of-00004.gguf,blk.45.attn_norm.weight,4096,F32,16384,attention and recurrent state weights,GPU configured,0,16384
qwen397,Qwen3.5-397B-A17B-UD-IQ3_XXS-00004-of-00004.gguf,blk.45.attn_qkv.weight,4096x12288,Q6_K,41287680,attention and recurrent state weights,GPU configured,0,41287680
qwen397,Qwen3.5-397B-A17B-UD-IQ3_XXS-00004-of-00004.gguf,blk.45.ffn_down_exps.weight,1024x4096x512,IQ3_S,922746880,routed experts,system RAM,18022400,18022400
qwen397,Qwen3.5-397B-A17B-UD-IQ3_XXS-00004-of-00004.gguf,blk.45.ffn_down_shexp.weight,1024x4096,Q6_K,3440640,shared experts and shared gate,GPU configured,0,3440640
qwen397,Qwen3.5-397B-A17B-UD-IQ3_XXS-00004-of-00004.gguf,blk.45.ffn_gate_exps.weight,4096x1024x512,IQ2_S,687865856,routed experts,system RAM,13434880,13434880
qwen397,Qwen3.5-397B-A17B-UD-IQ3_XXS-00004-of-00004.gguf,blk.45.ffn_gate_inp.weight,4096x512,F32,8388608,"routing, norms and other weights",GPU configured,0,8388608
qwen397,Qwen3.5-397B-A17B-UD-IQ3_XXS-00004-of-00004.gguf,blk.45.ffn_gate_inp_shexp.weight,4096,F32,16384,shared experts and shared gate,GPU configured,0,16384
qwen397,Qwen3.5-397B-A17B-UD-IQ3_XXS-00004-of-00004.gguf,blk.45.ffn_gate_shexp.weight,4096x1024,Q6_K,3440640,shared experts and shared gate,GPU configured,0,3440640
qwen397,Qwen3.5-397B-A17B-UD-IQ3_XXS-00004-of-00004.gguf,blk.45.ffn_up_exps.weight,4096x1024x512,IQ2_S,687865856,routed experts,system RAM,13434880,13434880
qwen397,Qwen3.5-397B-A17B-UD-IQ3_XXS-00004-of-00004.gguf,blk.45.ffn_up_shexp.weight,4096x1024,Q6_K,3440640,shared experts and shared gate,GPU configured,0,3440640
qwen397,Qwen3.5-397B-A17B-UD-IQ3_XXS-00004-of-00004.gguf,blk.45.post_attention_norm.weight,4096,F32,16384,"routing, norms and other weights",GPU configured,0,16384
qwen397,Qwen3.5-397B-A17B-UD-IQ3_XXS-00004-of-00004.gguf,blk.45.ssm_a,64,F32,256,attention and recurrent state weights,GPU configured,0,256
qwen397,Qwen3.5-397B-A17B-UD-IQ3_XXS-00004-of-00004.gguf,blk.45.ssm_alpha.weight,4096x64,F32,1048576,attention and recurrent state weights,GPU configured,0,1048576
qwen397,Qwen3.5-397B-A17B-UD-IQ3_XXS-00004-of-00004.gguf,blk.45.ssm_beta.weight,4096x64,F32,1048576,attention and recurrent state weights,GPU configured,0,1048576
qwen397,Qwen3.5-397B-A17B-UD-IQ3_XXS-00004-of-00004.gguf,blk.45.ssm_conv1d.weight,4x12288,F32,196608,attention and recurrent state weights,GPU configured,0,196608
qwen397,Qwen3.5-397B-A17B-UD-IQ3_XXS-00004-of-00004.gguf,blk.45.ssm_dt.bias,64,F32,256,attention and recurrent state weights,GPU configured,0,256
qwen397,Qwen3.5-397B-A17B-UD-IQ3_XXS-00004-of-00004.gguf,blk.45.ssm_norm.weight,128,F32,512,attention and recurrent state weights,GPU configured,0,512
qwen397,Qwen3.5-397B-A17B-UD-IQ3_XXS-00004-of-00004.gguf,blk.45.ssm_out.weight,8192x4096,Q6_K,27525120,attention and recurrent state weights,GPU configured,0,27525120
qwen397,Qwen3.5-397B-A17B-UD-IQ3_XXS-00004-of-00004.gguf,blk.46.attn_gate.weight,4096x8192,Q6_K,27525120,attention and recurrent state weights,GPU configured,0,27525120
qwen397,Qwen3.5-397B-A17B-UD-IQ3_XXS-00004-of-00004.gguf,blk.46.attn_norm.weight,4096,F32,16384,attention and recurrent state weights,GPU configured,0,16384
qwen397,Qwen3.5-397B-A17B-UD-IQ3_XXS-00004-of-00004.gguf,blk.46.attn_qkv.weight,4096x12288,Q6_K,41287680,attention and recurrent state weights,GPU configured,0,41287680
qwen397,Qwen3.5-397B-A17B-UD-IQ3_XXS-00004-of-00004.gguf,blk.46.ffn_down_exps.weight,1024x4096x512,IQ3_S,922746880,routed experts,system RAM,18022400,18022400
qwen397,Qwen3.5-397B-A17B-UD-IQ3_XXS-00004-of-00004.gguf,blk.46.ffn_down_shexp.weight,1024x4096,Q6_K,3440640,shared experts and shared gate,GPU configured,0,3440640
qwen397,Qwen3.5-397B-A17B-UD-IQ3_XXS-00004-of-00004.gguf,blk.46.ffn_gate_exps.weight,4096x1024x512,IQ2_S,687865856,routed experts,system RAM,13434880,13434880
qwen397,Qwen3.5-397B-A17B-UD-IQ3_XXS-00004-of-00004.gguf,blk.46.ffn_gate_inp.weight,4096x512,F32,8388608,"routing, norms and other weights",GPU configured,0,8388608
qwen397,Qwen3.5-397B-A17B-UD-IQ3_XXS-00004-of-00004.gguf,blk.46.ffn_gate_inp_shexp.weight,4096,F32,16384,shared experts and shared gate,GPU configured,0,16384
qwen397,Qwen3.5-397B-A17B-UD-IQ3_XXS-00004-of-00004.gguf,blk.46.ffn_gate_shexp.weight,4096x1024,Q6_K,3440640,shared experts and shared gate,GPU configured,0,3440640
qwen397,Qwen3.5-397B-A17B-UD-IQ3_XXS-00004-of-00004.gguf,blk.46.ffn_up_exps.weight,4096x1024x512,IQ2_S,687865856,routed experts,system RAM,13434880,13434880
qwen397,Qwen3.5-397B-A17B-UD-IQ3_XXS-00004-of-00004.gguf,blk.46.ffn_up_shexp.weight,4096x1024,Q6_K,3440640,shared experts and shared gate,GPU configured,0,3440640
qwen397,Qwen3.5-397B-A17B-UD-IQ3_XXS-00004-of-00004.gguf,blk.46.post_attention_norm.weight,4096,F32,16384,"routing, norms and other weights",GPU configured,0,16384
qwen397,Qwen3.5-397B-A17B-UD-IQ3_XXS-00004-of-00004.gguf,blk.46.ssm_a,64,F32,256,attention and recurrent state weights,GPU configured,0,256
qwen397,Qwen3.5-397B-A17B-UD-IQ3_XXS-00004-of-00004.gguf,blk.46.ssm_alpha.weight,4096x64,F32,1048576,attention and recurrent state weights,GPU configured,0,1048576
qwen397,Qwen3.5-397B-A17B-UD-IQ3_XXS-00004-of-00004.gguf,blk.46.ssm_beta.weight,4096x64,F32,1048576,attention and recurrent state weights,GPU configured,0,1048576
qwen397,Qwen3.5-397B-A17B-UD-IQ3_XXS-00004-of-00004.gguf,blk.46.ssm_conv1d.weight,4x12288,F32,196608,attention and recurrent state weights,GPU configured,0,196608
qwen397,Qwen3.5-397B-A17B-UD-IQ3_XXS-00004-of-00004.gguf,blk.46.ssm_dt.bias,64,F32,256,attention and recurrent state weights,GPU configured,0,256
qwen397,Qwen3.5-397B-A17B-UD-IQ3_XXS-00004-of-00004.gguf,blk.46.ssm_norm.weight,128,F32,512,attention and recurrent state weights,GPU configured,0,512
qwen397,Qwen3.5-397B-A17B-UD-IQ3_XXS-00004-of-00004.gguf,blk.46.ssm_out.weight,8192x4096,Q6_K,27525120,attention and recurrent state weights,GPU configured,0,27525120
qwen397,Qwen3.5-397B-A17B-UD-IQ3_XXS-00004-of-00004.gguf,blk.47.attn_k.weight,4096x512,Q6_K,1720320,attention and recurrent state weights,GPU configured,0,1720320
qwen397,Qwen3.5-397B-A17B-UD-IQ3_XXS-00004-of-00004.gguf,blk.47.attn_k_norm.weight,256,F32,1024,attention and recurrent state weights,GPU configured,0,1024
qwen397,Qwen3.5-397B-A17B-UD-IQ3_XXS-00004-of-00004.gguf,blk.47.attn_norm.weight,4096,F32,16384,attention and recurrent state weights,GPU configured,0,16384
qwen397,Qwen3.5-397B-A17B-UD-IQ3_XXS-00004-of-00004.gguf,blk.47.attn_output.weight,8192x4096,Q6_K,27525120,attention and recurrent state weights,GPU configured,0,27525120
qwen397,Qwen3.5-397B-A17B-UD-IQ3_XXS-00004-of-00004.gguf,blk.47.attn_q.weight,4096x16384,Q6_K,55050240,attention and recurrent state weights,GPU configured,0,55050240
qwen397,Qwen3.5-397B-A17B-UD-IQ3_XXS-00004-of-00004.gguf,blk.47.attn_q_norm.weight,256,F32,1024,attention and recurrent state weights,GPU configured,0,1024
qwen397,Qwen3.5-397B-A17B-UD-IQ3_XXS-00004-of-00004.gguf,blk.47.attn_v.weight,4096x512,Q6_K,1720320,attention and recurrent state weights,GPU configured,0,1720320
qwen397,Qwen3.5-397B-A17B-UD-IQ3_XXS-00004-of-00004.gguf,blk.47.ffn_down_exps.weight,1024x4096x512,IQ3_S,922746880,routed experts,system RAM,18022400,18022400
qwen397,Qwen3.5-397B-A17B-UD-IQ3_XXS-00004-of-00004.gguf,blk.47.ffn_down_shexp.weight,1024x4096,Q6_K,3440640,shared experts and shared gate,GPU configured,0,3440640
qwen397,Qwen3.5-397B-A17B-UD-IQ3_XXS-00004-of-00004.gguf,blk.47.ffn_gate_exps.weight,4096x1024x512,IQ2_S,687865856,routed experts,system RAM,13434880,13434880
qwen397,Qwen3.5-397B-A17B-UD-IQ3_XXS-00004-of-00004.gguf,blk.47.ffn_gate_inp.weight,4096x512,F32,8388608,"routing, norms and other weights",GPU configured,0,8388608
qwen397,Qwen3.5-397B-A17B-UD-IQ3_XXS-00004-of-00004.gguf,blk.47.ffn_gate_inp_shexp.weight,4096,F32,16384,shared experts and shared gate,GPU configured,0,16384
qwen397,Qwen3.5-397B-A17B-UD-IQ3_XXS-00004-of-00004.gguf,blk.47.ffn_gate_shexp.weight,4096x1024,Q6_K,3440640,shared experts and shared gate,GPU configured,0,3440640
qwen397,Qwen3.5-397B-A17B-UD-IQ3_XXS-00004-of-00004.gguf,blk.47.ffn_up_exps.weight,4096x1024x512,IQ2_S,687865856,routed experts,system RAM,13434880,13434880
qwen397,Qwen3.5-397B-A17B-UD-IQ3_XXS-00004-of-00004.gguf,blk.47.ffn_up_shexp.weight,4096x1024,Q6_K,3440640,shared experts and shared gate,GPU configured,0,3440640
qwen397,Qwen3.5-397B-A17B-UD-IQ3_XXS-00004-of-00004.gguf,blk.47.post_attention_norm.weight,4096,F32,16384,"routing, norms and other weights",GPU configured,0,16384
qwen397,Qwen3.5-397B-A17B-UD-IQ3_XXS-00004-of-00004.gguf,blk.48.attn_gate.weight,4096x8192,Q6_K,27525120,attention and recurrent state weights,GPU configured,0,27525120
qwen397,Qwen3.5-397B-A17B-UD-IQ3_XXS-00004-of-00004.gguf,blk.48.attn_norm.weight,4096,F32,16384,attention and recurrent state weights,GPU configured,0,16384
qwen397,Qwen3.5-397B-A17B-UD-IQ3_XXS-00004-of-00004.gguf,blk.48.attn_qkv.weight,4096x12288,Q6_K,41287680,attention and recurrent state weights,GPU configured,0,41287680
qwen397,Qwen3.5-397B-A17B-UD-IQ3_XXS-00004-of-00004.gguf,blk.48.ffn_down_exps.weight,1024x4096x512,IQ3_S,922746880,routed experts,system RAM,18022400,18022400
qwen397,Qwen3.5-397B-A17B-UD-IQ3_XXS-00004-of-00004.gguf,blk.48.ffn_down_shexp.weight,1024x4096,Q6_K,3440640,shared experts and shared gate,GPU configured,0,3440640
qwen397,Qwen3.5-397B-A17B-UD-IQ3_XXS-00004-of-00004.gguf,blk.48.ffn_gate_exps.weight,4096x1024x512,IQ2_S,687865856,routed experts,system RAM,13434880,13434880
qwen397,Qwen3.5-397B-A17B-UD-IQ3_XXS-00004-of-00004.gguf,blk.48.ffn_gate_inp.weight,4096x512,F32,8388608,"routing, norms and other weights",GPU configured,0,8388608
qwen397,Qwen3.5-397B-A17B-UD-IQ3_XXS-00004-of-00004.gguf,blk.48.ffn_gate_inp_shexp.weight,4096,F32,16384,shared experts and shared gate,GPU configured,0,16384
qwen397,Qwen3.5-397B-A17B-UD-IQ3_XXS-00004-of-00004.gguf,blk.48.ffn_gate_shexp.weight,4096x1024,Q6_K,3440640,shared experts and shared gate,GPU configured,0,3440640
qwen397,Qwen3.5-397B-A17B-UD-IQ3_XXS-00004-of-00004.gguf,blk.48.ffn_up_exps.weight,4096x1024x512,IQ2_S,687865856,routed experts,system RAM,13434880,13434880
qwen397,Qwen3.5-397B-A17B-UD-IQ3_XXS-00004-of-00004.gguf,blk.48.ffn_up_shexp.weight,4096x1024,Q6_K,3440640,shared experts and shared gate,GPU configured,0,3440640
qwen397,Qwen3.5-397B-A17B-UD-IQ3_XXS-00004-of-00004.gguf,blk.48.post_attention_norm.weight,4096,F32,16384,"routing, norms and other weights",GPU configured,0,16384
qwen397,Qwen3.5-397B-A17B-UD-IQ3_XXS-00004-of-00004.gguf,blk.48.ssm_a,64,F32,256,attention and recurrent state weights,GPU configured,0,256
qwen397,Qwen3.5-397B-A17B-UD-IQ3_XXS-00004-of-00004.gguf,blk.48.ssm_alpha.weight,4096x64,F32,1048576,attention and recurrent state weights,GPU configured,0,1048576
qwen397,Qwen3.5-397B-A17B-UD-IQ3_XXS-00004-of-00004.gguf,blk.48.ssm_beta.weight,4096x64,F32,1048576,attention and recurrent state weights,GPU configured,0,1048576
qwen397,Qwen3.5-397B-A17B-UD-IQ3_XXS-00004-of-00004.gguf,blk.48.ssm_conv1d.weight,4x12288,F32,196608,attention and recurrent state weights,GPU configured,0,196608
qwen397,Qwen3.5-397B-A17B-UD-IQ3_XXS-00004-of-00004.gguf,blk.48.ssm_dt.bias,64,F32,256,attention and recurrent state weights,GPU configured,0,256
qwen397,Qwen3.5-397B-A17B-UD-IQ3_XXS-00004-of-00004.gguf,blk.48.ssm_norm.weight,128,F32,512,attention and recurrent state weights,GPU configured,0,512
qwen397,Qwen3.5-397B-A17B-UD-IQ3_XXS-00004-of-00004.gguf,blk.48.ssm_out.weight,8192x4096,Q6_K,27525120,attention and recurrent state weights,GPU configured,0,27525120
qwen397,Qwen3.5-397B-A17B-UD-IQ3_XXS-00004-of-00004.gguf,blk.49.attn_gate.weight,4096x8192,Q6_K,27525120,attention and recurrent state weights,GPU configured,0,27525120
qwen397,Qwen3.5-397B-A17B-UD-IQ3_XXS-00004-of-00004.gguf,blk.49.attn_norm.weight,4096,F32,16384,attention and recurrent state weights,GPU configured,0,16384
qwen397,Qwen3.5-397B-A17B-UD-IQ3_XXS-00004-of-00004.gguf,blk.49.attn_qkv.weight,4096x12288,Q6_K,41287680,attention and recurrent state weights,GPU configured,0,41287680
qwen397,Qwen3.5-397B-A17B-UD-IQ3_XXS-00004-of-00004.gguf,blk.49.ffn_down_exps.weight,1024x4096x512,IQ3_S,922746880,routed experts,system RAM,18022400,18022400
qwen397,Qwen3.5-397B-A17B-UD-IQ3_XXS-00004-of-00004.gguf,blk.49.ffn_down_shexp.weight,1024x4096,Q6_K,3440640,shared experts and shared gate,GPU configured,0,3440640
qwen397,Qwen3.5-397B-A17B-UD-IQ3_XXS-00004-of-00004.gguf,blk.49.ffn_gate_exps.weight,4096x1024x512,IQ2_S,687865856,routed experts,system RAM,13434880,13434880
qwen397,Qwen3.5-397B-A17B-UD-IQ3_XXS-00004-of-00004.gguf,blk.49.ffn_gate_inp.weight,4096x512,F32,8388608,"routing, norms and other weights",GPU configured,0,8388608
qwen397,Qwen3.5-397B-A17B-UD-IQ3_XXS-00004-of-00004.gguf,blk.49.ffn_gate_inp_shexp.weight,4096,F32,16384,shared experts and shared gate,GPU configured,0,16384
qwen397,Qwen3.5-397B-A17B-UD-IQ3_XXS-00004-of-00004.gguf,blk.49.ffn_gate_shexp.weight,4096x1024,Q6_K,3440640,shared experts and shared gate,GPU configured,0,3440640
qwen397,Qwen3.5-397B-A17B-UD-IQ3_XXS-00004-of-00004.gguf,blk.49.ffn_up_exps.weight,4096x1024x512,IQ2_S,687865856,routed experts,system RAM,13434880,13434880
qwen397,Qwen3.5-397B-A17B-UD-IQ3_XXS-00004-of-00004.gguf,blk.49.ffn_up_shexp.weight,4096x1024,Q6_K,3440640,shared experts and shared gate,GPU configured,0,3440640
qwen397,Qwen3.5-397B-A17B-UD-IQ3_XXS-00004-of-00004.gguf,blk.49.post_attention_norm.weight,4096,F32,16384,"routing, norms and other weights",GPU configured,0,16384
qwen397,Qwen3.5-397B-A17B-UD-IQ3_XXS-00004-of-00004.gguf,blk.49.ssm_a,64,F32,256,attention and recurrent state weights,GPU configured,0,256
qwen397,Qwen3.5-397B-A17B-UD-IQ3_XXS-00004-of-00004.gguf,blk.49.ssm_alpha.weight,4096x64,F32,1048576,attention and recurrent state weights,GPU configured,0,1048576
qwen397,Qwen3.5-397B-A17B-UD-IQ3_XXS-00004-of-00004.gguf,blk.49.ssm_beta.weight,4096x64,F32,1048576,attention and recurrent state weights,GPU configured,0,1048576
qwen397,Qwen3.5-397B-A17B-UD-IQ3_XXS-00004-of-00004.gguf,blk.49.ssm_conv1d.weight,4x12288,F32,196608,attention and recurrent state weights,GPU configured,0,196608
qwen397,Qwen3.5-397B-A17B-UD-IQ3_XXS-00004-of-00004.gguf,blk.49.ssm_dt.bias,64,F32,256,attention and recurrent state weights,GPU configured,0,256
qwen397,Qwen3.5-397B-A17B-UD-IQ3_XXS-00004-of-00004.gguf,blk.49.ssm_norm.weight,128,F32,512,attention and recurrent state weights,GPU configured,0,512
qwen397,Qwen3.5-397B-A17B-UD-IQ3_XXS-00004-of-00004.gguf,blk.49.ssm_out.weight,8192x4096,Q6_K,27525120,attention and recurrent state weights,GPU configured,0,27525120
qwen397,Qwen3.5-397B-A17B-UD-IQ3_XXS-00004-of-00004.gguf,blk.50.attn_gate.weight,4096x8192,Q6_K,27525120,attention and recurrent state weights,GPU configured,0,27525120
qwen397,Qwen3.5-397B-A17B-UD-IQ3_XXS-00004-of-00004.gguf,blk.50.attn_norm.weight,4096,F32,16384,attention and recurrent state weights,GPU configured,0,16384
qwen397,Qwen3.5-397B-A17B-UD-IQ3_XXS-00004-of-00004.gguf,blk.50.attn_qkv.weight,4096x12288,Q6_K,41287680,attention and recurrent state weights,GPU configured,0,41287680
qwen397,Qwen3.5-397B-A17B-UD-IQ3_XXS-00004-of-00004.gguf,blk.50.ffn_down_exps.weight,1024x4096x512,IQ3_S,922746880,routed experts,system RAM,18022400,18022400
qwen397,Qwen3.5-397B-A17B-UD-IQ3_XXS-00004-of-00004.gguf,blk.50.ffn_down_shexp.weight,1024x4096,Q6_K,3440640,shared experts and shared gate,GPU configured,0,3440640
qwen397,Qwen3.5-397B-A17B-UD-IQ3_XXS-00004-of-00004.gguf,blk.50.ffn_gate_exps.weight,4096x1024x512,IQ2_S,687865856,routed experts,system RAM,13434880,13434880
qwen397,Qwen3.5-397B-A17B-UD-IQ3_XXS-00004-of-00004.gguf,blk.50.ffn_gate_inp.weight,4096x512,F32,8388608,"routing, norms and other weights",GPU configured,0,8388608
qwen397,Qwen3.5-397B-A17B-UD-IQ3_XXS-00004-of-00004.gguf,blk.50.ffn_gate_inp_shexp.weight,4096,F32,16384,shared experts and shared gate,GPU configured,0,16384
qwen397,Qwen3.5-397B-A17B-UD-IQ3_XXS-00004-of-00004.gguf,blk.50.ffn_gate_shexp.weight,4096x1024,Q6_K,3440640,shared experts and shared gate,GPU configured,0,3440640
qwen397,Qwen3.5-397B-A17B-UD-IQ3_XXS-00004-of-00004.gguf,blk.50.ffn_up_exps.weight,4096x1024x512,IQ2_S,687865856,routed experts,system RAM,13434880,13434880
qwen397,Qwen3.5-397B-A17B-UD-IQ3_XXS-00004-of-00004.gguf,blk.50.ffn_up_shexp.weight,4096x1024,Q6_K,3440640,shared experts and shared gate,GPU configured,0,3440640
qwen397,Qwen3.5-397B-A17B-UD-IQ3_XXS-00004-of-00004.gguf,blk.50.post_attention_norm.weight,4096,F32,16384,"routing, norms and other weights",GPU configured,0,16384
qwen397,Qwen3.5-397B-A17B-UD-IQ3_XXS-00004-of-00004.gguf,blk.50.ssm_a,64,F32,256,attention and recurrent state weights,GPU configured,0,256
qwen397,Qwen3.5-397B-A17B-UD-IQ3_XXS-00004-of-00004.gguf,blk.50.ssm_alpha.weight,4096x64,F32,1048576,attention and recurrent state weights,GPU configured,0,1048576
qwen397,Qwen3.5-397B-A17B-UD-IQ3_XXS-00004-of-00004.gguf,blk.50.ssm_beta.weight,4096x64,F32,1048576,attention and recurrent state weights,GPU configured,0,1048576
qwen397,Qwen3.5-397B-A17B-UD-IQ3_XXS-00004-of-00004.gguf,blk.50.ssm_conv1d.weight,4x12288,F32,196608,attention and recurrent state weights,GPU configured,0,196608
qwen397,Qwen3.5-397B-A17B-UD-IQ3_XXS-00004-of-00004.gguf,blk.50.ssm_dt.bias,64,F32,256,attention and recurrent state weights,GPU configured,0,256
qwen397,Qwen3.5-397B-A17B-UD-IQ3_XXS-00004-of-00004.gguf,blk.50.ssm_norm.weight,128,F32,512,attention and recurrent state weights,GPU configured,0,512
qwen397,Qwen3.5-397B-A17B-UD-IQ3_XXS-00004-of-00004.gguf,blk.50.ssm_out.weight,8192x4096,Q6_K,27525120,attention and recurrent state weights,GPU configured,0,27525120
qwen397,Qwen3.5-397B-A17B-UD-IQ3_XXS-00004-of-00004.gguf,blk.51.attn_k.weight,4096x512,Q6_K,1720320,attention and recurrent state weights,GPU configured,0,1720320
qwen397,Qwen3.5-397B-A17B-UD-IQ3_XXS-00004-of-00004.gguf,blk.51.attn_k_norm.weight,256,F32,1024,attention and recurrent state weights,GPU configured,0,1024
qwen397,Qwen3.5-397B-A17B-UD-IQ3_XXS-00004-of-00004.gguf,blk.51.attn_norm.weight,4096,F32,16384,attention and recurrent state weights,GPU configured,0,16384
qwen397,Qwen3.5-397B-A17B-UD-IQ3_XXS-00004-of-00004.gguf,blk.51.attn_output.weight,8192x4096,Q6_K,27525120,attention and recurrent state weights,GPU configured,0,27525120
qwen397,Qwen3.5-397B-A17B-UD-IQ3_XXS-00004-of-00004.gguf,blk.51.attn_q.weight,4096x16384,Q6_K,55050240,attention and recurrent state weights,GPU configured,0,55050240
qwen397,Qwen3.5-397B-A17B-UD-IQ3_XXS-00004-of-00004.gguf,blk.51.attn_q_norm.weight,256,F32,1024,attention and recurrent state weights,GPU configured,0,1024
qwen397,Qwen3.5-397B-A17B-UD-IQ3_XXS-00004-of-00004.gguf,blk.51.attn_v.weight,4096x512,Q6_K,1720320,attention and recurrent state weights,GPU configured,0,1720320
qwen397,Qwen3.5-397B-A17B-UD-IQ3_XXS-00004-of-00004.gguf,blk.51.ffn_down_exps.weight,1024x4096x512,IQ3_S,922746880,routed experts,system RAM,18022400,18022400
qwen397,Qwen3.5-397B-A17B-UD-IQ3_XXS-00004-of-00004.gguf,blk.51.ffn_down_shexp.weight,1024x4096,Q6_K,3440640,shared experts and shared gate,GPU configured,0,3440640
qwen397,Qwen3.5-397B-A17B-UD-IQ3_XXS-00004-of-00004.gguf,blk.51.ffn_gate_exps.weight,4096x1024x512,IQ2_S,687865856,routed experts,system RAM,13434880,13434880
qwen397,Qwen3.5-397B-A17B-UD-IQ3_XXS-00004-of-00004.gguf,blk.51.ffn_gate_inp.weight,4096x512,F32,8388608,"routing, norms and other weights",GPU configured,0,8388608
qwen397,Qwen3.5-397B-A17B-UD-IQ3_XXS-00004-of-00004.gguf,blk.51.ffn_gate_inp_shexp.weight,4096,F32,16384,shared experts and shared gate,GPU configured,0,16384
qwen397,Qwen3.5-397B-A17B-UD-IQ3_XXS-00004-of-00004.gguf,blk.51.ffn_gate_shexp.weight,4096x1024,Q6_K,3440640,shared experts and shared gate,GPU configured,0,3440640
qwen397,Qwen3.5-397B-A17B-UD-IQ3_XXS-00004-of-00004.gguf,blk.51.ffn_up_exps.weight,4096x1024x512,IQ2_S,687865856,routed experts,system RAM,13434880,13434880
qwen397,Qwen3.5-397B-A17B-UD-IQ3_XXS-00004-of-00004.gguf,blk.51.ffn_up_shexp.weight,4096x1024,Q6_K,3440640,shared experts and shared gate,GPU configured,0,3440640
qwen397,Qwen3.5-397B-A17B-UD-IQ3_XXS-00004-of-00004.gguf,blk.51.post_attention_norm.weight,4096,F32,16384,"routing, norms and other weights",GPU configured,0,16384
qwen397,Qwen3.5-397B-A17B-UD-IQ3_XXS-00004-of-00004.gguf,blk.52.attn_gate.weight,4096x8192,Q6_K,27525120,attention and recurrent state weights,GPU configured,0,27525120
qwen397,Qwen3.5-397B-A17B-UD-IQ3_XXS-00004-of-00004.gguf,blk.52.attn_norm.weight,4096,F32,16384,attention and recurrent state weights,GPU configured,0,16384
qwen397,Qwen3.5-397B-A17B-UD-IQ3_XXS-00004-of-00004.gguf,blk.52.attn_qkv.weight,4096x12288,Q6_K,41287680,attention and recurrent state weights,GPU configured,0,41287680
qwen397,Qwen3.5-397B-A17B-UD-IQ3_XXS-00004-of-00004.gguf,blk.52.ffn_down_exps.weight,1024x4096x512,IQ3_S,922746880,routed experts,system RAM,18022400,18022400
qwen397,Qwen3.5-397B-A17B-UD-IQ3_XXS-00004-of-00004.gguf,blk.52.ffn_down_shexp.weight,1024x4096,Q6_K,3440640,shared experts and shared gate,GPU configured,0,3440640
qwen397,Qwen3.5-397B-A17B-UD-IQ3_XXS-00004-of-00004.gguf,blk.52.ffn_gate_exps.weight,4096x1024x512,IQ2_S,687865856,routed experts,system RAM,13434880,13434880
qwen397,Qwen3.5-397B-A17B-UD-IQ3_XXS-00004-of-00004.gguf,blk.52.ffn_gate_inp.weight,4096x512,F32,8388608,"routing, norms and other weights",GPU configured,0,8388608
qwen397,Qwen3.5-397B-A17B-UD-IQ3_XXS-00004-of-00004.gguf,blk.52.ffn_gate_inp_shexp.weight,4096,F32,16384,shared experts and shared gate,GPU configured,0,16384
qwen397,Qwen3.5-397B-A17B-UD-IQ3_XXS-00004-of-00004.gguf,blk.52.ffn_gate_shexp.weight,4096x1024,Q6_K,3440640,shared experts and shared gate,GPU configured,0,3440640
qwen397,Qwen3.5-397B-A17B-UD-IQ3_XXS-00004-of-00004.gguf,blk.52.ffn_up_exps.weight,4096x1024x512,IQ2_S,687865856,routed experts,system RAM,13434880,13434880
qwen397,Qwen3.5-397B-A17B-UD-IQ3_XXS-00004-of-00004.gguf,blk.52.ffn_up_shexp.weight,4096x1024,Q6_K,3440640,shared experts and shared gate,GPU configured,0,3440640
qwen397,Qwen3.5-397B-A17B-UD-IQ3_XXS-00004-of-00004.gguf,blk.52.post_attention_norm.weight,4096,F32,16384,"routing, norms and other weights",GPU configured,0,16384
qwen397,Qwen3.5-397B-A17B-UD-IQ3_XXS-00004-of-00004.gguf,blk.52.ssm_a,64,F32,256,attention and recurrent state weights,GPU configured,0,256
qwen397,Qwen3.5-397B-A17B-UD-IQ3_XXS-00004-of-00004.gguf,blk.52.ssm_alpha.weight,4096x64,F32,1048576,attention and recurrent state weights,GPU configured,0,1048576
qwen397,Qwen3.5-397B-A17B-UD-IQ3_XXS-00004-of-00004.gguf,blk.52.ssm_beta.weight,4096x64,F32,1048576,attention and recurrent state weights,GPU configured,0,1048576
qwen397,Qwen3.5-397B-A17B-UD-IQ3_XXS-00004-of-00004.gguf,blk.52.ssm_conv1d.weight,4x12288,F32,196608,attention and recurrent state weights,GPU configured,0,196608
qwen397,Qwen3.5-397B-A17B-UD-IQ3_XXS-00004-of-00004.gguf,blk.52.ssm_dt.bias,64,F32,256,attention and recurrent state weights,GPU configured,0,256
qwen397,Qwen3.5-397B-A17B-UD-IQ3_XXS-00004-of-00004.gguf,blk.52.ssm_norm.weight,128,F32,512,attention and recurrent state weights,GPU configured,0,512
qwen397,Qwen3.5-397B-A17B-UD-IQ3_XXS-00004-of-00004.gguf,blk.52.ssm_out.weight,8192x4096,Q6_K,27525120,attention and recurrent state weights,GPU configured,0,27525120
qwen397,Qwen3.5-397B-A17B-UD-IQ3_XXS-00004-of-00004.gguf,blk.53.attn_gate.weight,4096x8192,Q6_K,27525120,attention and recurrent state weights,GPU configured,0,27525120
qwen397,Qwen3.5-397B-A17B-UD-IQ3_XXS-00004-of-00004.gguf,blk.53.attn_norm.weight,4096,F32,16384,attention and recurrent state weights,GPU configured,0,16384
qwen397,Qwen3.5-397B-A17B-UD-IQ3_XXS-00004-of-00004.gguf,blk.53.attn_qkv.weight,4096x12288,Q6_K,41287680,attention and recurrent state weights,GPU configured,0,41287680
qwen397,Qwen3.5-397B-A17B-UD-IQ3_XXS-00004-of-00004.gguf,blk.53.ffn_down_exps.weight,1024x4096x512,IQ3_S,922746880,routed experts,system RAM,18022400,18022400
qwen397,Qwen3.5-397B-A17B-UD-IQ3_XXS-00004-of-00004.gguf,blk.53.ffn_down_shexp.weight,1024x4096,Q6_K,3440640,shared experts and shared gate,GPU configured,0,3440640
qwen397,Qwen3.5-397B-A17B-UD-IQ3_XXS-00004-of-00004.gguf,blk.53.ffn_gate_exps.weight,4096x1024x512,IQ2_S,687865856,routed experts,system RAM,13434880,13434880
qwen397,Qwen3.5-397B-A17B-UD-IQ3_XXS-00004-of-00004.gguf,blk.53.ffn_gate_inp.weight,4096x512,F32,8388608,"routing, norms and other weights",GPU configured,0,8388608
qwen397,Qwen3.5-397B-A17B-UD-IQ3_XXS-00004-of-00004.gguf,blk.53.ffn_gate_inp_shexp.weight,4096,F32,16384,shared experts and shared gate,GPU configured,0,16384
qwen397,Qwen3.5-397B-A17B-UD-IQ3_XXS-00004-of-00004.gguf,blk.53.ffn_gate_shexp.weight,4096x1024,Q6_K,3440640,shared experts and shared gate,GPU configured,0,3440640
qwen397,Qwen3.5-397B-A17B-UD-IQ3_XXS-00004-of-00004.gguf,blk.53.ffn_up_exps.weight,4096x1024x512,IQ2_S,687865856,routed experts,system RAM,13434880,13434880
qwen397,Qwen3.5-397B-A17B-UD-IQ3_XXS-00004-of-00004.gguf,blk.53.ffn_up_shexp.weight,4096x1024,Q6_K,3440640,shared experts and shared gate,GPU configured,0,3440640
qwen397,Qwen3.5-397B-A17B-UD-IQ3_XXS-00004-of-00004.gguf,blk.53.post_attention_norm.weight,4096,F32,16384,"routing, norms and other weights",GPU configured,0,16384
qwen397,Qwen3.5-397B-A17B-UD-IQ3_XXS-00004-of-00004.gguf,blk.53.ssm_a,64,F32,256,attention and recurrent state weights,GPU configured,0,256
qwen397,Qwen3.5-397B-A17B-UD-IQ3_XXS-00004-of-00004.gguf,blk.53.ssm_alpha.weight,4096x64,F32,1048576,attention and recurrent state weights,GPU configured,0,1048576
qwen397,Qwen3.5-397B-A17B-UD-IQ3_XXS-00004-of-00004.gguf,blk.53.ssm_beta.weight,4096x64,F32,1048576,attention and recurrent state weights,GPU configured,0,1048576
qwen397,Qwen3.5-397B-A17B-UD-IQ3_XXS-00004-of-00004.gguf,blk.53.ssm_conv1d.weight,4x12288,F32,196608,attention and recurrent state weights,GPU configured,0,196608
qwen397,Qwen3.5-397B-A17B-UD-IQ3_XXS-00004-of-00004.gguf,blk.53.ssm_dt.bias,64,F32,256,attention and recurrent state weights,GPU configured,0,256
qwen397,Qwen3.5-397B-A17B-UD-IQ3_XXS-00004-of-00004.gguf,blk.53.ssm_norm.weight,128,F32,512,attention and recurrent state weights,GPU configured,0,512
qwen397,Qwen3.5-397B-A17B-UD-IQ3_XXS-00004-of-00004.gguf,blk.53.ssm_out.weight,8192x4096,Q6_K,27525120,attention and recurrent state weights,GPU configured,0,27525120
qwen397,Qwen3.5-397B-A17B-UD-IQ3_XXS-00004-of-00004.gguf,blk.54.attn_gate.weight,4096x8192,Q6_K,27525120,attention and recurrent state weights,GPU configured,0,27525120
qwen397,Qwen3.5-397B-A17B-UD-IQ3_XXS-00004-of-00004.gguf,blk.54.attn_norm.weight,4096,F32,16384,attention and recurrent state weights,GPU configured,0,16384
qwen397,Qwen3.5-397B-A17B-UD-IQ3_XXS-00004-of-00004.gguf,blk.54.attn_qkv.weight,4096x12288,Q6_K,41287680,attention and recurrent state weights,GPU configured,0,41287680
qwen397,Qwen3.5-397B-A17B-UD-IQ3_XXS-00004-of-00004.gguf,blk.54.ffn_down_exps.weight,1024x4096x512,IQ4_XS,1140850688,routed experts,system RAM,22282240,22282240
qwen397,Qwen3.5-397B-A17B-UD-IQ3_XXS-00004-of-00004.gguf,blk.54.ffn_down_shexp.weight,1024x4096,Q6_K,3440640,shared experts and shared gate,GPU configured,0,3440640
qwen397,Qwen3.5-397B-A17B-UD-IQ3_XXS-00004-of-00004.gguf,blk.54.ffn_gate_exps.weight,4096x1024x512,IQ2_S,687865856,routed experts,system RAM,13434880,13434880
qwen397,Qwen3.5-397B-A17B-UD-IQ3_XXS-00004-of-00004.gguf,blk.54.ffn_gate_inp.weight,4096x512,F32,8388608,"routing, norms and other weights",GPU configured,0,8388608
qwen397,Qwen3.5-397B-A17B-UD-IQ3_XXS-00004-of-00004.gguf,blk.54.ffn_gate_inp_shexp.weight,4096,F32,16384,shared experts and shared gate,GPU configured,0,16384
qwen397,Qwen3.5-397B-A17B-UD-IQ3_XXS-00004-of-00004.gguf,blk.54.ffn_gate_shexp.weight,4096x1024,Q6_K,3440640,shared experts and shared gate,GPU configured,0,3440640
qwen397,Qwen3.5-397B-A17B-UD-IQ3_XXS-00004-of-00004.gguf,blk.54.ffn_up_exps.weight,4096x1024x512,IQ2_S,687865856,routed experts,system RAM,13434880,13434880
qwen397,Qwen3.5-397B-A17B-UD-IQ3_XXS-00004-of-00004.gguf,blk.54.ffn_up_shexp.weight,4096x1024,Q6_K,3440640,shared experts and shared gate,GPU configured,0,3440640
qwen397,Qwen3.5-397B-A17B-UD-IQ3_XXS-00004-of-00004.gguf,blk.54.post_attention_norm.weight,4096,F32,16384,"routing, norms and other weights",GPU configured,0,16384
qwen397,Qwen3.5-397B-A17B-UD-IQ3_XXS-00004-of-00004.gguf,blk.54.ssm_a,64,F32,256,attention and recurrent state weights,GPU configured,0,256
qwen397,Qwen3.5-397B-A17B-UD-IQ3_XXS-00004-of-00004.gguf,blk.54.ssm_alpha.weight,4096x64,F32,1048576,attention and recurrent state weights,GPU configured,0,1048576
qwen397,Qwen3.5-397B-A17B-UD-IQ3_XXS-00004-of-00004.gguf,blk.54.ssm_beta.weight,4096x64,F32,1048576,attention and recurrent state weights,GPU configured,0,1048576
qwen397,Qwen3.5-397B-A17B-UD-IQ3_XXS-00004-of-00004.gguf,blk.54.ssm_conv1d.weight,4x12288,F32,196608,attention and recurrent state weights,GPU configured,0,196608
qwen397,Qwen3.5-397B-A17B-UD-IQ3_XXS-00004-of-00004.gguf,blk.54.ssm_dt.bias,64,F32,256,attention and recurrent state weights,GPU configured,0,256
qwen397,Qwen3.5-397B-A17B-UD-IQ3_XXS-00004-of-00004.gguf,blk.54.ssm_norm.weight,128,F32,512,attention and recurrent state weights,GPU configured,0,512
qwen397,Qwen3.5-397B-A17B-UD-IQ3_XXS-00004-of-00004.gguf,blk.54.ssm_out.weight,8192x4096,Q6_K,27525120,attention and recurrent state weights,GPU configured,0,27525120
qwen397,Qwen3.5-397B-A17B-UD-IQ3_XXS-00004-of-00004.gguf,blk.55.attn_k.weight,4096x512,Q6_K,1720320,attention and recurrent state weights,GPU configured,0,1720320
qwen397,Qwen3.5-397B-A17B-UD-IQ3_XXS-00004-of-00004.gguf,blk.55.attn_k_norm.weight,256,F32,1024,attention and recurrent state weights,GPU configured,0,1024
qwen397,Qwen3.5-397B-A17B-UD-IQ3_XXS-00004-of-00004.gguf,blk.55.attn_norm.weight,4096,F32,16384,attention and recurrent state weights,GPU configured,0,16384
qwen397,Qwen3.5-397B-A17B-UD-IQ3_XXS-00004-of-00004.gguf,blk.55.attn_output.weight,8192x4096,Q6_K,27525120,attention and recurrent state weights,GPU configured,0,27525120
qwen397,Qwen3.5-397B-A17B-UD-IQ3_XXS-00004-of-00004.gguf,blk.55.attn_q.weight,4096x16384,Q6_K,55050240,attention and recurrent state weights,GPU configured,0,55050240
qwen397,Qwen3.5-397B-A17B-UD-IQ3_XXS-00004-of-00004.gguf,blk.55.attn_q_norm.weight,256,F32,1024,attention and recurrent state weights,GPU configured,0,1024
qwen397,Qwen3.5-397B-A17B-UD-IQ3_XXS-00004-of-00004.gguf,blk.55.attn_v.weight,4096x512,Q6_K,1720320,attention and recurrent state weights,GPU configured,0,1720320
qwen397,Qwen3.5-397B-A17B-UD-IQ3_XXS-00004-of-00004.gguf,blk.55.ffn_down_exps.weight,1024x4096x512,IQ3_S,922746880,routed experts,system RAM,18022400,18022400
qwen397,Qwen3.5-397B-A17B-UD-IQ3_XXS-00004-of-00004.gguf,blk.55.ffn_down_shexp.weight,1024x4096,Q6_K,3440640,shared experts and shared gate,GPU configured,0,3440640
qwen397,Qwen3.5-397B-A17B-UD-IQ3_XXS-00004-of-00004.gguf,blk.55.ffn_gate_exps.weight,4096x1024x512,IQ2_S,687865856,routed experts,system RAM,13434880,13434880
qwen397,Qwen3.5-397B-A17B-UD-IQ3_XXS-00004-of-00004.gguf,blk.55.ffn_gate_inp.weight,4096x512,F32,8388608,"routing, norms and other weights",GPU configured,0,8388608
qwen397,Qwen3.5-397B-A17B-UD-IQ3_XXS-00004-of-00004.gguf,blk.55.ffn_gate_inp_shexp.weight,4096,F32,16384,shared experts and shared gate,GPU configured,0,16384
qwen397,Qwen3.5-397B-A17B-UD-IQ3_XXS-00004-of-00004.gguf,blk.55.ffn_gate_shexp.weight,4096x1024,Q6_K,3440640,shared experts and shared gate,GPU configured,0,3440640
qwen397,Qwen3.5-397B-A17B-UD-IQ3_XXS-00004-of-00004.gguf,blk.55.ffn_up_exps.weight,4096x1024x512,IQ2_S,687865856,routed experts,system RAM,13434880,13434880
qwen397,Qwen3.5-397B-A17B-UD-IQ3_XXS-00004-of-00004.gguf,blk.55.ffn_up_shexp.weight,4096x1024,Q6_K,3440640,shared experts and shared gate,GPU configured,0,3440640
qwen397,Qwen3.5-397B-A17B-UD-IQ3_XXS-00004-of-00004.gguf,blk.55.post_attention_norm.weight,4096,F32,16384,"routing, norms and other weights",GPU configured,0,16384
qwen397,Qwen3.5-397B-A17B-UD-IQ3_XXS-00004-of-00004.gguf,blk.56.attn_gate.weight,4096x8192,Q6_K,27525120,attention and recurrent state weights,GPU configured,0,27525120
qwen397,Qwen3.5-397B-A17B-UD-IQ3_XXS-00004-of-00004.gguf,blk.56.attn_norm.weight,4096,F32,16384,attention and recurrent state weights,GPU configured,0,16384
qwen397,Qwen3.5-397B-A17B-UD-IQ3_XXS-00004-of-00004.gguf,blk.56.attn_qkv.weight,4096x12288,Q6_K,41287680,attention and recurrent state weights,GPU configured,0,41287680
qwen397,Qwen3.5-397B-A17B-UD-IQ3_XXS-00004-of-00004.gguf,blk.56.ffn_down_exps.weight,1024x4096x512,IQ3_S,922746880,routed experts,system RAM,18022400,18022400
qwen397,Qwen3.5-397B-A17B-UD-IQ3_XXS-00004-of-00004.gguf,blk.56.ffn_down_shexp.weight,1024x4096,Q6_K,3440640,shared experts and shared gate,GPU configured,0,3440640
qwen397,Qwen3.5-397B-A17B-UD-IQ3_XXS-00004-of-00004.gguf,blk.56.ffn_gate_exps.weight,4096x1024x512,IQ2_S,687865856,routed experts,system RAM,13434880,13434880
qwen397,Qwen3.5-397B-A17B-UD-IQ3_XXS-00004-of-00004.gguf,blk.56.ffn_gate_inp.weight,4096x512,F32,8388608,"routing, norms and other weights",GPU configured,0,8388608
qwen397,Qwen3.5-397B-A17B-UD-IQ3_XXS-00004-of-00004.gguf,blk.56.ffn_gate_inp_shexp.weight,4096,F32,16384,shared experts and shared gate,GPU configured,0,16384
qwen397,Qwen3.5-397B-A17B-UD-IQ3_XXS-00004-of-00004.gguf,blk.56.ffn_gate_shexp.weight,4096x1024,Q6_K,3440640,shared experts and shared gate,GPU configured,0,3440640
qwen397,Qwen3.5-397B-A17B-UD-IQ3_XXS-00004-of-00004.gguf,blk.56.ffn_up_exps.weight,4096x1024x512,IQ2_S,687865856,routed experts,system RAM,13434880,13434880
qwen397,Qwen3.5-397B-A17B-UD-IQ3_XXS-00004-of-00004.gguf,blk.56.ffn_up_shexp.weight,4096x1024,Q6_K,3440640,shared experts and shared gate,GPU configured,0,3440640
qwen397,Qwen3.5-397B-A17B-UD-IQ3_XXS-00004-of-00004.gguf,blk.56.post_attention_norm.weight,4096,F32,16384,"routing, norms and other weights",GPU configured,0,16384
qwen397,Qwen3.5-397B-A17B-UD-IQ3_XXS-00004-of-00004.gguf,blk.56.ssm_a,64,F32,256,attention and recurrent state weights,GPU configured,0,256
qwen397,Qwen3.5-397B-A17B-UD-IQ3_XXS-00004-of-00004.gguf,blk.56.ssm_alpha.weight,4096x64,F32,1048576,attention and recurrent state weights,GPU configured,0,1048576
qwen397,Qwen3.5-397B-A17B-UD-IQ3_XXS-00004-of-00004.gguf,blk.56.ssm_beta.weight,4096x64,F32,1048576,attention and recurrent state weights,GPU configured,0,1048576
qwen397,Qwen3.5-397B-A17B-UD-IQ3_XXS-00004-of-00004.gguf,blk.56.ssm_conv1d.weight,4x12288,F32,196608,attention and recurrent state weights,GPU configured,0,196608
qwen397,Qwen3.5-397B-A17B-UD-IQ3_XXS-00004-of-00004.gguf,blk.56.ssm_dt.bias,64,F32,256,attention and recurrent state weights,GPU configured,0,256
qwen397,Qwen3.5-397B-A17B-UD-IQ3_XXS-00004-of-00004.gguf,blk.56.ssm_norm.weight,128,F32,512,attention and recurrent state weights,GPU configured,0,512
qwen397,Qwen3.5-397B-A17B-UD-IQ3_XXS-00004-of-00004.gguf,blk.56.ssm_out.weight,8192x4096,Q6_K,27525120,attention and recurrent state weights,GPU configured,0,27525120
qwen397,Qwen3.5-397B-A17B-UD-IQ3_XXS-00004-of-00004.gguf,blk.57.attn_gate.weight,4096x8192,Q6_K,27525120,attention and recurrent state weights,GPU configured,0,27525120
qwen397,Qwen3.5-397B-A17B-UD-IQ3_XXS-00004-of-00004.gguf,blk.57.attn_norm.weight,4096,F32,16384,attention and recurrent state weights,GPU configured,0,16384
qwen397,Qwen3.5-397B-A17B-UD-IQ3_XXS-00004-of-00004.gguf,blk.57.attn_qkv.weight,4096x12288,Q6_K,41287680,attention and recurrent state weights,GPU configured,0,41287680
qwen397,Qwen3.5-397B-A17B-UD-IQ3_XXS-00004-of-00004.gguf,blk.57.ffn_down_exps.weight,1024x4096x512,IQ3_S,922746880,routed experts,GPU configured,0,18022400
qwen397,Qwen3.5-397B-A17B-UD-IQ3_XXS-00004-of-00004.gguf,blk.57.ffn_down_shexp.weight,1024x4096,Q6_K,3440640,shared experts and shared gate,GPU configured,0,3440640
qwen397,Qwen3.5-397B-A17B-UD-IQ3_XXS-00004-of-00004.gguf,blk.57.ffn_gate_exps.weight,4096x1024x512,IQ2_S,687865856,routed experts,GPU configured,0,13434880
qwen397,Qwen3.5-397B-A17B-UD-IQ3_XXS-00004-of-00004.gguf,blk.57.ffn_gate_inp.weight,4096x512,F32,8388608,"routing, norms and other weights",GPU configured,0,8388608
qwen397,Qwen3.5-397B-A17B-UD-IQ3_XXS-00004-of-00004.gguf,blk.57.ffn_gate_inp_shexp.weight,4096,F32,16384,shared experts and shared gate,GPU configured,0,16384
qwen397,Qwen3.5-397B-A17B-UD-IQ3_XXS-00004-of-00004.gguf,blk.57.ffn_gate_shexp.weight,4096x1024,Q6_K,3440640,shared experts and shared gate,GPU configured,0,3440640
qwen397,Qwen3.5-397B-A17B-UD-IQ3_XXS-00004-of-00004.gguf,blk.57.ffn_up_exps.weight,4096x1024x512,IQ2_S,687865856,routed experts,GPU configured,0,13434880
qwen397,Qwen3.5-397B-A17B-UD-IQ3_XXS-00004-of-00004.gguf,blk.57.ffn_up_shexp.weight,4096x1024,Q6_K,3440640,shared experts and shared gate,GPU configured,0,3440640
qwen397,Qwen3.5-397B-A17B-UD-IQ3_XXS-00004-of-00004.gguf,blk.57.post_attention_norm.weight,4096,F32,16384,"routing, norms and other weights",GPU configured,0,16384
qwen397,Qwen3.5-397B-A17B-UD-IQ3_XXS-00004-of-00004.gguf,blk.57.ssm_a,64,F32,256,attention and recurrent state weights,GPU configured,0,256
qwen397,Qwen3.5-397B-A17B-UD-IQ3_XXS-00004-of-00004.gguf,blk.57.ssm_alpha.weight,4096x64,F32,1048576,attention and recurrent state weights,GPU configured,0,1048576
qwen397,Qwen3.5-397B-A17B-UD-IQ3_XXS-00004-of-00004.gguf,blk.57.ssm_beta.weight,4096x64,F32,1048576,attention and recurrent state weights,GPU configured,0,1048576
qwen397,Qwen3.5-397B-A17B-UD-IQ3_XXS-00004-of-00004.gguf,blk.57.ssm_conv1d.weight,4x12288,F32,196608,attention and recurrent state weights,GPU configured,0,196608
qwen397,Qwen3.5-397B-A17B-UD-IQ3_XXS-00004-of-00004.gguf,blk.57.ssm_dt.bias,64,F32,256,attention and recurrent state weights,GPU configured,0,256
qwen397,Qwen3.5-397B-A17B-UD-IQ3_XXS-00004-of-00004.gguf,blk.57.ssm_norm.weight,128,F32,512,attention and recurrent state weights,GPU configured,0,512
qwen397,Qwen3.5-397B-A17B-UD-IQ3_XXS-00004-of-00004.gguf,blk.57.ssm_out.weight,8192x4096,Q6_K,27525120,attention and recurrent state weights,GPU configured,0,27525120
qwen397,Qwen3.5-397B-A17B-UD-IQ3_XXS-00004-of-00004.gguf,blk.58.attn_gate.weight,4096x8192,Q8_0,35651584,attention and recurrent state weights,GPU configured,0,35651584
qwen397,Qwen3.5-397B-A17B-UD-IQ3_XXS-00004-of-00004.gguf,blk.58.attn_norm.weight,4096,F32,16384,attention and recurrent state weights,GPU configured,0,16384
qwen397,Qwen3.5-397B-A17B-UD-IQ3_XXS-00004-of-00004.gguf,blk.58.attn_qkv.weight,4096x12288,Q8_0,53477376,attention and recurrent state weights,GPU configured,0,53477376
qwen397,Qwen3.5-397B-A17B-UD-IQ3_XXS-00004-of-00004.gguf,blk.58.ffn_down_exps.weight,1024x4096x512,IQ4_XS,1140850688,routed experts,GPU configured,0,22282240
qwen397,Qwen3.5-397B-A17B-UD-IQ3_XXS-00004-of-00004.gguf,blk.58.ffn_down_shexp.weight,1024x4096,Q8_0,4456448,shared experts and shared gate,GPU configured,0,4456448
qwen397,Qwen3.5-397B-A17B-UD-IQ3_XXS-00004-of-00004.gguf,blk.58.ffn_gate_exps.weight,4096x1024x512,IQ3_S,922746880,routed experts,GPU configured,0,18022400
qwen397,Qwen3.5-397B-A17B-UD-IQ3_XXS-00004-of-00004.gguf,blk.58.ffn_gate_inp.weight,4096x512,F32,8388608,"routing, norms and other weights",GPU configured,0,8388608
qwen397,Qwen3.5-397B-A17B-UD-IQ3_XXS-00004-of-00004.gguf,blk.58.ffn_gate_inp_shexp.weight,4096,F32,16384,shared experts and shared gate,GPU configured,0,16384
qwen397,Qwen3.5-397B-A17B-UD-IQ3_XXS-00004-of-00004.gguf,blk.58.ffn_gate_shexp.weight,4096x1024,Q8_0,4456448,shared experts and shared gate,GPU configured,0,4456448
qwen397,Qwen3.5-397B-A17B-UD-IQ3_XXS-00004-of-00004.gguf,blk.58.ffn_up_exps.weight,4096x1024x512,IQ3_S,922746880,routed experts,GPU configured,0,18022400
qwen397,Qwen3.5-397B-A17B-UD-IQ3_XXS-00004-of-00004.gguf,blk.58.ffn_up_shexp.weight,4096x1024,Q8_0,4456448,shared experts and shared gate,GPU configured,0,4456448
qwen397,Qwen3.5-397B-A17B-UD-IQ3_XXS-00004-of-00004.gguf,blk.58.post_attention_norm.weight,4096,F32,16384,"routing, norms and other weights",GPU configured,0,16384
qwen397,Qwen3.5-397B-A17B-UD-IQ3_XXS-00004-of-00004.gguf,blk.58.ssm_a,64,F32,256,attention and recurrent state weights,GPU configured,0,256
qwen397,Qwen3.5-397B-A17B-UD-IQ3_XXS-00004-of-00004.gguf,blk.58.ssm_alpha.weight,4096x64,F32,1048576,attention and recurrent state weights,GPU configured,0,1048576
qwen397,Qwen3.5-397B-A17B-UD-IQ3_XXS-00004-of-00004.gguf,blk.58.ssm_beta.weight,4096x64,F32,1048576,attention and recurrent state weights,GPU configured,0,1048576
qwen397,Qwen3.5-397B-A17B-UD-IQ3_XXS-00004-of-00004.gguf,blk.58.ssm_conv1d.weight,4x12288,F32,196608,attention and recurrent state weights,GPU configured,0,196608
qwen397,Qwen3.5-397B-A17B-UD-IQ3_XXS-00004-of-00004.gguf,blk.58.ssm_dt.bias,64,F32,256,attention and recurrent state weights,GPU configured,0,256
qwen397,Qwen3.5-397B-A17B-UD-IQ3_XXS-00004-of-00004.gguf,blk.58.ssm_norm.weight,128,F32,512,attention and recurrent state weights,GPU configured,0,512
qwen397,Qwen3.5-397B-A17B-UD-IQ3_XXS-00004-of-00004.gguf,blk.58.ssm_out.weight,8192x4096,Q6_K,27525120,attention and recurrent state weights,GPU configured,0,27525120
qwen397,Qwen3.5-397B-A17B-UD-IQ3_XXS-00004-of-00004.gguf,blk.59.attn_k.weight,4096x512,Q6_K,1720320,attention and recurrent state weights,GPU configured,0,1720320
qwen397,Qwen3.5-397B-A17B-UD-IQ3_XXS-00004-of-00004.gguf,blk.59.attn_k_norm.weight,256,F32,1024,attention and recurrent state weights,GPU configured,0,1024
qwen397,Qwen3.5-397B-A17B-UD-IQ3_XXS-00004-of-00004.gguf,blk.59.attn_norm.weight,4096,F32,16384,attention and recurrent state weights,GPU configured,0,16384
qwen397,Qwen3.5-397B-A17B-UD-IQ3_XXS-00004-of-00004.gguf,blk.59.attn_output.weight,8192x4096,Q6_K,27525120,attention and recurrent state weights,GPU configured,0,27525120
qwen397,Qwen3.5-397B-A17B-UD-IQ3_XXS-00004-of-00004.gguf,blk.59.attn_q.weight,4096x16384,Q6_K,55050240,attention and recurrent state weights,GPU configured,0,55050240
qwen397,Qwen3.5-397B-A17B-UD-IQ3_XXS-00004-of-00004.gguf,blk.59.attn_q_norm.weight,256,F32,1024,attention and recurrent state weights,GPU configured,0,1024
qwen397,Qwen3.5-397B-A17B-UD-IQ3_XXS-00004-of-00004.gguf,blk.59.attn_v.weight,4096x512,Q6_K,1720320,attention and recurrent state weights,GPU configured,0,1720320
qwen397,Qwen3.5-397B-A17B-UD-IQ3_XXS-00004-of-00004.gguf,blk.59.ffn_down_exps.weight,1024x4096x512,IQ3_S,922746880,routed experts,GPU configured,0,18022400
qwen397,Qwen3.5-397B-A17B-UD-IQ3_XXS-00004-of-00004.gguf,blk.59.ffn_down_shexp.weight,1024x4096,Q6_K,3440640,shared experts and shared gate,GPU configured,0,3440640
qwen397,Qwen3.5-397B-A17B-UD-IQ3_XXS-00004-of-00004.gguf,blk.59.ffn_gate_exps.weight,4096x1024x512,IQ2_S,687865856,routed experts,GPU configured,0,13434880
qwen397,Qwen3.5-397B-A17B-UD-IQ3_XXS-00004-of-00004.gguf,blk.59.ffn_gate_inp.weight,4096x512,F32,8388608,"routing, norms and other weights",GPU configured,0,8388608
qwen397,Qwen3.5-397B-A17B-UD-IQ3_XXS-00004-of-00004.gguf,blk.59.ffn_gate_inp_shexp.weight,4096,F32,16384,shared experts and shared gate,GPU configured,0,16384
qwen397,Qwen3.5-397B-A17B-UD-IQ3_XXS-00004-of-00004.gguf,blk.59.ffn_gate_shexp.weight,4096x1024,Q6_K,3440640,shared experts and shared gate,GPU configured,0,3440640
qwen397,Qwen3.5-397B-A17B-UD-IQ3_XXS-00004-of-00004.gguf,blk.59.ffn_up_exps.weight,4096x1024x512,IQ2_S,687865856,routed experts,GPU configured,0,13434880
qwen397,Qwen3.5-397B-A17B-UD-IQ3_XXS-00004-of-00004.gguf,blk.59.ffn_up_shexp.weight,4096x1024,Q6_K,3440640,shared experts and shared gate,GPU configured,0,3440640
qwen397,Qwen3.5-397B-A17B-UD-IQ3_XXS-00004-of-00004.gguf,blk.59.post_attention_norm.weight,4096,F32,16384,"routing, norms and other weights",GPU configured,0,16384
qwen397,Qwen3.5-397B-A17B-UD-IQ3_XXS-00004-of-00004.gguf,blk.60.attn_k.weight,4096x512,Q6_K,1720320,draft weights,GPU draft; traffic depends on proposals,0,0
qwen397,Qwen3.5-397B-A17B-UD-IQ3_XXS-00004-of-00004.gguf,blk.60.attn_k_norm.weight,256,F32,1024,draft weights,GPU draft; traffic depends on proposals,0,0
qwen397,Qwen3.5-397B-A17B-UD-IQ3_XXS-00004-of-00004.gguf,blk.60.attn_norm.weight,4096,F32,16384,draft weights,GPU draft; traffic depends on proposals,0,0
qwen397,Qwen3.5-397B-A17B-UD-IQ3_XXS-00004-of-00004.gguf,blk.60.attn_output.weight,8192x4096,Q6_K,27525120,draft weights,GPU draft; traffic depends on proposals,0,0
qwen397,Qwen3.5-397B-A17B-UD-IQ3_XXS-00004-of-00004.gguf,blk.60.attn_q.weight,4096x16384,Q6_K,55050240,draft weights,GPU draft; traffic depends on proposals,0,0
qwen397,Qwen3.5-397B-A17B-UD-IQ3_XXS-00004-of-00004.gguf,blk.60.attn_q_norm.weight,256,F32,1024,draft weights,GPU draft; traffic depends on proposals,0,0
qwen397,Qwen3.5-397B-A17B-UD-IQ3_XXS-00004-of-00004.gguf,blk.60.attn_v.weight,4096x512,Q6_K,1720320,draft weights,GPU draft; traffic depends on proposals,0,0
qwen397,Qwen3.5-397B-A17B-UD-IQ3_XXS-00004-of-00004.gguf,blk.60.ffn_down_exps.weight,1024x4096x512,Q3_K,922746880,draft weights,GPU draft; traffic depends on proposals,0,0
qwen397,Qwen3.5-397B-A17B-UD-IQ3_XXS-00004-of-00004.gguf,blk.60.ffn_down_shexp.weight,1024x4096,Q6_K,3440640,draft weights,GPU draft; traffic depends on proposals,0,0
qwen397,Qwen3.5-397B-A17B-UD-IQ3_XXS-00004-of-00004.gguf,blk.60.ffn_gate_exps.weight,4096x1024x512,Q2_K,704643072,draft weights,GPU draft; traffic depends on proposals,0,0
qwen397,Qwen3.5-397B-A17B-UD-IQ3_XXS-00004-of-00004.gguf,blk.60.ffn_gate_inp.weight,4096x512,BF16,4194304,draft weights,GPU draft; traffic depends on proposals,0,0
qwen397,Qwen3.5-397B-A17B-UD-IQ3_XXS-00004-of-00004.gguf,blk.60.ffn_gate_inp_shexp.weight,4096,BF16,8192,draft weights,GPU draft; traffic depends on proposals,0,0
qwen397,Qwen3.5-397B-A17B-UD-IQ3_XXS-00004-of-00004.gguf,blk.60.ffn_gate_shexp.weight,4096x1024,Q6_K,3440640,draft weights,GPU draft; traffic depends on proposals,0,0
qwen397,Qwen3.5-397B-A17B-UD-IQ3_XXS-00004-of-00004.gguf,blk.60.ffn_up_exps.weight,4096x1024x512,Q2_K,704643072,draft weights,GPU draft; traffic depends on proposals,0,0
qwen397,Qwen3.5-397B-A17B-UD-IQ3_XXS-00004-of-00004.gguf,blk.60.ffn_up_shexp.weight,4096x1024,Q6_K,3440640,draft weights,GPU draft; traffic depends on proposals,0,0
qwen397,Qwen3.5-397B-A17B-UD-IQ3_XXS-00004-of-00004.gguf,blk.60.nextn.eh_proj.weight,8192x4096,Q8_0,35651584,draft weights,GPU draft; traffic depends on proposals,0,0
qwen397,Qwen3.5-397B-A17B-UD-IQ3_XXS-00004-of-00004.gguf,blk.60.nextn.enorm.weight,4096,F32,16384,draft weights,GPU draft; traffic depends on proposals,0,0
qwen397,Qwen3.5-397B-A17B-UD-IQ3_XXS-00004-of-00004.gguf,blk.60.nextn.hnorm.weight,4096,F32,16384,draft weights,GPU draft; traffic depends on proposals,0,0
qwen397,Qwen3.5-397B-A17B-UD-IQ3_XXS-00004-of-00004.gguf,blk.60.nextn.shared_head_norm.weight,4096,F32,16384,draft weights,GPU draft; traffic depends on proposals,0,0
qwen397,Qwen3.5-397B-A17B-UD-IQ3_XXS-00004-of-00004.gguf,blk.60.post_attention_norm.weight,4096,F32,16384,draft weights,GPU draft; traffic depends on proposals,0,0
deepseek,DeepSeek-V4-Flash-0731-UD-Q8_K_XL-00002-of-00005.gguf,output.weight,4096x129280,BF16,1059061760,output head and output norms,GPU configured,0,1059061760
deepseek,DeepSeek-V4-Flash-0731-UD-Q8_K_XL-00002-of-00005.gguf,output_hc_base.weight,4,F32,16,output head and output norms,GPU configured,0,16
deepseek,DeepSeek-V4-Flash-0731-UD-Q8_K_XL-00002-of-00005.gguf,output_hc_fn.weight,16384x4,F32,262144,output head and output norms,GPU configured,0,262144
deepseek,DeepSeek-V4-Flash-0731-UD-Q8_K_XL-00002-of-00005.gguf,output_hc_scale.weight,1,F32,4,output head and output norms,GPU configured,0,4
deepseek,DeepSeek-V4-Flash-0731-UD-Q8_K_XL-00002-of-00005.gguf,output_norm.weight,4096,F32,16384,output head and output norms,GPU configured,0,16384
deepseek,DeepSeek-V4-Flash-0731-UD-Q8_K_XL-00002-of-00005.gguf,token_embd.weight,4096x129280,BF16,1059061760,input embedding,input lookup; excluded from expert-only denominator,0,8192
deepseek,DeepSeek-V4-Flash-0731-UD-Q8_K_XL-00002-of-00005.gguf,blk.0.attn_kv.weight,4096x512,BF16,4194304,attention and recurrent state weights,GPU configured,0,4194304
deepseek,DeepSeek-V4-Flash-0731-UD-Q8_K_XL-00002-of-00005.gguf,blk.0.attn_kv_a_norm.weight,512,F32,2048,attention and recurrent state weights,GPU configured,0,2048
deepseek,DeepSeek-V4-Flash-0731-UD-Q8_K_XL-00002-of-00005.gguf,blk.0.attn_norm.weight,4096,F32,16384,attention and recurrent state weights,GPU configured,0,16384
deepseek,DeepSeek-V4-Flash-0731-UD-Q8_K_XL-00002-of-00005.gguf,blk.0.attn_output_a.weight,4096x8192,BF16,67108864,attention and recurrent state weights,GPU configured,0,67108864
deepseek,DeepSeek-V4-Flash-0731-UD-Q8_K_XL-00002-of-00005.gguf,blk.0.attn_output_b.weight,8192x4096,BF16,67108864,attention and recurrent state weights,GPU configured,0,67108864
deepseek,DeepSeek-V4-Flash-0731-UD-Q8_K_XL-00002-of-00005.gguf,blk.0.attn_q_a.weight,4096x1024,BF16,8388608,attention and recurrent state weights,GPU configured,0,8388608
deepseek,DeepSeek-V4-Flash-0731-UD-Q8_K_XL-00002-of-00005.gguf,blk.0.attn_q_a_norm.weight,1024,F32,4096,attention and recurrent state weights,GPU configured,0,4096
deepseek,DeepSeek-V4-Flash-0731-UD-Q8_K_XL-00002-of-00005.gguf,blk.0.attn_q_b.weight,1024x32768,BF16,67108864,attention and recurrent state weights,GPU configured,0,67108864
deepseek,DeepSeek-V4-Flash-0731-UD-Q8_K_XL-00002-of-00005.gguf,blk.0.attn_sinks.weight,64,F32,256,attention and recurrent state weights,GPU configured,0,256
deepseek,DeepSeek-V4-Flash-0731-UD-Q8_K_XL-00002-of-00005.gguf,blk.0.ffn_down_exps.weight,2048x4096x256,MXFP4,1140850688,routed experts,system RAM,26738688,26738688
deepseek,DeepSeek-V4-Flash-0731-UD-Q8_K_XL-00002-of-00005.gguf,blk.0.ffn_down_shexp.weight,2048x4096,BF16,16777216,shared experts and shared gate,GPU configured,0,16777216
deepseek,DeepSeek-V4-Flash-0731-UD-Q8_K_XL-00002-of-00005.gguf,blk.0.ffn_gate_exps.weight,4096x2048x256,MXFP4,1140850688,routed experts,system RAM,26738688,26738688
deepseek,DeepSeek-V4-Flash-0731-UD-Q8_K_XL-00002-of-00005.gguf,blk.0.ffn_gate_inp.weight,4096x256,BF16,2097152,"routing, norms and other weights",GPU configured,0,2097152
deepseek,DeepSeek-V4-Flash-0731-UD-Q8_K_XL-00002-of-00005.gguf,blk.0.ffn_gate_shexp.weight,4096x2048,BF16,16777216,shared experts and shared gate,GPU configured,0,16777216
deepseek,DeepSeek-V4-Flash-0731-UD-Q8_K_XL-00002-of-00005.gguf,blk.0.ffn_gate_tid2eid.weight,6x129280,I32,3102720,"routing, norms and other weights",GPU configured,0,3102720
deepseek,DeepSeek-V4-Flash-0731-UD-Q8_K_XL-00002-of-00005.gguf,blk.0.ffn_norm.weight,4096,F32,16384,"routing, norms and other weights",GPU configured,0,16384
deepseek,DeepSeek-V4-Flash-0731-UD-Q8_K_XL-00002-of-00005.gguf,blk.0.ffn_up_exps.weight,4096x2048x256,MXFP4,1140850688,routed experts,system RAM,26738688,26738688
deepseek,DeepSeek-V4-Flash-0731-UD-Q8_K_XL-00002-of-00005.gguf,blk.0.ffn_up_shexp.weight,4096x2048,BF16,16777216,shared experts and shared gate,GPU configured,0,16777216
deepseek,DeepSeek-V4-Flash-0731-UD-Q8_K_XL-00002-of-00005.gguf,blk.0.hc_attn_base.weight,24,F32,96,attention and recurrent state weights,GPU configured,0,96
deepseek,DeepSeek-V4-Flash-0731-UD-Q8_K_XL-00002-of-00005.gguf,blk.0.hc_attn_fn.weight,16384x24,F32,1572864,attention and recurrent state weights,GPU configured,0,1572864
deepseek,DeepSeek-V4-Flash-0731-UD-Q8_K_XL-00002-of-00005.gguf,blk.0.hc_attn_scale.weight,3,F32,12,attention and recurrent state weights,GPU configured,0,12
deepseek,DeepSeek-V4-Flash-0731-UD-Q8_K_XL-00002-of-00005.gguf,blk.0.hc_ffn_base.weight,24,F32,96,"routing, norms and other weights",GPU configured,0,96
deepseek,DeepSeek-V4-Flash-0731-UD-Q8_K_XL-00002-of-00005.gguf,blk.0.hc_ffn_fn.weight,16384x24,F32,1572864,"routing, norms and other weights",GPU configured,0,1572864
deepseek,DeepSeek-V4-Flash-0731-UD-Q8_K_XL-00002-of-00005.gguf,blk.0.hc_ffn_scale.weight,3,F32,12,"routing, norms and other weights",GPU configured,0,12
deepseek,DeepSeek-V4-Flash-0731-UD-Q8_K_XL-00002-of-00005.gguf,blk.1.attn_kv.weight,4096x512,BF16,4194304,attention and recurrent state weights,GPU configured,0,4194304
deepseek,DeepSeek-V4-Flash-0731-UD-Q8_K_XL-00002-of-00005.gguf,blk.1.attn_kv_a_norm.weight,512,F32,2048,attention and recurrent state weights,GPU configured,0,2048
deepseek,DeepSeek-V4-Flash-0731-UD-Q8_K_XL-00002-of-00005.gguf,blk.1.attn_norm.weight,4096,F32,16384,attention and recurrent state weights,GPU configured,0,16384
deepseek,DeepSeek-V4-Flash-0731-UD-Q8_K_XL-00002-of-00005.gguf,blk.1.attn_output_a.weight,4096x8192,BF16,67108864,attention and recurrent state weights,GPU configured,0,67108864
deepseek,DeepSeek-V4-Flash-0731-UD-Q8_K_XL-00002-of-00005.gguf,blk.1.attn_output_b.weight,8192x4096,BF16,67108864,attention and recurrent state weights,GPU configured,0,67108864
deepseek,DeepSeek-V4-Flash-0731-UD-Q8_K_XL-00002-of-00005.gguf,blk.1.attn_q_a.weight,4096x1024,BF16,8388608,attention and recurrent state weights,GPU configured,0,8388608
deepseek,DeepSeek-V4-Flash-0731-UD-Q8_K_XL-00002-of-00005.gguf,blk.1.attn_q_a_norm.weight,1024,F32,4096,attention and recurrent state weights,GPU configured,0,4096
deepseek,DeepSeek-V4-Flash-0731-UD-Q8_K_XL-00002-of-00005.gguf,blk.1.attn_q_b.weight,1024x32768,BF16,67108864,attention and recurrent state weights,GPU configured,0,67108864
deepseek,DeepSeek-V4-Flash-0731-UD-Q8_K_XL-00002-of-00005.gguf,blk.1.attn_sinks.weight,64,F32,256,attention and recurrent state weights,GPU configured,0,256
deepseek,DeepSeek-V4-Flash-0731-UD-Q8_K_XL-00002-of-00005.gguf,blk.1.ffn_down_exps.weight,2048x4096x256,MXFP4,1140850688,routed experts,system RAM,26738688,26738688
deepseek,DeepSeek-V4-Flash-0731-UD-Q8_K_XL-00002-of-00005.gguf,blk.1.ffn_down_shexp.weight,2048x4096,BF16,16777216,shared experts and shared gate,GPU configured,0,16777216
deepseek,DeepSeek-V4-Flash-0731-UD-Q8_K_XL-00002-of-00005.gguf,blk.1.ffn_gate_exps.weight,4096x2048x256,MXFP4,1140850688,routed experts,system RAM,26738688,26738688
deepseek,DeepSeek-V4-Flash-0731-UD-Q8_K_XL-00002-of-00005.gguf,blk.1.ffn_gate_inp.weight,4096x256,BF16,2097152,"routing, norms and other weights",GPU configured,0,2097152
deepseek,DeepSeek-V4-Flash-0731-UD-Q8_K_XL-00002-of-00005.gguf,blk.1.ffn_gate_shexp.weight,4096x2048,BF16,16777216,shared experts and shared gate,GPU configured,0,16777216
deepseek,DeepSeek-V4-Flash-0731-UD-Q8_K_XL-00002-of-00005.gguf,blk.1.ffn_gate_tid2eid.weight,6x129280,I32,3102720,"routing, norms and other weights",GPU configured,0,3102720
deepseek,DeepSeek-V4-Flash-0731-UD-Q8_K_XL-00002-of-00005.gguf,blk.1.ffn_norm.weight,4096,F32,16384,"routing, norms and other weights",GPU configured,0,16384
deepseek,DeepSeek-V4-Flash-0731-UD-Q8_K_XL-00002-of-00005.gguf,blk.1.ffn_up_exps.weight,4096x2048x256,MXFP4,1140850688,routed experts,system RAM,26738688,26738688
deepseek,DeepSeek-V4-Flash-0731-UD-Q8_K_XL-00002-of-00005.gguf,blk.1.ffn_up_shexp.weight,4096x2048,BF16,16777216,shared experts and shared gate,GPU configured,0,16777216
deepseek,DeepSeek-V4-Flash-0731-UD-Q8_K_XL-00002-of-00005.gguf,blk.1.hc_attn_base.weight,24,F32,96,attention and recurrent state weights,GPU configured,0,96
deepseek,DeepSeek-V4-Flash-0731-UD-Q8_K_XL-00002-of-00005.gguf,blk.1.hc_attn_fn.weight,16384x24,F32,1572864,attention and recurrent state weights,GPU configured,0,1572864
deepseek,DeepSeek-V4-Flash-0731-UD-Q8_K_XL-00002-of-00005.gguf,blk.1.hc_attn_scale.weight,3,F32,12,attention and recurrent state weights,GPU configured,0,12
deepseek,DeepSeek-V4-Flash-0731-UD-Q8_K_XL-00002-of-00005.gguf,blk.1.hc_ffn_base.weight,24,F32,96,"routing, norms and other weights",GPU configured,0,96
deepseek,DeepSeek-V4-Flash-0731-UD-Q8_K_XL-00002-of-00005.gguf,blk.1.hc_ffn_fn.weight,16384x24,F32,1572864,"routing, norms and other weights",GPU configured,0,1572864
deepseek,DeepSeek-V4-Flash-0731-UD-Q8_K_XL-00002-of-00005.gguf,blk.1.hc_ffn_scale.weight,3,F32,12,"routing, norms and other weights",GPU configured,0,12
deepseek,DeepSeek-V4-Flash-0731-UD-Q8_K_XL-00002-of-00005.gguf,blk.2.attn_compressor_ape.weight,1024x4,F32,16384,attention and recurrent state weights,GPU configured,0,16384
deepseek,DeepSeek-V4-Flash-0731-UD-Q8_K_XL-00002-of-00005.gguf,blk.2.attn_compressor_gate.weight,4096x1024,BF16,8388608,attention and recurrent state weights,GPU configured,0,8388608
deepseek,DeepSeek-V4-Flash-0731-UD-Q8_K_XL-00002-of-00005.gguf,blk.2.attn_compressor_kv.weight,4096x1024,BF16,8388608,attention and recurrent state weights,GPU configured,0,8388608
deepseek,DeepSeek-V4-Flash-0731-UD-Q8_K_XL-00002-of-00005.gguf,blk.2.attn_compressor_norm.weight,512,F32,2048,attention and recurrent state weights,GPU configured,0,2048
deepseek,DeepSeek-V4-Flash-0731-UD-Q8_K_XL-00002-of-00005.gguf,blk.2.attn_kv.weight,4096x512,BF16,4194304,attention and recurrent state weights,GPU configured,0,4194304
deepseek,DeepSeek-V4-Flash-0731-UD-Q8_K_XL-00002-of-00005.gguf,blk.2.attn_kv_a_norm.weight,512,F32,2048,attention and recurrent state weights,GPU configured,0,2048
deepseek,DeepSeek-V4-Flash-0731-UD-Q8_K_XL-00002-of-00005.gguf,blk.2.attn_norm.weight,4096,F32,16384,attention and recurrent state weights,GPU configured,0,16384
deepseek,DeepSeek-V4-Flash-0731-UD-Q8_K_XL-00002-of-00005.gguf,blk.2.attn_output_a.weight,4096x8192,BF16,67108864,attention and recurrent state weights,GPU configured,0,67108864
deepseek,DeepSeek-V4-Flash-0731-UD-Q8_K_XL-00002-of-00005.gguf,blk.2.attn_output_b.weight,8192x4096,BF16,67108864,attention and recurrent state weights,GPU configured,0,67108864
deepseek,DeepSeek-V4-Flash-0731-UD-Q8_K_XL-00002-of-00005.gguf,blk.2.attn_q_a.weight,4096x1024,BF16,8388608,attention and recurrent state weights,GPU configured,0,8388608
deepseek,DeepSeek-V4-Flash-0731-UD-Q8_K_XL-00002-of-00005.gguf,blk.2.attn_q_a_norm.weight,1024,F32,4096,attention and recurrent state weights,GPU configured,0,4096
deepseek,DeepSeek-V4-Flash-0731-UD-Q8_K_XL-00002-of-00005.gguf,blk.2.attn_q_b.weight,1024x32768,BF16,67108864,attention and recurrent state weights,GPU configured,0,67108864
deepseek,DeepSeek-V4-Flash-0731-UD-Q8_K_XL-00002-of-00005.gguf,blk.2.attn_sinks.weight,64,F32,256,attention and recurrent state weights,GPU configured,0,256
deepseek,DeepSeek-V4-Flash-0731-UD-Q8_K_XL-00002-of-00005.gguf,blk.2.ffn_down_exps.weight,2048x4096x256,MXFP4,1140850688,routed experts,system RAM,26738688,26738688
deepseek,DeepSeek-V4-Flash-0731-UD-Q8_K_XL-00002-of-00005.gguf,blk.2.ffn_down_shexp.weight,2048x4096,BF16,16777216,shared experts and shared gate,GPU configured,0,16777216
deepseek,DeepSeek-V4-Flash-0731-UD-Q8_K_XL-00002-of-00005.gguf,blk.2.ffn_gate_exps.weight,4096x2048x256,MXFP4,1140850688,routed experts,system RAM,26738688,26738688
deepseek,DeepSeek-V4-Flash-0731-UD-Q8_K_XL-00002-of-00005.gguf,blk.2.ffn_gate_inp.weight,4096x256,BF16,2097152,"routing, norms and other weights",GPU configured,0,2097152
deepseek,DeepSeek-V4-Flash-0731-UD-Q8_K_XL-00002-of-00005.gguf,blk.2.ffn_gate_shexp.weight,4096x2048,BF16,16777216,shared experts and shared gate,GPU configured,0,16777216
deepseek,DeepSeek-V4-Flash-0731-UD-Q8_K_XL-00002-of-00005.gguf,blk.2.ffn_gate_tid2eid.weight,6x129280,I32,3102720,"routing, norms and other weights",GPU configured,0,3102720
deepseek,DeepSeek-V4-Flash-0731-UD-Q8_K_XL-00002-of-00005.gguf,blk.2.ffn_norm.weight,4096,F32,16384,"routing, norms and other weights",GPU configured,0,16384
deepseek,DeepSeek-V4-Flash-0731-UD-Q8_K_XL-00002-of-00005.gguf,blk.2.ffn_up_exps.weight,4096x2048x256,MXFP4,1140850688,routed experts,system RAM,26738688,26738688
deepseek,DeepSeek-V4-Flash-0731-UD-Q8_K_XL-00002-of-00005.gguf,blk.2.ffn_up_shexp.weight,4096x2048,BF16,16777216,shared experts and shared gate,GPU configured,0,16777216
deepseek,DeepSeek-V4-Flash-0731-UD-Q8_K_XL-00002-of-00005.gguf,blk.2.hc_attn_base.weight,24,F32,96,attention and recurrent state weights,GPU configured,0,96
deepseek,DeepSeek-V4-Flash-0731-UD-Q8_K_XL-00002-of-00005.gguf,blk.2.hc_attn_fn.weight,16384x24,F32,1572864,attention and recurrent state weights,GPU configured,0,1572864
deepseek,DeepSeek-V4-Flash-0731-UD-Q8_K_XL-00002-of-00005.gguf,blk.2.hc_attn_scale.weight,3,F32,12,attention and recurrent state weights,GPU configured,0,12
deepseek,DeepSeek-V4-Flash-0731-UD-Q8_K_XL-00002-of-00005.gguf,blk.2.hc_ffn_base.weight,24,F32,96,"routing, norms and other weights",GPU configured,0,96
deepseek,DeepSeek-V4-Flash-0731-UD-Q8_K_XL-00002-of-00005.gguf,blk.2.hc_ffn_fn.weight,16384x24,F32,1572864,"routing, norms and other weights",GPU configured,0,1572864
deepseek,DeepSeek-V4-Flash-0731-UD-Q8_K_XL-00002-of-00005.gguf,blk.2.hc_ffn_scale.weight,3,F32,12,"routing, norms and other weights",GPU configured,0,12
deepseek,DeepSeek-V4-Flash-0731-UD-Q8_K_XL-00002-of-00005.gguf,blk.2.indexer.attn_q_b.weight,1024x8192,BF16,16777216,attention and recurrent state weights,GPU configured,0,16777216
deepseek,DeepSeek-V4-Flash-0731-UD-Q8_K_XL-00002-of-00005.gguf,blk.2.indexer.proj.weight,4096x64,BF16,524288,attention and recurrent state weights,GPU configured,0,524288
deepseek,DeepSeek-V4-Flash-0731-UD-Q8_K_XL-00002-of-00005.gguf,blk.2.indexer_compressor_ape.weight,256x4,F32,4096,attention and recurrent state weights,GPU configured,0,4096
deepseek,DeepSeek-V4-Flash-0731-UD-Q8_K_XL-00002-of-00005.gguf,blk.2.indexer_compressor_gate.weight,4096x256,BF16,2097152,attention and recurrent state weights,GPU configured,0,2097152
deepseek,DeepSeek-V4-Flash-0731-UD-Q8_K_XL-00002-of-00005.gguf,blk.2.indexer_compressor_kv.weight,4096x256,BF16,2097152,attention and recurrent state weights,GPU configured,0,2097152
deepseek,DeepSeek-V4-Flash-0731-UD-Q8_K_XL-00002-of-00005.gguf,blk.2.indexer_compressor_norm.weight,128,F32,512,attention and recurrent state weights,GPU configured,0,512
deepseek,DeepSeek-V4-Flash-0731-UD-Q8_K_XL-00002-of-00005.gguf,blk.3.attn_compressor_ape.weight,512x128,F32,262144,attention and recurrent state weights,GPU configured,0,262144
deepseek,DeepSeek-V4-Flash-0731-UD-Q8_K_XL-00002-of-00005.gguf,blk.3.attn_compressor_gate.weight,4096x512,BF16,4194304,attention and recurrent state weights,GPU configured,0,4194304
deepseek,DeepSeek-V4-Flash-0731-UD-Q8_K_XL-00002-of-00005.gguf,blk.3.attn_compressor_kv.weight,4096x512,BF16,4194304,attention and recurrent state weights,GPU configured,0,4194304
deepseek,DeepSeek-V4-Flash-0731-UD-Q8_K_XL-00002-of-00005.gguf,blk.3.attn_compressor_norm.weight,512,F32,2048,attention and recurrent state weights,GPU configured,0,2048
deepseek,DeepSeek-V4-Flash-0731-UD-Q8_K_XL-00002-of-00005.gguf,blk.3.attn_kv.weight,4096x512,BF16,4194304,attention and recurrent state weights,GPU configured,0,4194304
deepseek,DeepSeek-V4-Flash-0731-UD-Q8_K_XL-00002-of-00005.gguf,blk.3.attn_kv_a_norm.weight,512,F32,2048,attention and recurrent state weights,GPU configured,0,2048
deepseek,DeepSeek-V4-Flash-0731-UD-Q8_K_XL-00002-of-00005.gguf,blk.3.attn_norm.weight,4096,F32,16384,attention and recurrent state weights,GPU configured,0,16384
deepseek,DeepSeek-V4-Flash-0731-UD-Q8_K_XL-00002-of-00005.gguf,blk.3.attn_output_a.weight,4096x8192,BF16,67108864,attention and recurrent state weights,GPU configured,0,67108864
deepseek,DeepSeek-V4-Flash-0731-UD-Q8_K_XL-00002-of-00005.gguf,blk.3.attn_output_b.weight,8192x4096,BF16,67108864,attention and recurrent state weights,GPU configured,0,67108864
deepseek,DeepSeek-V4-Flash-0731-UD-Q8_K_XL-00002-of-00005.gguf,blk.3.attn_q_a.weight,4096x1024,BF16,8388608,attention and recurrent state weights,GPU configured,0,8388608
deepseek,DeepSeek-V4-Flash-0731-UD-Q8_K_XL-00002-of-00005.gguf,blk.3.attn_q_a_norm.weight,1024,F32,4096,attention and recurrent state weights,GPU configured,0,4096
deepseek,DeepSeek-V4-Flash-0731-UD-Q8_K_XL-00002-of-00005.gguf,blk.3.attn_q_b.weight,1024x32768,BF16,67108864,attention and recurrent state weights,GPU configured,0,67108864
deepseek,DeepSeek-V4-Flash-0731-UD-Q8_K_XL-00002-of-00005.gguf,blk.3.attn_sinks.weight,64,F32,256,attention and recurrent state weights,GPU configured,0,256
deepseek,DeepSeek-V4-Flash-0731-UD-Q8_K_XL-00002-of-00005.gguf,blk.3.exp_probs_b.bias,256,F32,1024,"routing, norms and other weights",GPU configured,0,1024
deepseek,DeepSeek-V4-Flash-0731-UD-Q8_K_XL-00002-of-00005.gguf,blk.3.ffn_down_exps.weight,2048x4096x256,MXFP4,1140850688,routed experts,system RAM,26738688,26738688
deepseek,DeepSeek-V4-Flash-0731-UD-Q8_K_XL-00002-of-00005.gguf,blk.3.ffn_down_shexp.weight,2048x4096,BF16,16777216,shared experts and shared gate,GPU configured,0,16777216
deepseek,DeepSeek-V4-Flash-0731-UD-Q8_K_XL-00002-of-00005.gguf,blk.3.ffn_gate_exps.weight,4096x2048x256,MXFP4,1140850688,routed experts,system RAM,26738688,26738688
deepseek,DeepSeek-V4-Flash-0731-UD-Q8_K_XL-00002-of-00005.gguf,blk.3.ffn_gate_inp.weight,4096x256,BF16,2097152,"routing, norms and other weights",GPU configured,0,2097152
deepseek,DeepSeek-V4-Flash-0731-UD-Q8_K_XL-00002-of-00005.gguf,blk.3.ffn_gate_shexp.weight,4096x2048,BF16,16777216,shared experts and shared gate,GPU configured,0,16777216
deepseek,DeepSeek-V4-Flash-0731-UD-Q8_K_XL-00002-of-00005.gguf,blk.3.ffn_norm.weight,4096,F32,16384,"routing, norms and other weights",GPU configured,0,16384
deepseek,DeepSeek-V4-Flash-0731-UD-Q8_K_XL-00002-of-00005.gguf,blk.3.ffn_up_exps.weight,4096x2048x256,MXFP4,1140850688,routed experts,system RAM,26738688,26738688
deepseek,DeepSeek-V4-Flash-0731-UD-Q8_K_XL-00002-of-00005.gguf,blk.3.ffn_up_shexp.weight,4096x2048,BF16,16777216,shared experts and shared gate,GPU configured,0,16777216
deepseek,DeepSeek-V4-Flash-0731-UD-Q8_K_XL-00002-of-00005.gguf,blk.3.hc_attn_base.weight,24,F32,96,attention and recurrent state weights,GPU configured,0,96
deepseek,DeepSeek-V4-Flash-0731-UD-Q8_K_XL-00002-of-00005.gguf,blk.3.hc_attn_fn.weight,16384x24,F32,1572864,attention and recurrent state weights,GPU configured,0,1572864
deepseek,DeepSeek-V4-Flash-0731-UD-Q8_K_XL-00002-of-00005.gguf,blk.3.hc_attn_scale.weight,3,F32,12,attention and recurrent state weights,GPU configured,0,12
deepseek,DeepSeek-V4-Flash-0731-UD-Q8_K_XL-00002-of-00005.gguf,blk.3.hc_ffn_base.weight,24,F32,96,"routing, norms and other weights",GPU configured,0,96
deepseek,DeepSeek-V4-Flash-0731-UD-Q8_K_XL-00002-of-00005.gguf,blk.3.hc_ffn_fn.weight,16384x24,F32,1572864,"routing, norms and other weights",GPU configured,0,1572864
deepseek,DeepSeek-V4-Flash-0731-UD-Q8_K_XL-00002-of-00005.gguf,blk.3.hc_ffn_scale.weight,3,F32,12,"routing, norms and other weights",GPU configured,0,12
deepseek,DeepSeek-V4-Flash-0731-UD-Q8_K_XL-00002-of-00005.gguf,blk.4.attn_compressor_ape.weight,1024x4,F32,16384,attention and recurrent state weights,GPU configured,0,16384
deepseek,DeepSeek-V4-Flash-0731-UD-Q8_K_XL-00002-of-00005.gguf,blk.4.attn_compressor_gate.weight,4096x1024,BF16,8388608,attention and recurrent state weights,GPU configured,0,8388608
deepseek,DeepSeek-V4-Flash-0731-UD-Q8_K_XL-00002-of-00005.gguf,blk.4.attn_compressor_kv.weight,4096x1024,BF16,8388608,attention and recurrent state weights,GPU configured,0,8388608
deepseek,DeepSeek-V4-Flash-0731-UD-Q8_K_XL-00002-of-00005.gguf,blk.4.attn_compressor_norm.weight,512,F32,2048,attention and recurrent state weights,GPU configured,0,2048
deepseek,DeepSeek-V4-Flash-0731-UD-Q8_K_XL-00002-of-00005.gguf,blk.4.attn_kv.weight,4096x512,BF16,4194304,attention and recurrent state weights,GPU configured,0,4194304
deepseek,DeepSeek-V4-Flash-0731-UD-Q8_K_XL-00002-of-00005.gguf,blk.4.attn_kv_a_norm.weight,512,F32,2048,attention and recurrent state weights,GPU configured,0,2048
deepseek,DeepSeek-V4-Flash-0731-UD-Q8_K_XL-00002-of-00005.gguf,blk.4.attn_norm.weight,4096,F32,16384,attention and recurrent state weights,GPU configured,0,16384
deepseek,DeepSeek-V4-Flash-0731-UD-Q8_K_XL-00002-of-00005.gguf,blk.4.attn_output_a.weight,4096x8192,BF16,67108864,attention and recurrent state weights,GPU configured,0,67108864
deepseek,DeepSeek-V4-Flash-0731-UD-Q8_K_XL-00002-of-00005.gguf,blk.4.attn_output_b.weight,8192x4096,BF16,67108864,attention and recurrent state weights,GPU configured,0,67108864
deepseek,DeepSeek-V4-Flash-0731-UD-Q8_K_XL-00002-of-00005.gguf,blk.4.attn_q_a.weight,4096x1024,BF16,8388608,attention and recurrent state weights,GPU configured,0,8388608
deepseek,DeepSeek-V4-Flash-0731-UD-Q8_K_XL-00002-of-00005.gguf,blk.4.attn_q_a_norm.weight,1024,F32,4096,attention and recurrent state weights,GPU configured,0,4096
deepseek,DeepSeek-V4-Flash-0731-UD-Q8_K_XL-00002-of-00005.gguf,blk.4.attn_q_b.weight,1024x32768,BF16,67108864,attention and recurrent state weights,GPU configured,0,67108864
deepseek,DeepSeek-V4-Flash-0731-UD-Q8_K_XL-00002-of-00005.gguf,blk.4.attn_sinks.weight,64,F32,256,attention and recurrent state weights,GPU configured,0,256
deepseek,DeepSeek-V4-Flash-0731-UD-Q8_K_XL-00002-of-00005.gguf,blk.4.exp_probs_b.bias,256,F32,1024,"routing, norms and other weights",GPU configured,0,1024
deepseek,DeepSeek-V4-Flash-0731-UD-Q8_K_XL-00002-of-00005.gguf,blk.4.ffn_down_exps.weight,2048x4096x256,MXFP4,1140850688,routed experts,system RAM,26738688,26738688
deepseek,DeepSeek-V4-Flash-0731-UD-Q8_K_XL-00002-of-00005.gguf,blk.4.ffn_down_shexp.weight,2048x4096,BF16,16777216,shared experts and shared gate,GPU configured,0,16777216
deepseek,DeepSeek-V4-Flash-0731-UD-Q8_K_XL-00002-of-00005.gguf,blk.4.ffn_gate_exps.weight,4096x2048x256,MXFP4,1140850688,routed experts,system RAM,26738688,26738688
deepseek,DeepSeek-V4-Flash-0731-UD-Q8_K_XL-00002-of-00005.gguf,blk.4.ffn_gate_inp.weight,4096x256,BF16,2097152,"routing, norms and other weights",GPU configured,0,2097152
deepseek,DeepSeek-V4-Flash-0731-UD-Q8_K_XL-00002-of-00005.gguf,blk.4.ffn_gate_shexp.weight,4096x2048,BF16,16777216,shared experts and shared gate,GPU configured,0,16777216
deepseek,DeepSeek-V4-Flash-0731-UD-Q8_K_XL-00002-of-00005.gguf,blk.4.ffn_norm.weight,4096,F32,16384,"routing, norms and other weights",GPU configured,0,16384
deepseek,DeepSeek-V4-Flash-0731-UD-Q8_K_XL-00002-of-00005.gguf,blk.4.ffn_up_exps.weight,4096x2048x256,MXFP4,1140850688,routed experts,system RAM,26738688,26738688
deepseek,DeepSeek-V4-Flash-0731-UD-Q8_K_XL-00002-of-00005.gguf,blk.4.ffn_up_shexp.weight,4096x2048,BF16,16777216,shared experts and shared gate,GPU configured,0,16777216
deepseek,DeepSeek-V4-Flash-0731-UD-Q8_K_XL-00002-of-00005.gguf,blk.4.hc_attn_base.weight,24,F32,96,attention and recurrent state weights,GPU configured,0,96
deepseek,DeepSeek-V4-Flash-0731-UD-Q8_K_XL-00002-of-00005.gguf,blk.4.hc_attn_fn.weight,16384x24,F32,1572864,attention and recurrent state weights,GPU configured,0,1572864
deepseek,DeepSeek-V4-Flash-0731-UD-Q8_K_XL-00002-of-00005.gguf,blk.4.hc_attn_scale.weight,3,F32,12,attention and recurrent state weights,GPU configured,0,12
deepseek,DeepSeek-V4-Flash-0731-UD-Q8_K_XL-00002-of-00005.gguf,blk.4.hc_ffn_base.weight,24,F32,96,"routing, norms and other weights",GPU configured,0,96
deepseek,DeepSeek-V4-Flash-0731-UD-Q8_K_XL-00002-of-00005.gguf,blk.4.hc_ffn_fn.weight,16384x24,F32,1572864,"routing, norms and other weights",GPU configured,0,1572864
deepseek,DeepSeek-V4-Flash-0731-UD-Q8_K_XL-00002-of-00005.gguf,blk.4.hc_ffn_scale.weight,3,F32,12,"routing, norms and other weights",GPU configured,0,12
deepseek,DeepSeek-V4-Flash-0731-UD-Q8_K_XL-00002-of-00005.gguf,blk.4.indexer.attn_q_b.weight,1024x8192,BF16,16777216,attention and recurrent state weights,GPU configured,0,16777216
deepseek,DeepSeek-V4-Flash-0731-UD-Q8_K_XL-00002-of-00005.gguf,blk.4.indexer.proj.weight,4096x64,BF16,524288,attention and recurrent state weights,GPU configured,0,524288
deepseek,DeepSeek-V4-Flash-0731-UD-Q8_K_XL-00002-of-00005.gguf,blk.4.indexer_compressor_ape.weight,256x4,F32,4096,attention and recurrent state weights,GPU configured,0,4096
deepseek,DeepSeek-V4-Flash-0731-UD-Q8_K_XL-00002-of-00005.gguf,blk.4.indexer_compressor_gate.weight,4096x256,BF16,2097152,attention and recurrent state weights,GPU configured,0,2097152
deepseek,DeepSeek-V4-Flash-0731-UD-Q8_K_XL-00002-of-00005.gguf,blk.4.indexer_compressor_kv.weight,4096x256,BF16,2097152,attention and recurrent state weights,GPU configured,0,2097152
deepseek,DeepSeek-V4-Flash-0731-UD-Q8_K_XL-00002-of-00005.gguf,blk.4.indexer_compressor_norm.weight,128,F32,512,attention and recurrent state weights,GPU configured,0,512
deepseek,DeepSeek-V4-Flash-0731-UD-Q8_K_XL-00002-of-00005.gguf,blk.5.attn_compressor_ape.weight,512x128,F32,262144,attention and recurrent state weights,GPU configured,0,262144
deepseek,DeepSeek-V4-Flash-0731-UD-Q8_K_XL-00002-of-00005.gguf,blk.5.attn_compressor_gate.weight,4096x512,BF16,4194304,attention and recurrent state weights,GPU configured,0,4194304
deepseek,DeepSeek-V4-Flash-0731-UD-Q8_K_XL-00002-of-00005.gguf,blk.5.attn_compressor_kv.weight,4096x512,BF16,4194304,attention and recurrent state weights,GPU configured,0,4194304
deepseek,DeepSeek-V4-Flash-0731-UD-Q8_K_XL-00002-of-00005.gguf,blk.5.attn_compressor_norm.weight,512,F32,2048,attention and recurrent state weights,GPU configured,0,2048
deepseek,DeepSeek-V4-Flash-0731-UD-Q8_K_XL-00002-of-00005.gguf,blk.5.attn_kv.weight,4096x512,BF16,4194304,attention and recurrent state weights,GPU configured,0,4194304
deepseek,DeepSeek-V4-Flash-0731-UD-Q8_K_XL-00002-of-00005.gguf,blk.5.attn_kv_a_norm.weight,512,F32,2048,attention and recurrent state weights,GPU configured,0,2048
deepseek,DeepSeek-V4-Flash-0731-UD-Q8_K_XL-00002-of-00005.gguf,blk.5.attn_norm.weight,4096,F32,16384,attention and recurrent state weights,GPU configured,0,16384
deepseek,DeepSeek-V4-Flash-0731-UD-Q8_K_XL-00002-of-00005.gguf,blk.5.attn_output_a.weight,4096x8192,BF16,67108864,attention and recurrent state weights,GPU configured,0,67108864
deepseek,DeepSeek-V4-Flash-0731-UD-Q8_K_XL-00002-of-00005.gguf,blk.5.attn_output_b.weight,8192x4096,BF16,67108864,attention and recurrent state weights,GPU configured,0,67108864
deepseek,DeepSeek-V4-Flash-0731-UD-Q8_K_XL-00002-of-00005.gguf,blk.5.attn_q_a.weight,4096x1024,BF16,8388608,attention and recurrent state weights,GPU configured,0,8388608
deepseek,DeepSeek-V4-Flash-0731-UD-Q8_K_XL-00002-of-00005.gguf,blk.5.attn_q_a_norm.weight,1024,F32,4096,attention and recurrent state weights,GPU configured,0,4096
deepseek,DeepSeek-V4-Flash-0731-UD-Q8_K_XL-00002-of-00005.gguf,blk.5.attn_q_b.weight,1024x32768,BF16,67108864,attention and recurrent state weights,GPU configured,0,67108864
deepseek,DeepSeek-V4-Flash-0731-UD-Q8_K_XL-00002-of-00005.gguf,blk.5.attn_sinks.weight,64,F32,256,attention and recurrent state weights,GPU configured,0,256
deepseek,DeepSeek-V4-Flash-0731-UD-Q8_K_XL-00002-of-00005.gguf,blk.5.exp_probs_b.bias,256,F32,1024,"routing, norms and other weights",GPU configured,0,1024
deepseek,DeepSeek-V4-Flash-0731-UD-Q8_K_XL-00002-of-00005.gguf,blk.5.ffn_down_exps.weight,2048x4096x256,MXFP4,1140850688,routed experts,system RAM,26738688,26738688
deepseek,DeepSeek-V4-Flash-0731-UD-Q8_K_XL-00002-of-00005.gguf,blk.5.ffn_down_shexp.weight,2048x4096,BF16,16777216,shared experts and shared gate,GPU configured,0,16777216
deepseek,DeepSeek-V4-Flash-0731-UD-Q8_K_XL-00002-of-00005.gguf,blk.5.ffn_gate_exps.weight,4096x2048x256,MXFP4,1140850688,routed experts,system RAM,26738688,26738688
deepseek,DeepSeek-V4-Flash-0731-UD-Q8_K_XL-00002-of-00005.gguf,blk.5.ffn_gate_inp.weight,4096x256,BF16,2097152,"routing, norms and other weights",GPU configured,0,2097152
deepseek,DeepSeek-V4-Flash-0731-UD-Q8_K_XL-00002-of-00005.gguf,blk.5.ffn_gate_shexp.weight,4096x2048,BF16,16777216,shared experts and shared gate,GPU configured,0,16777216
deepseek,DeepSeek-V4-Flash-0731-UD-Q8_K_XL-00002-of-00005.gguf,blk.5.ffn_norm.weight,4096,F32,16384,"routing, norms and other weights",GPU configured,0,16384
deepseek,DeepSeek-V4-Flash-0731-UD-Q8_K_XL-00002-of-00005.gguf,blk.5.ffn_up_exps.weight,4096x2048x256,MXFP4,1140850688,routed experts,system RAM,26738688,26738688
deepseek,DeepSeek-V4-Flash-0731-UD-Q8_K_XL-00002-of-00005.gguf,blk.5.ffn_up_shexp.weight,4096x2048,BF16,16777216,shared experts and shared gate,GPU configured,0,16777216
deepseek,DeepSeek-V4-Flash-0731-UD-Q8_K_XL-00002-of-00005.gguf,blk.5.hc_attn_base.weight,24,F32,96,attention and recurrent state weights,GPU configured,0,96
deepseek,DeepSeek-V4-Flash-0731-UD-Q8_K_XL-00002-of-00005.gguf,blk.5.hc_attn_fn.weight,16384x24,F32,1572864,attention and recurrent state weights,GPU configured,0,1572864
deepseek,DeepSeek-V4-Flash-0731-UD-Q8_K_XL-00002-of-00005.gguf,blk.5.hc_attn_scale.weight,3,F32,12,attention and recurrent state weights,GPU configured,0,12
deepseek,DeepSeek-V4-Flash-0731-UD-Q8_K_XL-00002-of-00005.gguf,blk.5.hc_ffn_base.weight,24,F32,96,"routing, norms and other weights",GPU configured,0,96
deepseek,DeepSeek-V4-Flash-0731-UD-Q8_K_XL-00002-of-00005.gguf,blk.5.hc_ffn_fn.weight,16384x24,F32,1572864,"routing, norms and other weights",GPU configured,0,1572864
deepseek,DeepSeek-V4-Flash-0731-UD-Q8_K_XL-00002-of-00005.gguf,blk.5.hc_ffn_scale.weight,3,F32,12,"routing, norms and other weights",GPU configured,0,12
deepseek,DeepSeek-V4-Flash-0731-UD-Q8_K_XL-00002-of-00005.gguf,blk.6.attn_compressor_ape.weight,1024x4,F32,16384,attention and recurrent state weights,GPU configured,0,16384
deepseek,DeepSeek-V4-Flash-0731-UD-Q8_K_XL-00002-of-00005.gguf,blk.6.attn_compressor_gate.weight,4096x1024,BF16,8388608,attention and recurrent state weights,GPU configured,0,8388608
deepseek,DeepSeek-V4-Flash-0731-UD-Q8_K_XL-00002-of-00005.gguf,blk.6.attn_compressor_kv.weight,4096x1024,BF16,8388608,attention and recurrent state weights,GPU configured,0,8388608
deepseek,DeepSeek-V4-Flash-0731-UD-Q8_K_XL-00002-of-00005.gguf,blk.6.attn_compressor_norm.weight,512,F32,2048,attention and recurrent state weights,GPU configured,0,2048
deepseek,DeepSeek-V4-Flash-0731-UD-Q8_K_XL-00002-of-00005.gguf,blk.6.attn_kv.weight,4096x512,BF16,4194304,attention and recurrent state weights,GPU configured,0,4194304
deepseek,DeepSeek-V4-Flash-0731-UD-Q8_K_XL-00002-of-00005.gguf,blk.6.attn_kv_a_norm.weight,512,F32,2048,attention and recurrent state weights,GPU configured,0,2048
deepseek,DeepSeek-V4-Flash-0731-UD-Q8_K_XL-00002-of-00005.gguf,blk.6.attn_norm.weight,4096,F32,16384,attention and recurrent state weights,GPU configured,0,16384
deepseek,DeepSeek-V4-Flash-0731-UD-Q8_K_XL-00002-of-00005.gguf,blk.6.attn_output_a.weight,4096x8192,BF16,67108864,attention and recurrent state weights,GPU configured,0,67108864
deepseek,DeepSeek-V4-Flash-0731-UD-Q8_K_XL-00002-of-00005.gguf,blk.6.attn_output_b.weight,8192x4096,BF16,67108864,attention and recurrent state weights,GPU configured,0,67108864
deepseek,DeepSeek-V4-Flash-0731-UD-Q8_K_XL-00002-of-00005.gguf,blk.6.attn_q_a.weight,4096x1024,BF16,8388608,attention and recurrent state weights,GPU configured,0,8388608
deepseek,DeepSeek-V4-Flash-0731-UD-Q8_K_XL-00002-of-00005.gguf,blk.6.attn_q_a_norm.weight,1024,F32,4096,attention and recurrent state weights,GPU configured,0,4096
deepseek,DeepSeek-V4-Flash-0731-UD-Q8_K_XL-00002-of-00005.gguf,blk.6.attn_q_b.weight,1024x32768,BF16,67108864,attention and recurrent state weights,GPU configured,0,67108864
deepseek,DeepSeek-V4-Flash-0731-UD-Q8_K_XL-00002-of-00005.gguf,blk.6.attn_sinks.weight,64,F32,256,attention and recurrent state weights,GPU configured,0,256
deepseek,DeepSeek-V4-Flash-0731-UD-Q8_K_XL-00002-of-00005.gguf,blk.6.exp_probs_b.bias,256,F32,1024,"routing, norms and other weights",GPU configured,0,1024
deepseek,DeepSeek-V4-Flash-0731-UD-Q8_K_XL-00002-of-00005.gguf,blk.6.ffn_down_exps.weight,2048x4096x256,MXFP4,1140850688,routed experts,system RAM,26738688,26738688
deepseek,DeepSeek-V4-Flash-0731-UD-Q8_K_XL-00002-of-00005.gguf,blk.6.ffn_down_shexp.weight,2048x4096,BF16,16777216,shared experts and shared gate,GPU configured,0,16777216
deepseek,DeepSeek-V4-Flash-0731-UD-Q8_K_XL-00002-of-00005.gguf,blk.6.ffn_gate_exps.weight,4096x2048x256,MXFP4,1140850688,routed experts,system RAM,26738688,26738688
deepseek,DeepSeek-V4-Flash-0731-UD-Q8_K_XL-00002-of-00005.gguf,blk.6.ffn_gate_inp.weight,4096x256,BF16,2097152,"routing, norms and other weights",GPU configured,0,2097152
deepseek,DeepSeek-V4-Flash-0731-UD-Q8_K_XL-00002-of-00005.gguf,blk.6.ffn_gate_shexp.weight,4096x2048,BF16,16777216,shared experts and shared gate,GPU configured,0,16777216
deepseek,DeepSeek-V4-Flash-0731-UD-Q8_K_XL-00002-of-00005.gguf,blk.6.ffn_norm.weight,4096,F32,16384,"routing, norms and other weights",GPU configured,0,16384
deepseek,DeepSeek-V4-Flash-0731-UD-Q8_K_XL-00002-of-00005.gguf,blk.6.ffn_up_exps.weight,4096x2048x256,MXFP4,1140850688,routed experts,system RAM,26738688,26738688
deepseek,DeepSeek-V4-Flash-0731-UD-Q8_K_XL-00002-of-00005.gguf,blk.6.ffn_up_shexp.weight,4096x2048,BF16,16777216,shared experts and shared gate,GPU configured,0,16777216
deepseek,DeepSeek-V4-Flash-0731-UD-Q8_K_XL-00002-of-00005.gguf,blk.6.hc_attn_base.weight,24,F32,96,attention and recurrent state weights,GPU configured,0,96
deepseek,DeepSeek-V4-Flash-0731-UD-Q8_K_XL-00002-of-00005.gguf,blk.6.hc_attn_fn.weight,16384x24,F32,1572864,attention and recurrent state weights,GPU configured,0,1572864
deepseek,DeepSeek-V4-Flash-0731-UD-Q8_K_XL-00002-of-00005.gguf,blk.6.hc_attn_scale.weight,3,F32,12,attention and recurrent state weights,GPU configured,0,12
deepseek,DeepSeek-V4-Flash-0731-UD-Q8_K_XL-00002-of-00005.gguf,blk.6.hc_ffn_base.weight,24,F32,96,"routing, norms and other weights",GPU configured,0,96
deepseek,DeepSeek-V4-Flash-0731-UD-Q8_K_XL-00002-of-00005.gguf,blk.6.hc_ffn_fn.weight,16384x24,F32,1572864,"routing, norms and other weights",GPU configured,0,1572864
deepseek,DeepSeek-V4-Flash-0731-UD-Q8_K_XL-00002-of-00005.gguf,blk.6.hc_ffn_scale.weight,3,F32,12,"routing, norms and other weights",GPU configured,0,12
deepseek,DeepSeek-V4-Flash-0731-UD-Q8_K_XL-00002-of-00005.gguf,blk.6.indexer.attn_q_b.weight,1024x8192,BF16,16777216,attention and recurrent state weights,GPU configured,0,16777216
deepseek,DeepSeek-V4-Flash-0731-UD-Q8_K_XL-00002-of-00005.gguf,blk.6.indexer.proj.weight,4096x64,BF16,524288,attention and recurrent state weights,GPU configured,0,524288
deepseek,DeepSeek-V4-Flash-0731-UD-Q8_K_XL-00002-of-00005.gguf,blk.6.indexer_compressor_ape.weight,256x4,F32,4096,attention and recurrent state weights,GPU configured,0,4096
deepseek,DeepSeek-V4-Flash-0731-UD-Q8_K_XL-00002-of-00005.gguf,blk.6.indexer_compressor_gate.weight,4096x256,BF16,2097152,attention and recurrent state weights,GPU configured,0,2097152
deepseek,DeepSeek-V4-Flash-0731-UD-Q8_K_XL-00002-of-00005.gguf,blk.6.indexer_compressor_kv.weight,4096x256,BF16,2097152,attention and recurrent state weights,GPU configured,0,2097152
deepseek,DeepSeek-V4-Flash-0731-UD-Q8_K_XL-00002-of-00005.gguf,blk.6.indexer_compressor_norm.weight,128,F32,512,attention and recurrent state weights,GPU configured,0,512
deepseek,DeepSeek-V4-Flash-0731-UD-Q8_K_XL-00002-of-00005.gguf,blk.7.attn_compressor_ape.weight,512x128,F32,262144,attention and recurrent state weights,GPU configured,0,262144
deepseek,DeepSeek-V4-Flash-0731-UD-Q8_K_XL-00002-of-00005.gguf,blk.7.attn_compressor_gate.weight,4096x512,BF16,4194304,attention and recurrent state weights,GPU configured,0,4194304
deepseek,DeepSeek-V4-Flash-0731-UD-Q8_K_XL-00002-of-00005.gguf,blk.7.attn_compressor_kv.weight,4096x512,BF16,4194304,attention and recurrent state weights,GPU configured,0,4194304
deepseek,DeepSeek-V4-Flash-0731-UD-Q8_K_XL-00002-of-00005.gguf,blk.7.attn_compressor_norm.weight,512,F32,2048,attention and recurrent state weights,GPU configured,0,2048
deepseek,DeepSeek-V4-Flash-0731-UD-Q8_K_XL-00002-of-00005.gguf,blk.7.attn_kv.weight,4096x512,BF16,4194304,attention and recurrent state weights,GPU configured,0,4194304
deepseek,DeepSeek-V4-Flash-0731-UD-Q8_K_XL-00002-of-00005.gguf,blk.7.attn_kv_a_norm.weight,512,F32,2048,attention and recurrent state weights,GPU configured,0,2048
deepseek,DeepSeek-V4-Flash-0731-UD-Q8_K_XL-00002-of-00005.gguf,blk.7.attn_norm.weight,4096,F32,16384,attention and recurrent state weights,GPU configured,0,16384
deepseek,DeepSeek-V4-Flash-0731-UD-Q8_K_XL-00002-of-00005.gguf,blk.7.attn_output_a.weight,4096x8192,BF16,67108864,attention and recurrent state weights,GPU configured,0,67108864
deepseek,DeepSeek-V4-Flash-0731-UD-Q8_K_XL-00002-of-00005.gguf,blk.7.attn_output_b.weight,8192x4096,BF16,67108864,attention and recurrent state weights,GPU configured,0,67108864
deepseek,DeepSeek-V4-Flash-0731-UD-Q8_K_XL-00002-of-00005.gguf,blk.7.attn_q_a.weight,4096x1024,BF16,8388608,attention and recurrent state weights,GPU configured,0,8388608
deepseek,DeepSeek-V4-Flash-0731-UD-Q8_K_XL-00002-of-00005.gguf,blk.7.attn_q_a_norm.weight,1024,F32,4096,attention and recurrent state weights,GPU configured,0,4096
deepseek,DeepSeek-V4-Flash-0731-UD-Q8_K_XL-00002-of-00005.gguf,blk.7.attn_q_b.weight,1024x32768,BF16,67108864,attention and recurrent state weights,GPU configured,0,67108864
deepseek,DeepSeek-V4-Flash-0731-UD-Q8_K_XL-00002-of-00005.gguf,blk.7.attn_sinks.weight,64,F32,256,attention and recurrent state weights,GPU configured,0,256
deepseek,DeepSeek-V4-Flash-0731-UD-Q8_K_XL-00002-of-00005.gguf,blk.7.exp_probs_b.bias,256,F32,1024,"routing, norms and other weights",GPU configured,0,1024
deepseek,DeepSeek-V4-Flash-0731-UD-Q8_K_XL-00002-of-00005.gguf,blk.7.ffn_down_exps.weight,2048x4096x256,MXFP4,1140850688,routed experts,system RAM,26738688,26738688
deepseek,DeepSeek-V4-Flash-0731-UD-Q8_K_XL-00002-of-00005.gguf,blk.7.ffn_down_shexp.weight,2048x4096,BF16,16777216,shared experts and shared gate,GPU configured,0,16777216
deepseek,DeepSeek-V4-Flash-0731-UD-Q8_K_XL-00002-of-00005.gguf,blk.7.ffn_gate_exps.weight,4096x2048x256,MXFP4,1140850688,routed experts,system RAM,26738688,26738688
deepseek,DeepSeek-V4-Flash-0731-UD-Q8_K_XL-00002-of-00005.gguf,blk.7.ffn_gate_inp.weight,4096x256,BF16,2097152,"routing, norms and other weights",GPU configured,0,2097152
deepseek,DeepSeek-V4-Flash-0731-UD-Q8_K_XL-00002-of-00005.gguf,blk.7.ffn_gate_shexp.weight,4096x2048,BF16,16777216,shared experts and shared gate,GPU configured,0,16777216
deepseek,DeepSeek-V4-Flash-0731-UD-Q8_K_XL-00002-of-00005.gguf,blk.7.ffn_norm.weight,4096,F32,16384,"routing, norms and other weights",GPU configured,0,16384
deepseek,DeepSeek-V4-Flash-0731-UD-Q8_K_XL-00002-of-00005.gguf,blk.7.ffn_up_exps.weight,4096x2048x256,MXFP4,1140850688,routed experts,system RAM,26738688,26738688
deepseek,DeepSeek-V4-Flash-0731-UD-Q8_K_XL-00002-of-00005.gguf,blk.7.ffn_up_shexp.weight,4096x2048,BF16,16777216,shared experts and shared gate,GPU configured,0,16777216
deepseek,DeepSeek-V4-Flash-0731-UD-Q8_K_XL-00002-of-00005.gguf,blk.7.hc_attn_base.weight,24,F32,96,attention and recurrent state weights,GPU configured,0,96
deepseek,DeepSeek-V4-Flash-0731-UD-Q8_K_XL-00002-of-00005.gguf,blk.7.hc_attn_fn.weight,16384x24,F32,1572864,attention and recurrent state weights,GPU configured,0,1572864
deepseek,DeepSeek-V4-Flash-0731-UD-Q8_K_XL-00002-of-00005.gguf,blk.7.hc_attn_scale.weight,3,F32,12,attention and recurrent state weights,GPU configured,0,12
deepseek,DeepSeek-V4-Flash-0731-UD-Q8_K_XL-00002-of-00005.gguf,blk.7.hc_ffn_base.weight,24,F32,96,"routing, norms and other weights",GPU configured,0,96
deepseek,DeepSeek-V4-Flash-0731-UD-Q8_K_XL-00002-of-00005.gguf,blk.7.hc_ffn_fn.weight,16384x24,F32,1572864,"routing, norms and other weights",GPU configured,0,1572864
deepseek,DeepSeek-V4-Flash-0731-UD-Q8_K_XL-00002-of-00005.gguf,blk.7.hc_ffn_scale.weight,3,F32,12,"routing, norms and other weights",GPU configured,0,12
deepseek,DeepSeek-V4-Flash-0731-UD-Q8_K_XL-00002-of-00005.gguf,blk.8.attn_compressor_ape.weight,1024x4,F32,16384,attention and recurrent state weights,GPU configured,0,16384
deepseek,DeepSeek-V4-Flash-0731-UD-Q8_K_XL-00002-of-00005.gguf,blk.8.attn_compressor_gate.weight,4096x1024,BF16,8388608,attention and recurrent state weights,GPU configured,0,8388608
deepseek,DeepSeek-V4-Flash-0731-UD-Q8_K_XL-00002-of-00005.gguf,blk.8.attn_compressor_kv.weight,4096x1024,BF16,8388608,attention and recurrent state weights,GPU configured,0,8388608
deepseek,DeepSeek-V4-Flash-0731-UD-Q8_K_XL-00002-of-00005.gguf,blk.8.attn_compressor_norm.weight,512,F32,2048,attention and recurrent state weights,GPU configured,0,2048
deepseek,DeepSeek-V4-Flash-0731-UD-Q8_K_XL-00002-of-00005.gguf,blk.8.attn_kv.weight,4096x512,BF16,4194304,attention and recurrent state weights,GPU configured,0,4194304
deepseek,DeepSeek-V4-Flash-0731-UD-Q8_K_XL-00002-of-00005.gguf,blk.8.attn_kv_a_norm.weight,512,F32,2048,attention and recurrent state weights,GPU configured,0,2048
deepseek,DeepSeek-V4-Flash-0731-UD-Q8_K_XL-00002-of-00005.gguf,blk.8.attn_norm.weight,4096,F32,16384,attention and recurrent state weights,GPU configured,0,16384
deepseek,DeepSeek-V4-Flash-0731-UD-Q8_K_XL-00002-of-00005.gguf,blk.8.attn_output_a.weight,4096x8192,BF16,67108864,attention and recurrent state weights,GPU configured,0,67108864
deepseek,DeepSeek-V4-Flash-0731-UD-Q8_K_XL-00002-of-00005.gguf,blk.8.attn_output_b.weight,8192x4096,BF16,67108864,attention and recurrent state weights,GPU configured,0,67108864
deepseek,DeepSeek-V4-Flash-0731-UD-Q8_K_XL-00002-of-00005.gguf,blk.8.attn_q_a.weight,4096x1024,BF16,8388608,attention and recurrent state weights,GPU configured,0,8388608
deepseek,DeepSeek-V4-Flash-0731-UD-Q8_K_XL-00002-of-00005.gguf,blk.8.attn_q_a_norm.weight,1024,F32,4096,attention and recurrent state weights,GPU configured,0,4096
deepseek,DeepSeek-V4-Flash-0731-UD-Q8_K_XL-00002-of-00005.gguf,blk.8.attn_q_b.weight,1024x32768,BF16,67108864,attention and recurrent state weights,GPU configured,0,67108864
deepseek,DeepSeek-V4-Flash-0731-UD-Q8_K_XL-00002-of-00005.gguf,blk.8.attn_sinks.weight,64,F32,256,attention and recurrent state weights,GPU configured,0,256
deepseek,DeepSeek-V4-Flash-0731-UD-Q8_K_XL-00002-of-00005.gguf,blk.8.exp_probs_b.bias,256,F32,1024,"routing, norms and other weights",GPU configured,0,1024
deepseek,DeepSeek-V4-Flash-0731-UD-Q8_K_XL-00002-of-00005.gguf,blk.8.ffn_down_exps.weight,2048x4096x256,MXFP4,1140850688,routed experts,system RAM,26738688,26738688
deepseek,DeepSeek-V4-Flash-0731-UD-Q8_K_XL-00002-of-00005.gguf,blk.8.ffn_down_shexp.weight,2048x4096,BF16,16777216,shared experts and shared gate,GPU configured,0,16777216
deepseek,DeepSeek-V4-Flash-0731-UD-Q8_K_XL-00002-of-00005.gguf,blk.8.ffn_gate_exps.weight,4096x2048x256,MXFP4,1140850688,routed experts,system RAM,26738688,26738688
deepseek,DeepSeek-V4-Flash-0731-UD-Q8_K_XL-00002-of-00005.gguf,blk.8.ffn_gate_inp.weight,4096x256,BF16,2097152,"routing, norms and other weights",GPU configured,0,2097152
deepseek,DeepSeek-V4-Flash-0731-UD-Q8_K_XL-00002-of-00005.gguf,blk.8.ffn_gate_shexp.weight,4096x2048,BF16,16777216,shared experts and shared gate,GPU configured,0,16777216
deepseek,DeepSeek-V4-Flash-0731-UD-Q8_K_XL-00002-of-00005.gguf,blk.8.ffn_norm.weight,4096,F32,16384,"routing, norms and other weights",GPU configured,0,16384
deepseek,DeepSeek-V4-Flash-0731-UD-Q8_K_XL-00002-of-00005.gguf,blk.8.ffn_up_exps.weight,4096x2048x256,MXFP4,1140850688,routed experts,system RAM,26738688,26738688
deepseek,DeepSeek-V4-Flash-0731-UD-Q8_K_XL-00002-of-00005.gguf,blk.8.ffn_up_shexp.weight,4096x2048,BF16,16777216,shared experts and shared gate,GPU configured,0,16777216
deepseek,DeepSeek-V4-Flash-0731-UD-Q8_K_XL-00002-of-00005.gguf,blk.8.hc_attn_base.weight,24,F32,96,attention and recurrent state weights,GPU configured,0,96
deepseek,DeepSeek-V4-Flash-0731-UD-Q8_K_XL-00002-of-00005.gguf,blk.8.hc_attn_fn.weight,16384x24,F32,1572864,attention and recurrent state weights,GPU configured,0,1572864
deepseek,DeepSeek-V4-Flash-0731-UD-Q8_K_XL-00002-of-00005.gguf,blk.8.hc_attn_scale.weight,3,F32,12,attention and recurrent state weights,GPU configured,0,12
deepseek,DeepSeek-V4-Flash-0731-UD-Q8_K_XL-00002-of-00005.gguf,blk.8.hc_ffn_base.weight,24,F32,96,"routing, norms and other weights",GPU configured,0,96
deepseek,DeepSeek-V4-Flash-0731-UD-Q8_K_XL-00002-of-00005.gguf,blk.8.hc_ffn_fn.weight,16384x24,F32,1572864,"routing, norms and other weights",GPU configured,0,1572864
deepseek,DeepSeek-V4-Flash-0731-UD-Q8_K_XL-00002-of-00005.gguf,blk.8.hc_ffn_scale.weight,3,F32,12,"routing, norms and other weights",GPU configured,0,12
deepseek,DeepSeek-V4-Flash-0731-UD-Q8_K_XL-00002-of-00005.gguf,blk.8.indexer.attn_q_b.weight,1024x8192,BF16,16777216,attention and recurrent state weights,GPU configured,0,16777216
deepseek,DeepSeek-V4-Flash-0731-UD-Q8_K_XL-00002-of-00005.gguf,blk.8.indexer.proj.weight,4096x64,BF16,524288,attention and recurrent state weights,GPU configured,0,524288
deepseek,DeepSeek-V4-Flash-0731-UD-Q8_K_XL-00002-of-00005.gguf,blk.8.indexer_compressor_ape.weight,256x4,F32,4096,attention and recurrent state weights,GPU configured,0,4096
deepseek,DeepSeek-V4-Flash-0731-UD-Q8_K_XL-00002-of-00005.gguf,blk.8.indexer_compressor_gate.weight,4096x256,BF16,2097152,attention and recurrent state weights,GPU configured,0,2097152
deepseek,DeepSeek-V4-Flash-0731-UD-Q8_K_XL-00002-of-00005.gguf,blk.8.indexer_compressor_kv.weight,4096x256,BF16,2097152,attention and recurrent state weights,GPU configured,0,2097152
deepseek,DeepSeek-V4-Flash-0731-UD-Q8_K_XL-00002-of-00005.gguf,blk.8.indexer_compressor_norm.weight,128,F32,512,attention and recurrent state weights,GPU configured,0,512
deepseek,DeepSeek-V4-Flash-0731-UD-Q8_K_XL-00002-of-00005.gguf,blk.9.attn_compressor_ape.weight,512x128,F32,262144,attention and recurrent state weights,GPU configured,0,262144
deepseek,DeepSeek-V4-Flash-0731-UD-Q8_K_XL-00002-of-00005.gguf,blk.9.attn_compressor_gate.weight,4096x512,BF16,4194304,attention and recurrent state weights,GPU configured,0,4194304
deepseek,DeepSeek-V4-Flash-0731-UD-Q8_K_XL-00002-of-00005.gguf,blk.9.attn_compressor_kv.weight,4096x512,BF16,4194304,attention and recurrent state weights,GPU configured,0,4194304
deepseek,DeepSeek-V4-Flash-0731-UD-Q8_K_XL-00002-of-00005.gguf,blk.9.attn_compressor_norm.weight,512,F32,2048,attention and recurrent state weights,GPU configured,0,2048
deepseek,DeepSeek-V4-Flash-0731-UD-Q8_K_XL-00002-of-00005.gguf,blk.9.attn_kv.weight,4096x512,BF16,4194304,attention and recurrent state weights,GPU configured,0,4194304
deepseek,DeepSeek-V4-Flash-0731-UD-Q8_K_XL-00002-of-00005.gguf,blk.9.attn_kv_a_norm.weight,512,F32,2048,attention and recurrent state weights,GPU configured,0,2048
deepseek,DeepSeek-V4-Flash-0731-UD-Q8_K_XL-00002-of-00005.gguf,blk.9.attn_norm.weight,4096,F32,16384,attention and recurrent state weights,GPU configured,0,16384
deepseek,DeepSeek-V4-Flash-0731-UD-Q8_K_XL-00002-of-00005.gguf,blk.9.attn_output_a.weight,4096x8192,BF16,67108864,attention and recurrent state weights,GPU configured,0,67108864
deepseek,DeepSeek-V4-Flash-0731-UD-Q8_K_XL-00002-of-00005.gguf,blk.9.attn_output_b.weight,8192x4096,BF16,67108864,attention and recurrent state weights,GPU configured,0,67108864
deepseek,DeepSeek-V4-Flash-0731-UD-Q8_K_XL-00002-of-00005.gguf,blk.9.attn_q_a.weight,4096x1024,BF16,8388608,attention and recurrent state weights,GPU configured,0,8388608
deepseek,DeepSeek-V4-Flash-0731-UD-Q8_K_XL-00002-of-00005.gguf,blk.9.attn_q_a_norm.weight,1024,F32,4096,attention and recurrent state weights,GPU configured,0,4096
deepseek,DeepSeek-V4-Flash-0731-UD-Q8_K_XL-00002-of-00005.gguf,blk.9.attn_q_b.weight,1024x32768,BF16,67108864,attention and recurrent state weights,GPU configured,0,67108864
deepseek,DeepSeek-V4-Flash-0731-UD-Q8_K_XL-00002-of-00005.gguf,blk.9.attn_sinks.weight,64,F32,256,attention and recurrent state weights,GPU configured,0,256
deepseek,DeepSeek-V4-Flash-0731-UD-Q8_K_XL-00002-of-00005.gguf,blk.9.exp_probs_b.bias,256,F32,1024,"routing, norms and other weights",GPU configured,0,1024
deepseek,DeepSeek-V4-Flash-0731-UD-Q8_K_XL-00002-of-00005.gguf,blk.9.ffn_down_exps.weight,2048x4096x256,MXFP4,1140850688,routed experts,system RAM,26738688,26738688
deepseek,DeepSeek-V4-Flash-0731-UD-Q8_K_XL-00002-of-00005.gguf,blk.9.ffn_down_shexp.weight,2048x4096,BF16,16777216,shared experts and shared gate,GPU configured,0,16777216
deepseek,DeepSeek-V4-Flash-0731-UD-Q8_K_XL-00002-of-00005.gguf,blk.9.ffn_gate_exps.weight,4096x2048x256,MXFP4,1140850688,routed experts,system RAM,26738688,26738688
deepseek,DeepSeek-V4-Flash-0731-UD-Q8_K_XL-00002-of-00005.gguf,blk.9.ffn_gate_inp.weight,4096x256,BF16,2097152,"routing, norms and other weights",GPU configured,0,2097152
deepseek,DeepSeek-V4-Flash-0731-UD-Q8_K_XL-00002-of-00005.gguf,blk.9.ffn_gate_shexp.weight,4096x2048,BF16,16777216,shared experts and shared gate,GPU configured,0,16777216
deepseek,DeepSeek-V4-Flash-0731-UD-Q8_K_XL-00002-of-00005.gguf,blk.9.ffn_norm.weight,4096,F32,16384,"routing, norms and other weights",GPU configured,0,16384
deepseek,DeepSeek-V4-Flash-0731-UD-Q8_K_XL-00002-of-00005.gguf,blk.9.ffn_up_exps.weight,4096x2048x256,MXFP4,1140850688,routed experts,system RAM,26738688,26738688
deepseek,DeepSeek-V4-Flash-0731-UD-Q8_K_XL-00002-of-00005.gguf,blk.9.ffn_up_shexp.weight,4096x2048,BF16,16777216,shared experts and shared gate,GPU configured,0,16777216
deepseek,DeepSeek-V4-Flash-0731-UD-Q8_K_XL-00002-of-00005.gguf,blk.9.hc_attn_base.weight,24,F32,96,attention and recurrent state weights,GPU configured,0,96
deepseek,DeepSeek-V4-Flash-0731-UD-Q8_K_XL-00002-of-00005.gguf,blk.9.hc_attn_fn.weight,16384x24,F32,1572864,attention and recurrent state weights,GPU configured,0,1572864
deepseek,DeepSeek-V4-Flash-0731-UD-Q8_K_XL-00002-of-00005.gguf,blk.9.hc_attn_scale.weight,3,F32,12,attention and recurrent state weights,GPU configured,0,12
deepseek,DeepSeek-V4-Flash-0731-UD-Q8_K_XL-00002-of-00005.gguf,blk.9.hc_ffn_base.weight,24,F32,96,"routing, norms and other weights",GPU configured,0,96
deepseek,DeepSeek-V4-Flash-0731-UD-Q8_K_XL-00002-of-00005.gguf,blk.9.hc_ffn_fn.weight,16384x24,F32,1572864,"routing, norms and other weights",GPU configured,0,1572864
deepseek,DeepSeek-V4-Flash-0731-UD-Q8_K_XL-00002-of-00005.gguf,blk.9.hc_ffn_scale.weight,3,F32,12,"routing, norms and other weights",GPU configured,0,12
deepseek,DeepSeek-V4-Flash-0731-UD-Q8_K_XL-00002-of-00005.gguf,blk.10.attn_compressor_ape.weight,1024x4,F32,16384,attention and recurrent state weights,GPU configured,0,16384
deepseek,DeepSeek-V4-Flash-0731-UD-Q8_K_XL-00002-of-00005.gguf,blk.10.attn_compressor_gate.weight,4096x1024,BF16,8388608,attention and recurrent state weights,GPU configured,0,8388608
deepseek,DeepSeek-V4-Flash-0731-UD-Q8_K_XL-00002-of-00005.gguf,blk.10.attn_compressor_kv.weight,4096x1024,BF16,8388608,attention and recurrent state weights,GPU configured,0,8388608
deepseek,DeepSeek-V4-Flash-0731-UD-Q8_K_XL-00002-of-00005.gguf,blk.10.attn_compressor_norm.weight,512,F32,2048,attention and recurrent state weights,GPU configured,0,2048
deepseek,DeepSeek-V4-Flash-0731-UD-Q8_K_XL-00002-of-00005.gguf,blk.10.attn_kv.weight,4096x512,BF16,4194304,attention and recurrent state weights,GPU configured,0,4194304
deepseek,DeepSeek-V4-Flash-0731-UD-Q8_K_XL-00002-of-00005.gguf,blk.10.attn_kv_a_norm.weight,512,F32,2048,attention and recurrent state weights,GPU configured,0,2048
deepseek,DeepSeek-V4-Flash-0731-UD-Q8_K_XL-00002-of-00005.gguf,blk.10.attn_norm.weight,4096,F32,16384,attention and recurrent state weights,GPU configured,0,16384
deepseek,DeepSeek-V4-Flash-0731-UD-Q8_K_XL-00002-of-00005.gguf,blk.10.attn_output_a.weight,4096x8192,BF16,67108864,attention and recurrent state weights,GPU configured,0,67108864
deepseek,DeepSeek-V4-Flash-0731-UD-Q8_K_XL-00002-of-00005.gguf,blk.10.attn_output_b.weight,8192x4096,BF16,67108864,attention and recurrent state weights,GPU configured,0,67108864
deepseek,DeepSeek-V4-Flash-0731-UD-Q8_K_XL-00002-of-00005.gguf,blk.10.attn_q_a.weight,4096x1024,BF16,8388608,attention and recurrent state weights,GPU configured,0,8388608
deepseek,DeepSeek-V4-Flash-0731-UD-Q8_K_XL-00002-of-00005.gguf,blk.10.attn_q_a_norm.weight,1024,F32,4096,attention and recurrent state weights,GPU configured,0,4096
deepseek,DeepSeek-V4-Flash-0731-UD-Q8_K_XL-00002-of-00005.gguf,blk.10.attn_q_b.weight,1024x32768,BF16,67108864,attention and recurrent state weights,GPU configured,0,67108864
deepseek,DeepSeek-V4-Flash-0731-UD-Q8_K_XL-00002-of-00005.gguf,blk.10.attn_sinks.weight,64,F32,256,attention and recurrent state weights,GPU configured,0,256
deepseek,DeepSeek-V4-Flash-0731-UD-Q8_K_XL-00002-of-00005.gguf,blk.10.exp_probs_b.bias,256,F32,1024,"routing, norms and other weights",GPU configured,0,1024
deepseek,DeepSeek-V4-Flash-0731-UD-Q8_K_XL-00002-of-00005.gguf,blk.10.ffn_down_exps.weight,2048x4096x256,MXFP4,1140850688,routed experts,system RAM,26738688,26738688
deepseek,DeepSeek-V4-Flash-0731-UD-Q8_K_XL-00002-of-00005.gguf,blk.10.ffn_down_shexp.weight,2048x4096,BF16,16777216,shared experts and shared gate,GPU configured,0,16777216
deepseek,DeepSeek-V4-Flash-0731-UD-Q8_K_XL-00002-of-00005.gguf,blk.10.ffn_gate_exps.weight,4096x2048x256,MXFP4,1140850688,routed experts,system RAM,26738688,26738688
deepseek,DeepSeek-V4-Flash-0731-UD-Q8_K_XL-00002-of-00005.gguf,blk.10.ffn_gate_inp.weight,4096x256,BF16,2097152,"routing, norms and other weights",GPU configured,0,2097152
deepseek,DeepSeek-V4-Flash-0731-UD-Q8_K_XL-00002-of-00005.gguf,blk.10.ffn_gate_shexp.weight,4096x2048,BF16,16777216,shared experts and shared gate,GPU configured,0,16777216
deepseek,DeepSeek-V4-Flash-0731-UD-Q8_K_XL-00002-of-00005.gguf,blk.10.ffn_norm.weight,4096,F32,16384,"routing, norms and other weights",GPU configured,0,16384
deepseek,DeepSeek-V4-Flash-0731-UD-Q8_K_XL-00002-of-00005.gguf,blk.10.ffn_up_exps.weight,4096x2048x256,MXFP4,1140850688,routed experts,system RAM,26738688,26738688
deepseek,DeepSeek-V4-Flash-0731-UD-Q8_K_XL-00002-of-00005.gguf,blk.10.ffn_up_shexp.weight,4096x2048,BF16,16777216,shared experts and shared gate,GPU configured,0,16777216
deepseek,DeepSeek-V4-Flash-0731-UD-Q8_K_XL-00002-of-00005.gguf,blk.10.hc_attn_base.weight,24,F32,96,attention and recurrent state weights,GPU configured,0,96
deepseek,DeepSeek-V4-Flash-0731-UD-Q8_K_XL-00002-of-00005.gguf,blk.10.hc_attn_fn.weight,16384x24,F32,1572864,attention and recurrent state weights,GPU configured,0,1572864
deepseek,DeepSeek-V4-Flash-0731-UD-Q8_K_XL-00002-of-00005.gguf,blk.10.hc_attn_scale.weight,3,F32,12,attention and recurrent state weights,GPU configured,0,12
deepseek,DeepSeek-V4-Flash-0731-UD-Q8_K_XL-00002-of-00005.gguf,blk.10.hc_ffn_base.weight,24,F32,96,"routing, norms and other weights",GPU configured,0,96
deepseek,DeepSeek-V4-Flash-0731-UD-Q8_K_XL-00002-of-00005.gguf,blk.10.hc_ffn_fn.weight,16384x24,F32,1572864,"routing, norms and other weights",GPU configured,0,1572864
deepseek,DeepSeek-V4-Flash-0731-UD-Q8_K_XL-00002-of-00005.gguf,blk.10.hc_ffn_scale.weight,3,F32,12,"routing, norms and other weights",GPU configured,0,12
deepseek,DeepSeek-V4-Flash-0731-UD-Q8_K_XL-00002-of-00005.gguf,blk.10.indexer.attn_q_b.weight,1024x8192,BF16,16777216,attention and recurrent state weights,GPU configured,0,16777216
deepseek,DeepSeek-V4-Flash-0731-UD-Q8_K_XL-00002-of-00005.gguf,blk.10.indexer.proj.weight,4096x64,BF16,524288,attention and recurrent state weights,GPU configured,0,524288
deepseek,DeepSeek-V4-Flash-0731-UD-Q8_K_XL-00002-of-00005.gguf,blk.10.indexer_compressor_ape.weight,256x4,F32,4096,attention and recurrent state weights,GPU configured,0,4096
deepseek,DeepSeek-V4-Flash-0731-UD-Q8_K_XL-00002-of-00005.gguf,blk.10.indexer_compressor_gate.weight,4096x256,BF16,2097152,attention and recurrent state weights,GPU configured,0,2097152
deepseek,DeepSeek-V4-Flash-0731-UD-Q8_K_XL-00002-of-00005.gguf,blk.10.indexer_compressor_kv.weight,4096x256,BF16,2097152,attention and recurrent state weights,GPU configured,0,2097152
deepseek,DeepSeek-V4-Flash-0731-UD-Q8_K_XL-00002-of-00005.gguf,blk.10.indexer_compressor_norm.weight,128,F32,512,attention and recurrent state weights,GPU configured,0,512
deepseek,DeepSeek-V4-Flash-0731-UD-Q8_K_XL-00002-of-00005.gguf,blk.11.attn_compressor_ape.weight,512x128,F32,262144,attention and recurrent state weights,GPU configured,0,262144
deepseek,DeepSeek-V4-Flash-0731-UD-Q8_K_XL-00002-of-00005.gguf,blk.11.attn_compressor_gate.weight,4096x512,BF16,4194304,attention and recurrent state weights,GPU configured,0,4194304
deepseek,DeepSeek-V4-Flash-0731-UD-Q8_K_XL-00002-of-00005.gguf,blk.11.attn_compressor_kv.weight,4096x512,BF16,4194304,attention and recurrent state weights,GPU configured,0,4194304
deepseek,DeepSeek-V4-Flash-0731-UD-Q8_K_XL-00002-of-00005.gguf,blk.11.attn_compressor_norm.weight,512,F32,2048,attention and recurrent state weights,GPU configured,0,2048
deepseek,DeepSeek-V4-Flash-0731-UD-Q8_K_XL-00002-of-00005.gguf,blk.11.attn_kv.weight,4096x512,BF16,4194304,attention and recurrent state weights,GPU configured,0,4194304
deepseek,DeepSeek-V4-Flash-0731-UD-Q8_K_XL-00002-of-00005.gguf,blk.11.attn_kv_a_norm.weight,512,F32,2048,attention and recurrent state weights,GPU configured,0,2048
deepseek,DeepSeek-V4-Flash-0731-UD-Q8_K_XL-00002-of-00005.gguf,blk.11.attn_norm.weight,4096,F32,16384,attention and recurrent state weights,GPU configured,0,16384
deepseek,DeepSeek-V4-Flash-0731-UD-Q8_K_XL-00002-of-00005.gguf,blk.11.attn_output_a.weight,4096x8192,BF16,67108864,attention and recurrent state weights,GPU configured,0,67108864
deepseek,DeepSeek-V4-Flash-0731-UD-Q8_K_XL-00002-of-00005.gguf,blk.11.attn_output_b.weight,8192x4096,BF16,67108864,attention and recurrent state weights,GPU configured,0,67108864
deepseek,DeepSeek-V4-Flash-0731-UD-Q8_K_XL-00002-of-00005.gguf,blk.11.attn_q_a.weight,4096x1024,BF16,8388608,attention and recurrent state weights,GPU configured,0,8388608
deepseek,DeepSeek-V4-Flash-0731-UD-Q8_K_XL-00002-of-00005.gguf,blk.11.attn_q_a_norm.weight,1024,F32,4096,attention and recurrent state weights,GPU configured,0,4096
deepseek,DeepSeek-V4-Flash-0731-UD-Q8_K_XL-00002-of-00005.gguf,blk.11.attn_q_b.weight,1024x32768,BF16,67108864,attention and recurrent state weights,GPU configured,0,67108864
deepseek,DeepSeek-V4-Flash-0731-UD-Q8_K_XL-00002-of-00005.gguf,blk.11.attn_sinks.weight,64,F32,256,attention and recurrent state weights,GPU configured,0,256
deepseek,DeepSeek-V4-Flash-0731-UD-Q8_K_XL-00002-of-00005.gguf,blk.11.exp_probs_b.bias,256,F32,1024,"routing, norms and other weights",GPU configured,0,1024
deepseek,DeepSeek-V4-Flash-0731-UD-Q8_K_XL-00002-of-00005.gguf,blk.11.ffn_down_exps.weight,2048x4096x256,MXFP4,1140850688,routed experts,system RAM,26738688,26738688
deepseek,DeepSeek-V4-Flash-0731-UD-Q8_K_XL-00002-of-00005.gguf,blk.11.ffn_down_shexp.weight,2048x4096,BF16,16777216,shared experts and shared gate,GPU configured,0,16777216
deepseek,DeepSeek-V4-Flash-0731-UD-Q8_K_XL-00002-of-00005.gguf,blk.11.ffn_gate_exps.weight,4096x2048x256,MXFP4,1140850688,routed experts,system RAM,26738688,26738688
deepseek,DeepSeek-V4-Flash-0731-UD-Q8_K_XL-00002-of-00005.gguf,blk.11.ffn_gate_inp.weight,4096x256,BF16,2097152,"routing, norms and other weights",GPU configured,0,2097152
deepseek,DeepSeek-V4-Flash-0731-UD-Q8_K_XL-00002-of-00005.gguf,blk.11.ffn_gate_shexp.weight,4096x2048,BF16,16777216,shared experts and shared gate,GPU configured,0,16777216
deepseek,DeepSeek-V4-Flash-0731-UD-Q8_K_XL-00002-of-00005.gguf,blk.11.ffn_norm.weight,4096,F32,16384,"routing, norms and other weights",GPU configured,0,16384
deepseek,DeepSeek-V4-Flash-0731-UD-Q8_K_XL-00002-of-00005.gguf,blk.11.ffn_up_exps.weight,4096x2048x256,MXFP4,1140850688,routed experts,system RAM,26738688,26738688
deepseek,DeepSeek-V4-Flash-0731-UD-Q8_K_XL-00002-of-00005.gguf,blk.11.ffn_up_shexp.weight,4096x2048,BF16,16777216,shared experts and shared gate,GPU configured,0,16777216
deepseek,DeepSeek-V4-Flash-0731-UD-Q8_K_XL-00002-of-00005.gguf,blk.11.hc_attn_base.weight,24,F32,96,attention and recurrent state weights,GPU configured,0,96
deepseek,DeepSeek-V4-Flash-0731-UD-Q8_K_XL-00002-of-00005.gguf,blk.11.hc_attn_fn.weight,16384x24,F32,1572864,attention and recurrent state weights,GPU configured,0,1572864
deepseek,DeepSeek-V4-Flash-0731-UD-Q8_K_XL-00002-of-00005.gguf,blk.11.hc_attn_scale.weight,3,F32,12,attention and recurrent state weights,GPU configured,0,12
deepseek,DeepSeek-V4-Flash-0731-UD-Q8_K_XL-00002-of-00005.gguf,blk.11.hc_ffn_base.weight,24,F32,96,"routing, norms and other weights",GPU configured,0,96
deepseek,DeepSeek-V4-Flash-0731-UD-Q8_K_XL-00002-of-00005.gguf,blk.11.hc_ffn_fn.weight,16384x24,F32,1572864,"routing, norms and other weights",GPU configured,0,1572864
deepseek,DeepSeek-V4-Flash-0731-UD-Q8_K_XL-00002-of-00005.gguf,blk.11.hc_ffn_scale.weight,3,F32,12,"routing, norms and other weights",GPU configured,0,12
deepseek,DeepSeek-V4-Flash-0731-UD-Q8_K_XL-00002-of-00005.gguf,blk.12.attn_compressor_ape.weight,1024x4,F32,16384,attention and recurrent state weights,GPU configured,0,16384
deepseek,DeepSeek-V4-Flash-0731-UD-Q8_K_XL-00002-of-00005.gguf,blk.12.attn_compressor_gate.weight,4096x1024,BF16,8388608,attention and recurrent state weights,GPU configured,0,8388608
deepseek,DeepSeek-V4-Flash-0731-UD-Q8_K_XL-00002-of-00005.gguf,blk.12.attn_compressor_kv.weight,4096x1024,BF16,8388608,attention and recurrent state weights,GPU configured,0,8388608
deepseek,DeepSeek-V4-Flash-0731-UD-Q8_K_XL-00002-of-00005.gguf,blk.12.attn_compressor_norm.weight,512,F32,2048,attention and recurrent state weights,GPU configured,0,2048
deepseek,DeepSeek-V4-Flash-0731-UD-Q8_K_XL-00002-of-00005.gguf,blk.12.attn_kv.weight,4096x512,BF16,4194304,attention and recurrent state weights,GPU configured,0,4194304
deepseek,DeepSeek-V4-Flash-0731-UD-Q8_K_XL-00002-of-00005.gguf,blk.12.attn_kv_a_norm.weight,512,F32,2048,attention and recurrent state weights,GPU configured,0,2048
deepseek,DeepSeek-V4-Flash-0731-UD-Q8_K_XL-00002-of-00005.gguf,blk.12.attn_norm.weight,4096,F32,16384,attention and recurrent state weights,GPU configured,0,16384
deepseek,DeepSeek-V4-Flash-0731-UD-Q8_K_XL-00002-of-00005.gguf,blk.12.attn_output_a.weight,4096x8192,BF16,67108864,attention and recurrent state weights,GPU configured,0,67108864
deepseek,DeepSeek-V4-Flash-0731-UD-Q8_K_XL-00002-of-00005.gguf,blk.12.attn_output_b.weight,8192x4096,BF16,67108864,attention and recurrent state weights,GPU configured,0,67108864
deepseek,DeepSeek-V4-Flash-0731-UD-Q8_K_XL-00002-of-00005.gguf,blk.12.attn_q_a.weight,4096x1024,BF16,8388608,attention and recurrent state weights,GPU configured,0,8388608
deepseek,DeepSeek-V4-Flash-0731-UD-Q8_K_XL-00002-of-00005.gguf,blk.12.attn_q_a_norm.weight,1024,F32,4096,attention and recurrent state weights,GPU configured,0,4096
deepseek,DeepSeek-V4-Flash-0731-UD-Q8_K_XL-00002-of-00005.gguf,blk.12.attn_q_b.weight,1024x32768,BF16,67108864,attention and recurrent state weights,GPU configured,0,67108864
deepseek,DeepSeek-V4-Flash-0731-UD-Q8_K_XL-00002-of-00005.gguf,blk.12.attn_sinks.weight,64,F32,256,attention and recurrent state weights,GPU configured,0,256
deepseek,DeepSeek-V4-Flash-0731-UD-Q8_K_XL-00002-of-00005.gguf,blk.12.exp_probs_b.bias,256,F32,1024,"routing, norms and other weights",GPU configured,0,1024
deepseek,DeepSeek-V4-Flash-0731-UD-Q8_K_XL-00002-of-00005.gguf,blk.12.ffn_down_exps.weight,2048x4096x256,MXFP4,1140850688,routed experts,system RAM,26738688,26738688
deepseek,DeepSeek-V4-Flash-0731-UD-Q8_K_XL-00002-of-00005.gguf,blk.12.ffn_down_shexp.weight,2048x4096,BF16,16777216,shared experts and shared gate,GPU configured,0,16777216
deepseek,DeepSeek-V4-Flash-0731-UD-Q8_K_XL-00002-of-00005.gguf,blk.12.ffn_gate_exps.weight,4096x2048x256,MXFP4,1140850688,routed experts,system RAM,26738688,26738688
deepseek,DeepSeek-V4-Flash-0731-UD-Q8_K_XL-00002-of-00005.gguf,blk.12.ffn_gate_inp.weight,4096x256,BF16,2097152,"routing, norms and other weights",GPU configured,0,2097152
deepseek,DeepSeek-V4-Flash-0731-UD-Q8_K_XL-00002-of-00005.gguf,blk.12.ffn_gate_shexp.weight,4096x2048,BF16,16777216,shared experts and shared gate,GPU configured,0,16777216
deepseek,DeepSeek-V4-Flash-0731-UD-Q8_K_XL-00002-of-00005.gguf,blk.12.ffn_norm.weight,4096,F32,16384,"routing, norms and other weights",GPU configured,0,16384
deepseek,DeepSeek-V4-Flash-0731-UD-Q8_K_XL-00003-of-00005.gguf,blk.12.ffn_up_exps.weight,4096x2048x256,MXFP4,1140850688,routed experts,system RAM,26738688,26738688
deepseek,DeepSeek-V4-Flash-0731-UD-Q8_K_XL-00003-of-00005.gguf,blk.12.ffn_up_shexp.weight,4096x2048,BF16,16777216,shared experts and shared gate,GPU configured,0,16777216
deepseek,DeepSeek-V4-Flash-0731-UD-Q8_K_XL-00003-of-00005.gguf,blk.12.hc_attn_base.weight,24,F32,96,attention and recurrent state weights,GPU configured,0,96
deepseek,DeepSeek-V4-Flash-0731-UD-Q8_K_XL-00003-of-00005.gguf,blk.12.hc_attn_fn.weight,16384x24,F32,1572864,attention and recurrent state weights,GPU configured,0,1572864
deepseek,DeepSeek-V4-Flash-0731-UD-Q8_K_XL-00003-of-00005.gguf,blk.12.hc_attn_scale.weight,3,F32,12,attention and recurrent state weights,GPU configured,0,12
deepseek,DeepSeek-V4-Flash-0731-UD-Q8_K_XL-00003-of-00005.gguf,blk.12.hc_ffn_base.weight,24,F32,96,"routing, norms and other weights",GPU configured,0,96
deepseek,DeepSeek-V4-Flash-0731-UD-Q8_K_XL-00003-of-00005.gguf,blk.12.hc_ffn_fn.weight,16384x24,F32,1572864,"routing, norms and other weights",GPU configured,0,1572864
deepseek,DeepSeek-V4-Flash-0731-UD-Q8_K_XL-00003-of-00005.gguf,blk.12.hc_ffn_scale.weight,3,F32,12,"routing, norms and other weights",GPU configured,0,12
deepseek,DeepSeek-V4-Flash-0731-UD-Q8_K_XL-00003-of-00005.gguf,blk.12.indexer.attn_q_b.weight,1024x8192,BF16,16777216,attention and recurrent state weights,GPU configured,0,16777216
deepseek,DeepSeek-V4-Flash-0731-UD-Q8_K_XL-00003-of-00005.gguf,blk.12.indexer.proj.weight,4096x64,BF16,524288,attention and recurrent state weights,GPU configured,0,524288
deepseek,DeepSeek-V4-Flash-0731-UD-Q8_K_XL-00003-of-00005.gguf,blk.12.indexer_compressor_ape.weight,256x4,F32,4096,attention and recurrent state weights,GPU configured,0,4096
deepseek,DeepSeek-V4-Flash-0731-UD-Q8_K_XL-00003-of-00005.gguf,blk.12.indexer_compressor_gate.weight,4096x256,BF16,2097152,attention and recurrent state weights,GPU configured,0,2097152
deepseek,DeepSeek-V4-Flash-0731-UD-Q8_K_XL-00003-of-00005.gguf,blk.12.indexer_compressor_kv.weight,4096x256,BF16,2097152,attention and recurrent state weights,GPU configured,0,2097152
deepseek,DeepSeek-V4-Flash-0731-UD-Q8_K_XL-00003-of-00005.gguf,blk.12.indexer_compressor_norm.weight,128,F32,512,attention and recurrent state weights,GPU configured,0,512
deepseek,DeepSeek-V4-Flash-0731-UD-Q8_K_XL-00003-of-00005.gguf,blk.13.attn_compressor_ape.weight,512x128,F32,262144,attention and recurrent state weights,GPU configured,0,262144
deepseek,DeepSeek-V4-Flash-0731-UD-Q8_K_XL-00003-of-00005.gguf,blk.13.attn_compressor_gate.weight,4096x512,BF16,4194304,attention and recurrent state weights,GPU configured,0,4194304
deepseek,DeepSeek-V4-Flash-0731-UD-Q8_K_XL-00003-of-00005.gguf,blk.13.attn_compressor_kv.weight,4096x512,BF16,4194304,attention and recurrent state weights,GPU configured,0,4194304
deepseek,DeepSeek-V4-Flash-0731-UD-Q8_K_XL-00003-of-00005.gguf,blk.13.attn_compressor_norm.weight,512,F32,2048,attention and recurrent state weights,GPU configured,0,2048
deepseek,DeepSeek-V4-Flash-0731-UD-Q8_K_XL-00003-of-00005.gguf,blk.13.attn_kv.weight,4096x512,BF16,4194304,attention and recurrent state weights,GPU configured,0,4194304
deepseek,DeepSeek-V4-Flash-0731-UD-Q8_K_XL-00003-of-00005.gguf,blk.13.attn_kv_a_norm.weight,512,F32,2048,attention and recurrent state weights,GPU configured,0,2048
deepseek,DeepSeek-V4-Flash-0731-UD-Q8_K_XL-00003-of-00005.gguf,blk.13.attn_norm.weight,4096,F32,16384,attention and recurrent state weights,GPU configured,0,16384
deepseek,DeepSeek-V4-Flash-0731-UD-Q8_K_XL-00003-of-00005.gguf,blk.13.attn_output_a.weight,4096x8192,BF16,67108864,attention and recurrent state weights,GPU configured,0,67108864
deepseek,DeepSeek-V4-Flash-0731-UD-Q8_K_XL-00003-of-00005.gguf,blk.13.attn_output_b.weight,8192x4096,BF16,67108864,attention and recurrent state weights,GPU configured,0,67108864
deepseek,DeepSeek-V4-Flash-0731-UD-Q8_K_XL-00003-of-00005.gguf,blk.13.attn_q_a.weight,4096x1024,BF16,8388608,attention and recurrent state weights,GPU configured,0,8388608
deepseek,DeepSeek-V4-Flash-0731-UD-Q8_K_XL-00003-of-00005.gguf,blk.13.attn_q_a_norm.weight,1024,F32,4096,attention and recurrent state weights,GPU configured,0,4096
deepseek,DeepSeek-V4-Flash-0731-UD-Q8_K_XL-00003-of-00005.gguf,blk.13.attn_q_b.weight,1024x32768,BF16,67108864,attention and recurrent state weights,GPU configured,0,67108864
deepseek,DeepSeek-V4-Flash-0731-UD-Q8_K_XL-00003-of-00005.gguf,blk.13.attn_sinks.weight,64,F32,256,attention and recurrent state weights,GPU configured,0,256
deepseek,DeepSeek-V4-Flash-0731-UD-Q8_K_XL-00003-of-00005.gguf,blk.13.exp_probs_b.bias,256,F32,1024,"routing, norms and other weights",GPU configured,0,1024
deepseek,DeepSeek-V4-Flash-0731-UD-Q8_K_XL-00003-of-00005.gguf,blk.13.ffn_down_exps.weight,2048x4096x256,MXFP4,1140850688,routed experts,system RAM,26738688,26738688
deepseek,DeepSeek-V4-Flash-0731-UD-Q8_K_XL-00003-of-00005.gguf,blk.13.ffn_down_shexp.weight,2048x4096,BF16,16777216,shared experts and shared gate,GPU configured,0,16777216
deepseek,DeepSeek-V4-Flash-0731-UD-Q8_K_XL-00003-of-00005.gguf,blk.13.ffn_gate_exps.weight,4096x2048x256,MXFP4,1140850688,routed experts,system RAM,26738688,26738688
deepseek,DeepSeek-V4-Flash-0731-UD-Q8_K_XL-00003-of-00005.gguf,blk.13.ffn_gate_inp.weight,4096x256,BF16,2097152,"routing, norms and other weights",GPU configured,0,2097152
deepseek,DeepSeek-V4-Flash-0731-UD-Q8_K_XL-00003-of-00005.gguf,blk.13.ffn_gate_shexp.weight,4096x2048,BF16,16777216,shared experts and shared gate,GPU configured,0,16777216
deepseek,DeepSeek-V4-Flash-0731-UD-Q8_K_XL-00003-of-00005.gguf,blk.13.ffn_norm.weight,4096,F32,16384,"routing, norms and other weights",GPU configured,0,16384
deepseek,DeepSeek-V4-Flash-0731-UD-Q8_K_XL-00003-of-00005.gguf,blk.13.ffn_up_exps.weight,4096x2048x256,MXFP4,1140850688,routed experts,system RAM,26738688,26738688
deepseek,DeepSeek-V4-Flash-0731-UD-Q8_K_XL-00003-of-00005.gguf,blk.13.ffn_up_shexp.weight,4096x2048,BF16,16777216,shared experts and shared gate,GPU configured,0,16777216
deepseek,DeepSeek-V4-Flash-0731-UD-Q8_K_XL-00003-of-00005.gguf,blk.13.hc_attn_base.weight,24,F32,96,attention and recurrent state weights,GPU configured,0,96
deepseek,DeepSeek-V4-Flash-0731-UD-Q8_K_XL-00003-of-00005.gguf,blk.13.hc_attn_fn.weight,16384x24,F32,1572864,attention and recurrent state weights,GPU configured,0,1572864
deepseek,DeepSeek-V4-Flash-0731-UD-Q8_K_XL-00003-of-00005.gguf,blk.13.hc_attn_scale.weight,3,F32,12,attention and recurrent state weights,GPU configured,0,12
deepseek,DeepSeek-V4-Flash-0731-UD-Q8_K_XL-00003-of-00005.gguf,blk.13.hc_ffn_base.weight,24,F32,96,"routing, norms and other weights",GPU configured,0,96
deepseek,DeepSeek-V4-Flash-0731-UD-Q8_K_XL-00003-of-00005.gguf,blk.13.hc_ffn_fn.weight,16384x24,F32,1572864,"routing, norms and other weights",GPU configured,0,1572864
deepseek,DeepSeek-V4-Flash-0731-UD-Q8_K_XL-00003-of-00005.gguf,blk.13.hc_ffn_scale.weight,3,F32,12,"routing, norms and other weights",GPU configured,0,12
deepseek,DeepSeek-V4-Flash-0731-UD-Q8_K_XL-00003-of-00005.gguf,blk.14.attn_compressor_ape.weight,1024x4,F32,16384,attention and recurrent state weights,GPU configured,0,16384
deepseek,DeepSeek-V4-Flash-0731-UD-Q8_K_XL-00003-of-00005.gguf,blk.14.attn_compressor_gate.weight,4096x1024,BF16,8388608,attention and recurrent state weights,GPU configured,0,8388608
deepseek,DeepSeek-V4-Flash-0731-UD-Q8_K_XL-00003-of-00005.gguf,blk.14.attn_compressor_kv.weight,4096x1024,BF16,8388608,attention and recurrent state weights,GPU configured,0,8388608
deepseek,DeepSeek-V4-Flash-0731-UD-Q8_K_XL-00003-of-00005.gguf,blk.14.attn_compressor_norm.weight,512,F32,2048,attention and recurrent state weights,GPU configured,0,2048
deepseek,DeepSeek-V4-Flash-0731-UD-Q8_K_XL-00003-of-00005.gguf,blk.14.attn_kv.weight,4096x512,BF16,4194304,attention and recurrent state weights,GPU configured,0,4194304
deepseek,DeepSeek-V4-Flash-0731-UD-Q8_K_XL-00003-of-00005.gguf,blk.14.attn_kv_a_norm.weight,512,F32,2048,attention and recurrent state weights,GPU configured,0,2048
deepseek,DeepSeek-V4-Flash-0731-UD-Q8_K_XL-00003-of-00005.gguf,blk.14.attn_norm.weight,4096,F32,16384,attention and recurrent state weights,GPU configured,0,16384
deepseek,DeepSeek-V4-Flash-0731-UD-Q8_K_XL-00003-of-00005.gguf,blk.14.attn_output_a.weight,4096x8192,BF16,67108864,attention and recurrent state weights,GPU configured,0,67108864
deepseek,DeepSeek-V4-Flash-0731-UD-Q8_K_XL-00003-of-00005.gguf,blk.14.attn_output_b.weight,8192x4096,BF16,67108864,attention and recurrent state weights,GPU configured,0,67108864
deepseek,DeepSeek-V4-Flash-0731-UD-Q8_K_XL-00003-of-00005.gguf,blk.14.attn_q_a.weight,4096x1024,BF16,8388608,attention and recurrent state weights,GPU configured,0,8388608
deepseek,DeepSeek-V4-Flash-0731-UD-Q8_K_XL-00003-of-00005.gguf,blk.14.attn_q_a_norm.weight,1024,F32,4096,attention and recurrent state weights,GPU configured,0,4096
deepseek,DeepSeek-V4-Flash-0731-UD-Q8_K_XL-00003-of-00005.gguf,blk.14.attn_q_b.weight,1024x32768,BF16,67108864,attention and recurrent state weights,GPU configured,0,67108864
deepseek,DeepSeek-V4-Flash-0731-UD-Q8_K_XL-00003-of-00005.gguf,blk.14.attn_sinks.weight,64,F32,256,attention and recurrent state weights,GPU configured,0,256
deepseek,DeepSeek-V4-Flash-0731-UD-Q8_K_XL-00003-of-00005.gguf,blk.14.exp_probs_b.bias,256,F32,1024,"routing, norms and other weights",GPU configured,0,1024
deepseek,DeepSeek-V4-Flash-0731-UD-Q8_K_XL-00003-of-00005.gguf,blk.14.ffn_down_exps.weight,2048x4096x256,MXFP4,1140850688,routed experts,system RAM,26738688,26738688
deepseek,DeepSeek-V4-Flash-0731-UD-Q8_K_XL-00003-of-00005.gguf,blk.14.ffn_down_shexp.weight,2048x4096,BF16,16777216,shared experts and shared gate,GPU configured,0,16777216
deepseek,DeepSeek-V4-Flash-0731-UD-Q8_K_XL-00003-of-00005.gguf,blk.14.ffn_gate_exps.weight,4096x2048x256,MXFP4,1140850688,routed experts,system RAM,26738688,26738688
deepseek,DeepSeek-V4-Flash-0731-UD-Q8_K_XL-00003-of-00005.gguf,blk.14.ffn_gate_inp.weight,4096x256,BF16,2097152,"routing, norms and other weights",GPU configured,0,2097152
deepseek,DeepSeek-V4-Flash-0731-UD-Q8_K_XL-00003-of-00005.gguf,blk.14.ffn_gate_shexp.weight,4096x2048,BF16,16777216,shared experts and shared gate,GPU configured,0,16777216
deepseek,DeepSeek-V4-Flash-0731-UD-Q8_K_XL-00003-of-00005.gguf,blk.14.ffn_norm.weight,4096,F32,16384,"routing, norms and other weights",GPU configured,0,16384
deepseek,DeepSeek-V4-Flash-0731-UD-Q8_K_XL-00003-of-00005.gguf,blk.14.ffn_up_exps.weight,4096x2048x256,MXFP4,1140850688,routed experts,system RAM,26738688,26738688
deepseek,DeepSeek-V4-Flash-0731-UD-Q8_K_XL-00003-of-00005.gguf,blk.14.ffn_up_shexp.weight,4096x2048,BF16,16777216,shared experts and shared gate,GPU configured,0,16777216
deepseek,DeepSeek-V4-Flash-0731-UD-Q8_K_XL-00003-of-00005.gguf,blk.14.hc_attn_base.weight,24,F32,96,attention and recurrent state weights,GPU configured,0,96
deepseek,DeepSeek-V4-Flash-0731-UD-Q8_K_XL-00003-of-00005.gguf,blk.14.hc_attn_fn.weight,16384x24,F32,1572864,attention and recurrent state weights,GPU configured,0,1572864
deepseek,DeepSeek-V4-Flash-0731-UD-Q8_K_XL-00003-of-00005.gguf,blk.14.hc_attn_scale.weight,3,F32,12,attention and recurrent state weights,GPU configured,0,12
deepseek,DeepSeek-V4-Flash-0731-UD-Q8_K_XL-00003-of-00005.gguf,blk.14.hc_ffn_base.weight,24,F32,96,"routing, norms and other weights",GPU configured,0,96
deepseek,DeepSeek-V4-Flash-0731-UD-Q8_K_XL-00003-of-00005.gguf,blk.14.hc_ffn_fn.weight,16384x24,F32,1572864,"routing, norms and other weights",GPU configured,0,1572864
deepseek,DeepSeek-V4-Flash-0731-UD-Q8_K_XL-00003-of-00005.gguf,blk.14.hc_ffn_scale.weight,3,F32,12,"routing, norms and other weights",GPU configured,0,12
deepseek,DeepSeek-V4-Flash-0731-UD-Q8_K_XL-00003-of-00005.gguf,blk.14.indexer.attn_q_b.weight,1024x8192,BF16,16777216,attention and recurrent state weights,GPU configured,0,16777216
deepseek,DeepSeek-V4-Flash-0731-UD-Q8_K_XL-00003-of-00005.gguf,blk.14.indexer.proj.weight,4096x64,BF16,524288,attention and recurrent state weights,GPU configured,0,524288
deepseek,DeepSeek-V4-Flash-0731-UD-Q8_K_XL-00003-of-00005.gguf,blk.14.indexer_compressor_ape.weight,256x4,F32,4096,attention and recurrent state weights,GPU configured,0,4096
deepseek,DeepSeek-V4-Flash-0731-UD-Q8_K_XL-00003-of-00005.gguf,blk.14.indexer_compressor_gate.weight,4096x256,BF16,2097152,attention and recurrent state weights,GPU configured,0,2097152
deepseek,DeepSeek-V4-Flash-0731-UD-Q8_K_XL-00003-of-00005.gguf,blk.14.indexer_compressor_kv.weight,4096x256,BF16,2097152,attention and recurrent state weights,GPU configured,0,2097152
deepseek,DeepSeek-V4-Flash-0731-UD-Q8_K_XL-00003-of-00005.gguf,blk.14.indexer_compressor_norm.weight,128,F32,512,attention and recurrent state weights,GPU configured,0,512
deepseek,DeepSeek-V4-Flash-0731-UD-Q8_K_XL-00003-of-00005.gguf,blk.15.attn_compressor_ape.weight,512x128,F32,262144,attention and recurrent state weights,GPU configured,0,262144
deepseek,DeepSeek-V4-Flash-0731-UD-Q8_K_XL-00003-of-00005.gguf,blk.15.attn_compressor_gate.weight,4096x512,BF16,4194304,attention and recurrent state weights,GPU configured,0,4194304
deepseek,DeepSeek-V4-Flash-0731-UD-Q8_K_XL-00003-of-00005.gguf,blk.15.attn_compressor_kv.weight,4096x512,BF16,4194304,attention and recurrent state weights,GPU configured,0,4194304
deepseek,DeepSeek-V4-Flash-0731-UD-Q8_K_XL-00003-of-00005.gguf,blk.15.attn_compressor_norm.weight,512,F32,2048,attention and recurrent state weights,GPU configured,0,2048
deepseek,DeepSeek-V4-Flash-0731-UD-Q8_K_XL-00003-of-00005.gguf,blk.15.attn_kv.weight,4096x512,BF16,4194304,attention and recurrent state weights,GPU configured,0,4194304
deepseek,DeepSeek-V4-Flash-0731-UD-Q8_K_XL-00003-of-00005.gguf,blk.15.attn_kv_a_norm.weight,512,F32,2048,attention and recurrent state weights,GPU configured,0,2048
deepseek,DeepSeek-V4-Flash-0731-UD-Q8_K_XL-00003-of-00005.gguf,blk.15.attn_norm.weight,4096,F32,16384,attention and recurrent state weights,GPU configured,0,16384
deepseek,DeepSeek-V4-Flash-0731-UD-Q8_K_XL-00003-of-00005.gguf,blk.15.attn_output_a.weight,4096x8192,BF16,67108864,attention and recurrent state weights,GPU configured,0,67108864
deepseek,DeepSeek-V4-Flash-0731-UD-Q8_K_XL-00003-of-00005.gguf,blk.15.attn_output_b.weight,8192x4096,BF16,67108864,attention and recurrent state weights,GPU configured,0,67108864
deepseek,DeepSeek-V4-Flash-0731-UD-Q8_K_XL-00003-of-00005.gguf,blk.15.attn_q_a.weight,4096x1024,BF16,8388608,attention and recurrent state weights,GPU configured,0,8388608
deepseek,DeepSeek-V4-Flash-0731-UD-Q8_K_XL-00003-of-00005.gguf,blk.15.attn_q_a_norm.weight,1024,F32,4096,attention and recurrent state weights,GPU configured,0,4096
deepseek,DeepSeek-V4-Flash-0731-UD-Q8_K_XL-00003-of-00005.gguf,blk.15.attn_q_b.weight,1024x32768,BF16,67108864,attention and recurrent state weights,GPU configured,0,67108864
deepseek,DeepSeek-V4-Flash-0731-UD-Q8_K_XL-00003-of-00005.gguf,blk.15.attn_sinks.weight,64,F32,256,attention and recurrent state weights,GPU configured,0,256
deepseek,DeepSeek-V4-Flash-0731-UD-Q8_K_XL-00003-of-00005.gguf,blk.15.exp_probs_b.bias,256,F32,1024,"routing, norms and other weights",GPU configured,0,1024
deepseek,DeepSeek-V4-Flash-0731-UD-Q8_K_XL-00003-of-00005.gguf,blk.15.ffn_down_exps.weight,2048x4096x256,MXFP4,1140850688,routed experts,system RAM,26738688,26738688
deepseek,DeepSeek-V4-Flash-0731-UD-Q8_K_XL-00003-of-00005.gguf,blk.15.ffn_down_shexp.weight,2048x4096,BF16,16777216,shared experts and shared gate,GPU configured,0,16777216
deepseek,DeepSeek-V4-Flash-0731-UD-Q8_K_XL-00003-of-00005.gguf,blk.15.ffn_gate_exps.weight,4096x2048x256,MXFP4,1140850688,routed experts,system RAM,26738688,26738688
deepseek,DeepSeek-V4-Flash-0731-UD-Q8_K_XL-00003-of-00005.gguf,blk.15.ffn_gate_inp.weight,4096x256,BF16,2097152,"routing, norms and other weights",GPU configured,0,2097152
deepseek,DeepSeek-V4-Flash-0731-UD-Q8_K_XL-00003-of-00005.gguf,blk.15.ffn_gate_shexp.weight,4096x2048,BF16,16777216,shared experts and shared gate,GPU configured,0,16777216
deepseek,DeepSeek-V4-Flash-0731-UD-Q8_K_XL-00003-of-00005.gguf,blk.15.ffn_norm.weight,4096,F32,16384,"routing, norms and other weights",GPU configured,0,16384
deepseek,DeepSeek-V4-Flash-0731-UD-Q8_K_XL-00003-of-00005.gguf,blk.15.ffn_up_exps.weight,4096x2048x256,MXFP4,1140850688,routed experts,system RAM,26738688,26738688
deepseek,DeepSeek-V4-Flash-0731-UD-Q8_K_XL-00003-of-00005.gguf,blk.15.ffn_up_shexp.weight,4096x2048,BF16,16777216,shared experts and shared gate,GPU configured,0,16777216
deepseek,DeepSeek-V4-Flash-0731-UD-Q8_K_XL-00003-of-00005.gguf,blk.15.hc_attn_base.weight,24,F32,96,attention and recurrent state weights,GPU configured,0,96
deepseek,DeepSeek-V4-Flash-0731-UD-Q8_K_XL-00003-of-00005.gguf,blk.15.hc_attn_fn.weight,16384x24,F32,1572864,attention and recurrent state weights,GPU configured,0,1572864
deepseek,DeepSeek-V4-Flash-0731-UD-Q8_K_XL-00003-of-00005.gguf,blk.15.hc_attn_scale.weight,3,F32,12,attention and recurrent state weights,GPU configured,0,12
deepseek,DeepSeek-V4-Flash-0731-UD-Q8_K_XL-00003-of-00005.gguf,blk.15.hc_ffn_base.weight,24,F32,96,"routing, norms and other weights",GPU configured,0,96
deepseek,DeepSeek-V4-Flash-0731-UD-Q8_K_XL-00003-of-00005.gguf,blk.15.hc_ffn_fn.weight,16384x24,F32,1572864,"routing, norms and other weights",GPU configured,0,1572864
deepseek,DeepSeek-V4-Flash-0731-UD-Q8_K_XL-00003-of-00005.gguf,blk.15.hc_ffn_scale.weight,3,F32,12,"routing, norms and other weights",GPU configured,0,12
deepseek,DeepSeek-V4-Flash-0731-UD-Q8_K_XL-00003-of-00005.gguf,blk.16.attn_compressor_ape.weight,1024x4,F32,16384,attention and recurrent state weights,GPU configured,0,16384
deepseek,DeepSeek-V4-Flash-0731-UD-Q8_K_XL-00003-of-00005.gguf,blk.16.attn_compressor_gate.weight,4096x1024,BF16,8388608,attention and recurrent state weights,GPU configured,0,8388608
deepseek,DeepSeek-V4-Flash-0731-UD-Q8_K_XL-00003-of-00005.gguf,blk.16.attn_compressor_kv.weight,4096x1024,BF16,8388608,attention and recurrent state weights,GPU configured,0,8388608
deepseek,DeepSeek-V4-Flash-0731-UD-Q8_K_XL-00003-of-00005.gguf,blk.16.attn_compressor_norm.weight,512,F32,2048,attention and recurrent state weights,GPU configured,0,2048
deepseek,DeepSeek-V4-Flash-0731-UD-Q8_K_XL-00003-of-00005.gguf,blk.16.attn_kv.weight,4096x512,BF16,4194304,attention and recurrent state weights,GPU configured,0,4194304
deepseek,DeepSeek-V4-Flash-0731-UD-Q8_K_XL-00003-of-00005.gguf,blk.16.attn_kv_a_norm.weight,512,F32,2048,attention and recurrent state weights,GPU configured,0,2048
deepseek,DeepSeek-V4-Flash-0731-UD-Q8_K_XL-00003-of-00005.gguf,blk.16.attn_norm.weight,4096,F32,16384,attention and recurrent state weights,GPU configured,0,16384
deepseek,DeepSeek-V4-Flash-0731-UD-Q8_K_XL-00003-of-00005.gguf,blk.16.attn_output_a.weight,4096x8192,BF16,67108864,attention and recurrent state weights,GPU configured,0,67108864
deepseek,DeepSeek-V4-Flash-0731-UD-Q8_K_XL-00003-of-00005.gguf,blk.16.attn_output_b.weight,8192x4096,BF16,67108864,attention and recurrent state weights,GPU configured,0,67108864
deepseek,DeepSeek-V4-Flash-0731-UD-Q8_K_XL-00003-of-00005.gguf,blk.16.attn_q_a.weight,4096x1024,BF16,8388608,attention and recurrent state weights,GPU configured,0,8388608
deepseek,DeepSeek-V4-Flash-0731-UD-Q8_K_XL-00003-of-00005.gguf,blk.16.attn_q_a_norm.weight,1024,F32,4096,attention and recurrent state weights,GPU configured,0,4096
deepseek,DeepSeek-V4-Flash-0731-UD-Q8_K_XL-00003-of-00005.gguf,blk.16.attn_q_b.weight,1024x32768,BF16,67108864,attention and recurrent state weights,GPU configured,0,67108864
deepseek,DeepSeek-V4-Flash-0731-UD-Q8_K_XL-00003-of-00005.gguf,blk.16.attn_sinks.weight,64,F32,256,attention and recurrent state weights,GPU configured,0,256
deepseek,DeepSeek-V4-Flash-0731-UD-Q8_K_XL-00003-of-00005.gguf,blk.16.exp_probs_b.bias,256,F32,1024,"routing, norms and other weights",GPU configured,0,1024
deepseek,DeepSeek-V4-Flash-0731-UD-Q8_K_XL-00003-of-00005.gguf,blk.16.ffn_down_exps.weight,2048x4096x256,MXFP4,1140850688,routed experts,system RAM,26738688,26738688
deepseek,DeepSeek-V4-Flash-0731-UD-Q8_K_XL-00003-of-00005.gguf,blk.16.ffn_down_shexp.weight,2048x4096,BF16,16777216,shared experts and shared gate,GPU configured,0,16777216
deepseek,DeepSeek-V4-Flash-0731-UD-Q8_K_XL-00003-of-00005.gguf,blk.16.ffn_gate_exps.weight,4096x2048x256,MXFP4,1140850688,routed experts,system RAM,26738688,26738688
deepseek,DeepSeek-V4-Flash-0731-UD-Q8_K_XL-00003-of-00005.gguf,blk.16.ffn_gate_inp.weight,4096x256,BF16,2097152,"routing, norms and other weights",GPU configured,0,2097152
deepseek,DeepSeek-V4-Flash-0731-UD-Q8_K_XL-00003-of-00005.gguf,blk.16.ffn_gate_shexp.weight,4096x2048,BF16,16777216,shared experts and shared gate,GPU configured,0,16777216
deepseek,DeepSeek-V4-Flash-0731-UD-Q8_K_XL-00003-of-00005.gguf,blk.16.ffn_norm.weight,4096,F32,16384,"routing, norms and other weights",GPU configured,0,16384
deepseek,DeepSeek-V4-Flash-0731-UD-Q8_K_XL-00003-of-00005.gguf,blk.16.ffn_up_exps.weight,4096x2048x256,MXFP4,1140850688,routed experts,system RAM,26738688,26738688
deepseek,DeepSeek-V4-Flash-0731-UD-Q8_K_XL-00003-of-00005.gguf,blk.16.ffn_up_shexp.weight,4096x2048,BF16,16777216,shared experts and shared gate,GPU configured,0,16777216
deepseek,DeepSeek-V4-Flash-0731-UD-Q8_K_XL-00003-of-00005.gguf,blk.16.hc_attn_base.weight,24,F32,96,attention and recurrent state weights,GPU configured,0,96
deepseek,DeepSeek-V4-Flash-0731-UD-Q8_K_XL-00003-of-00005.gguf,blk.16.hc_attn_fn.weight,16384x24,F32,1572864,attention and recurrent state weights,GPU configured,0,1572864
deepseek,DeepSeek-V4-Flash-0731-UD-Q8_K_XL-00003-of-00005.gguf,blk.16.hc_attn_scale.weight,3,F32,12,attention and recurrent state weights,GPU configured,0,12
deepseek,DeepSeek-V4-Flash-0731-UD-Q8_K_XL-00003-of-00005.gguf,blk.16.hc_ffn_base.weight,24,F32,96,"routing, norms and other weights",GPU configured,0,96
deepseek,DeepSeek-V4-Flash-0731-UD-Q8_K_XL-00003-of-00005.gguf,blk.16.hc_ffn_fn.weight,16384x24,F32,1572864,"routing, norms and other weights",GPU configured,0,1572864
deepseek,DeepSeek-V4-Flash-0731-UD-Q8_K_XL-00003-of-00005.gguf,blk.16.hc_ffn_scale.weight,3,F32,12,"routing, norms and other weights",GPU configured,0,12
deepseek,DeepSeek-V4-Flash-0731-UD-Q8_K_XL-00003-of-00005.gguf,blk.16.indexer.attn_q_b.weight,1024x8192,BF16,16777216,attention and recurrent state weights,GPU configured,0,16777216
deepseek,DeepSeek-V4-Flash-0731-UD-Q8_K_XL-00003-of-00005.gguf,blk.16.indexer.proj.weight,4096x64,BF16,524288,attention and recurrent state weights,GPU configured,0,524288
deepseek,DeepSeek-V4-Flash-0731-UD-Q8_K_XL-00003-of-00005.gguf,blk.16.indexer_compressor_ape.weight,256x4,F32,4096,attention and recurrent state weights,GPU configured,0,4096
deepseek,DeepSeek-V4-Flash-0731-UD-Q8_K_XL-00003-of-00005.gguf,blk.16.indexer_compressor_gate.weight,4096x256,BF16,2097152,attention and recurrent state weights,GPU configured,0,2097152
deepseek,DeepSeek-V4-Flash-0731-UD-Q8_K_XL-00003-of-00005.gguf,blk.16.indexer_compressor_kv.weight,4096x256,BF16,2097152,attention and recurrent state weights,GPU configured,0,2097152
deepseek,DeepSeek-V4-Flash-0731-UD-Q8_K_XL-00003-of-00005.gguf,blk.16.indexer_compressor_norm.weight,128,F32,512,attention and recurrent state weights,GPU configured,0,512
deepseek,DeepSeek-V4-Flash-0731-UD-Q8_K_XL-00003-of-00005.gguf,blk.17.attn_compressor_ape.weight,512x128,F32,262144,attention and recurrent state weights,GPU configured,0,262144
deepseek,DeepSeek-V4-Flash-0731-UD-Q8_K_XL-00003-of-00005.gguf,blk.17.attn_compressor_gate.weight,4096x512,BF16,4194304,attention and recurrent state weights,GPU configured,0,4194304
deepseek,DeepSeek-V4-Flash-0731-UD-Q8_K_XL-00003-of-00005.gguf,blk.17.attn_compressor_kv.weight,4096x512,BF16,4194304,attention and recurrent state weights,GPU configured,0,4194304
deepseek,DeepSeek-V4-Flash-0731-UD-Q8_K_XL-00003-of-00005.gguf,blk.17.attn_compressor_norm.weight,512,F32,2048,attention and recurrent state weights,GPU configured,0,2048
deepseek,DeepSeek-V4-Flash-0731-UD-Q8_K_XL-00003-of-00005.gguf,blk.17.attn_kv.weight,4096x512,BF16,4194304,attention and recurrent state weights,GPU configured,0,4194304
deepseek,DeepSeek-V4-Flash-0731-UD-Q8_K_XL-00003-of-00005.gguf,blk.17.attn_kv_a_norm.weight,512,F32,2048,attention and recurrent state weights,GPU configured,0,2048
deepseek,DeepSeek-V4-Flash-0731-UD-Q8_K_XL-00003-of-00005.gguf,blk.17.attn_norm.weight,4096,F32,16384,attention and recurrent state weights,GPU configured,0,16384
deepseek,DeepSeek-V4-Flash-0731-UD-Q8_K_XL-00003-of-00005.gguf,blk.17.attn_output_a.weight,4096x8192,BF16,67108864,attention and recurrent state weights,GPU configured,0,67108864
deepseek,DeepSeek-V4-Flash-0731-UD-Q8_K_XL-00003-of-00005.gguf,blk.17.attn_output_b.weight,8192x4096,BF16,67108864,attention and recurrent state weights,GPU configured,0,67108864
deepseek,DeepSeek-V4-Flash-0731-UD-Q8_K_XL-00003-of-00005.gguf,blk.17.attn_q_a.weight,4096x1024,BF16,8388608,attention and recurrent state weights,GPU configured,0,8388608
deepseek,DeepSeek-V4-Flash-0731-UD-Q8_K_XL-00003-of-00005.gguf,blk.17.attn_q_a_norm.weight,1024,F32,4096,attention and recurrent state weights,GPU configured,0,4096
deepseek,DeepSeek-V4-Flash-0731-UD-Q8_K_XL-00003-of-00005.gguf,blk.17.attn_q_b.weight,1024x32768,BF16,67108864,attention and recurrent state weights,GPU configured,0,67108864
deepseek,DeepSeek-V4-Flash-0731-UD-Q8_K_XL-00003-of-00005.gguf,blk.17.attn_sinks.weight,64,F32,256,attention and recurrent state weights,GPU configured,0,256
deepseek,DeepSeek-V4-Flash-0731-UD-Q8_K_XL-00003-of-00005.gguf,blk.17.exp_probs_b.bias,256,F32,1024,"routing, norms and other weights",GPU configured,0,1024
deepseek,DeepSeek-V4-Flash-0731-UD-Q8_K_XL-00003-of-00005.gguf,blk.17.ffn_down_exps.weight,2048x4096x256,MXFP4,1140850688,routed experts,system RAM,26738688,26738688
deepseek,DeepSeek-V4-Flash-0731-UD-Q8_K_XL-00003-of-00005.gguf,blk.17.ffn_down_shexp.weight,2048x4096,BF16,16777216,shared experts and shared gate,GPU configured,0,16777216
deepseek,DeepSeek-V4-Flash-0731-UD-Q8_K_XL-00003-of-00005.gguf,blk.17.ffn_gate_exps.weight,4096x2048x256,MXFP4,1140850688,routed experts,system RAM,26738688,26738688
deepseek,DeepSeek-V4-Flash-0731-UD-Q8_K_XL-00003-of-00005.gguf,blk.17.ffn_gate_inp.weight,4096x256,BF16,2097152,"routing, norms and other weights",GPU configured,0,2097152
deepseek,DeepSeek-V4-Flash-0731-UD-Q8_K_XL-00003-of-00005.gguf,blk.17.ffn_gate_shexp.weight,4096x2048,BF16,16777216,shared experts and shared gate,GPU configured,0,16777216
deepseek,DeepSeek-V4-Flash-0731-UD-Q8_K_XL-00003-of-00005.gguf,blk.17.ffn_norm.weight,4096,F32,16384,"routing, norms and other weights",GPU configured,0,16384
deepseek,DeepSeek-V4-Flash-0731-UD-Q8_K_XL-00003-of-00005.gguf,blk.17.ffn_up_exps.weight,4096x2048x256,MXFP4,1140850688,routed experts,system RAM,26738688,26738688
deepseek,DeepSeek-V4-Flash-0731-UD-Q8_K_XL-00003-of-00005.gguf,blk.17.ffn_up_shexp.weight,4096x2048,BF16,16777216,shared experts and shared gate,GPU configured,0,16777216
deepseek,DeepSeek-V4-Flash-0731-UD-Q8_K_XL-00003-of-00005.gguf,blk.17.hc_attn_base.weight,24,F32,96,attention and recurrent state weights,GPU configured,0,96
deepseek,DeepSeek-V4-Flash-0731-UD-Q8_K_XL-00003-of-00005.gguf,blk.17.hc_attn_fn.weight,16384x24,F32,1572864,attention and recurrent state weights,GPU configured,0,1572864
deepseek,DeepSeek-V4-Flash-0731-UD-Q8_K_XL-00003-of-00005.gguf,blk.17.hc_attn_scale.weight,3,F32,12,attention and recurrent state weights,GPU configured,0,12
deepseek,DeepSeek-V4-Flash-0731-UD-Q8_K_XL-00003-of-00005.gguf,blk.17.hc_ffn_base.weight,24,F32,96,"routing, norms and other weights",GPU configured,0,96
deepseek,DeepSeek-V4-Flash-0731-UD-Q8_K_XL-00003-of-00005.gguf,blk.17.hc_ffn_fn.weight,16384x24,F32,1572864,"routing, norms and other weights",GPU configured,0,1572864
deepseek,DeepSeek-V4-Flash-0731-UD-Q8_K_XL-00003-of-00005.gguf,blk.17.hc_ffn_scale.weight,3,F32,12,"routing, norms and other weights",GPU configured,0,12
deepseek,DeepSeek-V4-Flash-0731-UD-Q8_K_XL-00003-of-00005.gguf,blk.18.attn_compressor_ape.weight,1024x4,F32,16384,attention and recurrent state weights,GPU configured,0,16384
deepseek,DeepSeek-V4-Flash-0731-UD-Q8_K_XL-00003-of-00005.gguf,blk.18.attn_compressor_gate.weight,4096x1024,BF16,8388608,attention and recurrent state weights,GPU configured,0,8388608
deepseek,DeepSeek-V4-Flash-0731-UD-Q8_K_XL-00003-of-00005.gguf,blk.18.attn_compressor_kv.weight,4096x1024,BF16,8388608,attention and recurrent state weights,GPU configured,0,8388608
deepseek,DeepSeek-V4-Flash-0731-UD-Q8_K_XL-00003-of-00005.gguf,blk.18.attn_compressor_norm.weight,512,F32,2048,attention and recurrent state weights,GPU configured,0,2048
deepseek,DeepSeek-V4-Flash-0731-UD-Q8_K_XL-00003-of-00005.gguf,blk.18.attn_kv.weight,4096x512,BF16,4194304,attention and recurrent state weights,GPU configured,0,4194304
deepseek,DeepSeek-V4-Flash-0731-UD-Q8_K_XL-00003-of-00005.gguf,blk.18.attn_kv_a_norm.weight,512,F32,2048,attention and recurrent state weights,GPU configured,0,2048
deepseek,DeepSeek-V4-Flash-0731-UD-Q8_K_XL-00003-of-00005.gguf,blk.18.attn_norm.weight,4096,F32,16384,attention and recurrent state weights,GPU configured,0,16384
deepseek,DeepSeek-V4-Flash-0731-UD-Q8_K_XL-00003-of-00005.gguf,blk.18.attn_output_a.weight,4096x8192,BF16,67108864,attention and recurrent state weights,GPU configured,0,67108864
deepseek,DeepSeek-V4-Flash-0731-UD-Q8_K_XL-00003-of-00005.gguf,blk.18.attn_output_b.weight,8192x4096,BF16,67108864,attention and recurrent state weights,GPU configured,0,67108864
deepseek,DeepSeek-V4-Flash-0731-UD-Q8_K_XL-00003-of-00005.gguf,blk.18.attn_q_a.weight,4096x1024,BF16,8388608,attention and recurrent state weights,GPU configured,0,8388608
deepseek,DeepSeek-V4-Flash-0731-UD-Q8_K_XL-00003-of-00005.gguf,blk.18.attn_q_a_norm.weight,1024,F32,4096,attention and recurrent state weights,GPU configured,0,4096
deepseek,DeepSeek-V4-Flash-0731-UD-Q8_K_XL-00003-of-00005.gguf,blk.18.attn_q_b.weight,1024x32768,BF16,67108864,attention and recurrent state weights,GPU configured,0,67108864
deepseek,DeepSeek-V4-Flash-0731-UD-Q8_K_XL-00003-of-00005.gguf,blk.18.attn_sinks.weight,64,F32,256,attention and recurrent state weights,GPU configured,0,256
deepseek,DeepSeek-V4-Flash-0731-UD-Q8_K_XL-00003-of-00005.gguf,blk.18.exp_probs_b.bias,256,F32,1024,"routing, norms and other weights",GPU configured,0,1024
deepseek,DeepSeek-V4-Flash-0731-UD-Q8_K_XL-00003-of-00005.gguf,blk.18.ffn_down_exps.weight,2048x4096x256,MXFP4,1140850688,routed experts,system RAM,26738688,26738688
deepseek,DeepSeek-V4-Flash-0731-UD-Q8_K_XL-00003-of-00005.gguf,blk.18.ffn_down_shexp.weight,2048x4096,BF16,16777216,shared experts and shared gate,GPU configured,0,16777216
deepseek,DeepSeek-V4-Flash-0731-UD-Q8_K_XL-00003-of-00005.gguf,blk.18.ffn_gate_exps.weight,4096x2048x256,MXFP4,1140850688,routed experts,system RAM,26738688,26738688
deepseek,DeepSeek-V4-Flash-0731-UD-Q8_K_XL-00003-of-00005.gguf,blk.18.ffn_gate_inp.weight,4096x256,BF16,2097152,"routing, norms and other weights",GPU configured,0,2097152
deepseek,DeepSeek-V4-Flash-0731-UD-Q8_K_XL-00003-of-00005.gguf,blk.18.ffn_gate_shexp.weight,4096x2048,BF16,16777216,shared experts and shared gate,GPU configured,0,16777216
deepseek,DeepSeek-V4-Flash-0731-UD-Q8_K_XL-00003-of-00005.gguf,blk.18.ffn_norm.weight,4096,F32,16384,"routing, norms and other weights",GPU configured,0,16384
deepseek,DeepSeek-V4-Flash-0731-UD-Q8_K_XL-00003-of-00005.gguf,blk.18.ffn_up_exps.weight,4096x2048x256,MXFP4,1140850688,routed experts,system RAM,26738688,26738688
deepseek,DeepSeek-V4-Flash-0731-UD-Q8_K_XL-00003-of-00005.gguf,blk.18.ffn_up_shexp.weight,4096x2048,BF16,16777216,shared experts and shared gate,GPU configured,0,16777216
deepseek,DeepSeek-V4-Flash-0731-UD-Q8_K_XL-00003-of-00005.gguf,blk.18.hc_attn_base.weight,24,F32,96,attention and recurrent state weights,GPU configured,0,96
deepseek,DeepSeek-V4-Flash-0731-UD-Q8_K_XL-00003-of-00005.gguf,blk.18.hc_attn_fn.weight,16384x24,F32,1572864,attention and recurrent state weights,GPU configured,0,1572864
deepseek,DeepSeek-V4-Flash-0731-UD-Q8_K_XL-00003-of-00005.gguf,blk.18.hc_attn_scale.weight,3,F32,12,attention and recurrent state weights,GPU configured,0,12
deepseek,DeepSeek-V4-Flash-0731-UD-Q8_K_XL-00003-of-00005.gguf,blk.18.hc_ffn_base.weight,24,F32,96,"routing, norms and other weights",GPU configured,0,96
deepseek,DeepSeek-V4-Flash-0731-UD-Q8_K_XL-00003-of-00005.gguf,blk.18.hc_ffn_fn.weight,16384x24,F32,1572864,"routing, norms and other weights",GPU configured,0,1572864
deepseek,DeepSeek-V4-Flash-0731-UD-Q8_K_XL-00003-of-00005.gguf,blk.18.hc_ffn_scale.weight,3,F32,12,"routing, norms and other weights",GPU configured,0,12
deepseek,DeepSeek-V4-Flash-0731-UD-Q8_K_XL-00003-of-00005.gguf,blk.18.indexer.attn_q_b.weight,1024x8192,BF16,16777216,attention and recurrent state weights,GPU configured,0,16777216
deepseek,DeepSeek-V4-Flash-0731-UD-Q8_K_XL-00003-of-00005.gguf,blk.18.indexer.proj.weight,4096x64,BF16,524288,attention and recurrent state weights,GPU configured,0,524288
deepseek,DeepSeek-V4-Flash-0731-UD-Q8_K_XL-00003-of-00005.gguf,blk.18.indexer_compressor_ape.weight,256x4,F32,4096,attention and recurrent state weights,GPU configured,0,4096
deepseek,DeepSeek-V4-Flash-0731-UD-Q8_K_XL-00003-of-00005.gguf,blk.18.indexer_compressor_gate.weight,4096x256,BF16,2097152,attention and recurrent state weights,GPU configured,0,2097152
deepseek,DeepSeek-V4-Flash-0731-UD-Q8_K_XL-00003-of-00005.gguf,blk.18.indexer_compressor_kv.weight,4096x256,BF16,2097152,attention and recurrent state weights,GPU configured,0,2097152
deepseek,DeepSeek-V4-Flash-0731-UD-Q8_K_XL-00003-of-00005.gguf,blk.18.indexer_compressor_norm.weight,128,F32,512,attention and recurrent state weights,GPU configured,0,512
deepseek,DeepSeek-V4-Flash-0731-UD-Q8_K_XL-00003-of-00005.gguf,blk.19.attn_compressor_ape.weight,512x128,F32,262144,attention and recurrent state weights,GPU configured,0,262144
deepseek,DeepSeek-V4-Flash-0731-UD-Q8_K_XL-00003-of-00005.gguf,blk.19.attn_compressor_gate.weight,4096x512,BF16,4194304,attention and recurrent state weights,GPU configured,0,4194304
deepseek,DeepSeek-V4-Flash-0731-UD-Q8_K_XL-00003-of-00005.gguf,blk.19.attn_compressor_kv.weight,4096x512,BF16,4194304,attention and recurrent state weights,GPU configured,0,4194304
deepseek,DeepSeek-V4-Flash-0731-UD-Q8_K_XL-00003-of-00005.gguf,blk.19.attn_compressor_norm.weight,512,F32,2048,attention and recurrent state weights,GPU configured,0,2048
deepseek,DeepSeek-V4-Flash-0731-UD-Q8_K_XL-00003-of-00005.gguf,blk.19.attn_kv.weight,4096x512,BF16,4194304,attention and recurrent state weights,GPU configured,0,4194304
deepseek,DeepSeek-V4-Flash-0731-UD-Q8_K_XL-00003-of-00005.gguf,blk.19.attn_kv_a_norm.weight,512,F32,2048,attention and recurrent state weights,GPU configured,0,2048
deepseek,DeepSeek-V4-Flash-0731-UD-Q8_K_XL-00003-of-00005.gguf,blk.19.attn_norm.weight,4096,F32,16384,attention and recurrent state weights,GPU configured,0,16384
deepseek,DeepSeek-V4-Flash-0731-UD-Q8_K_XL-00003-of-00005.gguf,blk.19.attn_output_a.weight,4096x8192,BF16,67108864,attention and recurrent state weights,GPU configured,0,67108864
deepseek,DeepSeek-V4-Flash-0731-UD-Q8_K_XL-00003-of-00005.gguf,blk.19.attn_output_b.weight,8192x4096,BF16,67108864,attention and recurrent state weights,GPU configured,0,67108864
deepseek,DeepSeek-V4-Flash-0731-UD-Q8_K_XL-00003-of-00005.gguf,blk.19.attn_q_a.weight,4096x1024,BF16,8388608,attention and recurrent state weights,GPU configured,0,8388608
deepseek,DeepSeek-V4-Flash-0731-UD-Q8_K_XL-00003-of-00005.gguf,blk.19.attn_q_a_norm.weight,1024,F32,4096,attention and recurrent state weights,GPU configured,0,4096
deepseek,DeepSeek-V4-Flash-0731-UD-Q8_K_XL-00003-of-00005.gguf,blk.19.attn_q_b.weight,1024x32768,BF16,67108864,attention and recurrent state weights,GPU configured,0,67108864
deepseek,DeepSeek-V4-Flash-0731-UD-Q8_K_XL-00003-of-00005.gguf,blk.19.attn_sinks.weight,64,F32,256,attention and recurrent state weights,GPU configured,0,256
deepseek,DeepSeek-V4-Flash-0731-UD-Q8_K_XL-00003-of-00005.gguf,blk.19.exp_probs_b.bias,256,F32,1024,"routing, norms and other weights",GPU configured,0,1024
deepseek,DeepSeek-V4-Flash-0731-UD-Q8_K_XL-00003-of-00005.gguf,blk.19.ffn_down_exps.weight,2048x4096x256,MXFP4,1140850688,routed experts,system RAM,26738688,26738688
deepseek,DeepSeek-V4-Flash-0731-UD-Q8_K_XL-00003-of-00005.gguf,blk.19.ffn_down_shexp.weight,2048x4096,BF16,16777216,shared experts and shared gate,GPU configured,0,16777216
deepseek,DeepSeek-V4-Flash-0731-UD-Q8_K_XL-00003-of-00005.gguf,blk.19.ffn_gate_exps.weight,4096x2048x256,MXFP4,1140850688,routed experts,system RAM,26738688,26738688
deepseek,DeepSeek-V4-Flash-0731-UD-Q8_K_XL-00003-of-00005.gguf,blk.19.ffn_gate_inp.weight,4096x256,BF16,2097152,"routing, norms and other weights",GPU configured,0,2097152
deepseek,DeepSeek-V4-Flash-0731-UD-Q8_K_XL-00003-of-00005.gguf,blk.19.ffn_gate_shexp.weight,4096x2048,BF16,16777216,shared experts and shared gate,GPU configured,0,16777216
deepseek,DeepSeek-V4-Flash-0731-UD-Q8_K_XL-00003-of-00005.gguf,blk.19.ffn_norm.weight,4096,F32,16384,"routing, norms and other weights",GPU configured,0,16384
deepseek,DeepSeek-V4-Flash-0731-UD-Q8_K_XL-00003-of-00005.gguf,blk.19.ffn_up_exps.weight,4096x2048x256,MXFP4,1140850688,routed experts,system RAM,26738688,26738688
deepseek,DeepSeek-V4-Flash-0731-UD-Q8_K_XL-00003-of-00005.gguf,blk.19.ffn_up_shexp.weight,4096x2048,BF16,16777216,shared experts and shared gate,GPU configured,0,16777216
deepseek,DeepSeek-V4-Flash-0731-UD-Q8_K_XL-00003-of-00005.gguf,blk.19.hc_attn_base.weight,24,F32,96,attention and recurrent state weights,GPU configured,0,96
deepseek,DeepSeek-V4-Flash-0731-UD-Q8_K_XL-00003-of-00005.gguf,blk.19.hc_attn_fn.weight,16384x24,F32,1572864,attention and recurrent state weights,GPU configured,0,1572864
deepseek,DeepSeek-V4-Flash-0731-UD-Q8_K_XL-00003-of-00005.gguf,blk.19.hc_attn_scale.weight,3,F32,12,attention and recurrent state weights,GPU configured,0,12
deepseek,DeepSeek-V4-Flash-0731-UD-Q8_K_XL-00003-of-00005.gguf,blk.19.hc_ffn_base.weight,24,F32,96,"routing, norms and other weights",GPU configured,0,96
deepseek,DeepSeek-V4-Flash-0731-UD-Q8_K_XL-00003-of-00005.gguf,blk.19.hc_ffn_fn.weight,16384x24,F32,1572864,"routing, norms and other weights",GPU configured,0,1572864
deepseek,DeepSeek-V4-Flash-0731-UD-Q8_K_XL-00003-of-00005.gguf,blk.19.hc_ffn_scale.weight,3,F32,12,"routing, norms and other weights",GPU configured,0,12
deepseek,DeepSeek-V4-Flash-0731-UD-Q8_K_XL-00003-of-00005.gguf,blk.20.attn_compressor_ape.weight,1024x4,F32,16384,attention and recurrent state weights,GPU configured,0,16384
deepseek,DeepSeek-V4-Flash-0731-UD-Q8_K_XL-00003-of-00005.gguf,blk.20.attn_compressor_gate.weight,4096x1024,BF16,8388608,attention and recurrent state weights,GPU configured,0,8388608
deepseek,DeepSeek-V4-Flash-0731-UD-Q8_K_XL-00003-of-00005.gguf,blk.20.attn_compressor_kv.weight,4096x1024,BF16,8388608,attention and recurrent state weights,GPU configured,0,8388608
deepseek,DeepSeek-V4-Flash-0731-UD-Q8_K_XL-00003-of-00005.gguf,blk.20.attn_compressor_norm.weight,512,F32,2048,attention and recurrent state weights,GPU configured,0,2048
deepseek,DeepSeek-V4-Flash-0731-UD-Q8_K_XL-00003-of-00005.gguf,blk.20.attn_kv.weight,4096x512,BF16,4194304,attention and recurrent state weights,GPU configured,0,4194304
deepseek,DeepSeek-V4-Flash-0731-UD-Q8_K_XL-00003-of-00005.gguf,blk.20.attn_kv_a_norm.weight,512,F32,2048,attention and recurrent state weights,GPU configured,0,2048
deepseek,DeepSeek-V4-Flash-0731-UD-Q8_K_XL-00003-of-00005.gguf,blk.20.attn_norm.weight,4096,F32,16384,attention and recurrent state weights,GPU configured,0,16384
deepseek,DeepSeek-V4-Flash-0731-UD-Q8_K_XL-00003-of-00005.gguf,blk.20.attn_output_a.weight,4096x8192,BF16,67108864,attention and recurrent state weights,GPU configured,0,67108864
deepseek,DeepSeek-V4-Flash-0731-UD-Q8_K_XL-00003-of-00005.gguf,blk.20.attn_output_b.weight,8192x4096,BF16,67108864,attention and recurrent state weights,GPU configured,0,67108864
deepseek,DeepSeek-V4-Flash-0731-UD-Q8_K_XL-00003-of-00005.gguf,blk.20.attn_q_a.weight,4096x1024,BF16,8388608,attention and recurrent state weights,GPU configured,0,8388608
deepseek,DeepSeek-V4-Flash-0731-UD-Q8_K_XL-00003-of-00005.gguf,blk.20.attn_q_a_norm.weight,1024,F32,4096,attention and recurrent state weights,GPU configured,0,4096
deepseek,DeepSeek-V4-Flash-0731-UD-Q8_K_XL-00003-of-00005.gguf,blk.20.attn_q_b.weight,1024x32768,BF16,67108864,attention and recurrent state weights,GPU configured,0,67108864
deepseek,DeepSeek-V4-Flash-0731-UD-Q8_K_XL-00003-of-00005.gguf,blk.20.attn_sinks.weight,64,F32,256,attention and recurrent state weights,GPU configured,0,256
deepseek,DeepSeek-V4-Flash-0731-UD-Q8_K_XL-00003-of-00005.gguf,blk.20.exp_probs_b.bias,256,F32,1024,"routing, norms and other weights",GPU configured,0,1024
deepseek,DeepSeek-V4-Flash-0731-UD-Q8_K_XL-00003-of-00005.gguf,blk.20.ffn_down_exps.weight,2048x4096x256,MXFP4,1140850688,routed experts,system RAM,26738688,26738688
deepseek,DeepSeek-V4-Flash-0731-UD-Q8_K_XL-00003-of-00005.gguf,blk.20.ffn_down_shexp.weight,2048x4096,BF16,16777216,shared experts and shared gate,GPU configured,0,16777216
deepseek,DeepSeek-V4-Flash-0731-UD-Q8_K_XL-00003-of-00005.gguf,blk.20.ffn_gate_exps.weight,4096x2048x256,MXFP4,1140850688,routed experts,system RAM,26738688,26738688
deepseek,DeepSeek-V4-Flash-0731-UD-Q8_K_XL-00003-of-00005.gguf,blk.20.ffn_gate_inp.weight,4096x256,BF16,2097152,"routing, norms and other weights",GPU configured,0,2097152
deepseek,DeepSeek-V4-Flash-0731-UD-Q8_K_XL-00003-of-00005.gguf,blk.20.ffn_gate_shexp.weight,4096x2048,BF16,16777216,shared experts and shared gate,GPU configured,0,16777216
deepseek,DeepSeek-V4-Flash-0731-UD-Q8_K_XL-00003-of-00005.gguf,blk.20.ffn_norm.weight,4096,F32,16384,"routing, norms and other weights",GPU configured,0,16384
deepseek,DeepSeek-V4-Flash-0731-UD-Q8_K_XL-00003-of-00005.gguf,blk.20.ffn_up_exps.weight,4096x2048x256,MXFP4,1140850688,routed experts,system RAM,26738688,26738688
deepseek,DeepSeek-V4-Flash-0731-UD-Q8_K_XL-00003-of-00005.gguf,blk.20.ffn_up_shexp.weight,4096x2048,BF16,16777216,shared experts and shared gate,GPU configured,0,16777216
deepseek,DeepSeek-V4-Flash-0731-UD-Q8_K_XL-00003-of-00005.gguf,blk.20.hc_attn_base.weight,24,F32,96,attention and recurrent state weights,GPU configured,0,96
deepseek,DeepSeek-V4-Flash-0731-UD-Q8_K_XL-00003-of-00005.gguf,blk.20.hc_attn_fn.weight,16384x24,F32,1572864,attention and recurrent state weights,GPU configured,0,1572864
deepseek,DeepSeek-V4-Flash-0731-UD-Q8_K_XL-00003-of-00005.gguf,blk.20.hc_attn_scale.weight,3,F32,12,attention and recurrent state weights,GPU configured,0,12
deepseek,DeepSeek-V4-Flash-0731-UD-Q8_K_XL-00003-of-00005.gguf,blk.20.hc_ffn_base.weight,24,F32,96,"routing, norms and other weights",GPU configured,0,96
deepseek,DeepSeek-V4-Flash-0731-UD-Q8_K_XL-00003-of-00005.gguf,blk.20.hc_ffn_fn.weight,16384x24,F32,1572864,"routing, norms and other weights",GPU configured,0,1572864
deepseek,DeepSeek-V4-Flash-0731-UD-Q8_K_XL-00003-of-00005.gguf,blk.20.hc_ffn_scale.weight,3,F32,12,"routing, norms and other weights",GPU configured,0,12
deepseek,DeepSeek-V4-Flash-0731-UD-Q8_K_XL-00003-of-00005.gguf,blk.20.indexer.attn_q_b.weight,1024x8192,BF16,16777216,attention and recurrent state weights,GPU configured,0,16777216
deepseek,DeepSeek-V4-Flash-0731-UD-Q8_K_XL-00003-of-00005.gguf,blk.20.indexer.proj.weight,4096x64,BF16,524288,attention and recurrent state weights,GPU configured,0,524288
deepseek,DeepSeek-V4-Flash-0731-UD-Q8_K_XL-00003-of-00005.gguf,blk.20.indexer_compressor_ape.weight,256x4,F32,4096,attention and recurrent state weights,GPU configured,0,4096
deepseek,DeepSeek-V4-Flash-0731-UD-Q8_K_XL-00003-of-00005.gguf,blk.20.indexer_compressor_gate.weight,4096x256,BF16,2097152,attention and recurrent state weights,GPU configured,0,2097152
deepseek,DeepSeek-V4-Flash-0731-UD-Q8_K_XL-00003-of-00005.gguf,blk.20.indexer_compressor_kv.weight,4096x256,BF16,2097152,attention and recurrent state weights,GPU configured,0,2097152
deepseek,DeepSeek-V4-Flash-0731-UD-Q8_K_XL-00003-of-00005.gguf,blk.20.indexer_compressor_norm.weight,128,F32,512,attention and recurrent state weights,GPU configured,0,512
deepseek,DeepSeek-V4-Flash-0731-UD-Q8_K_XL-00003-of-00005.gguf,blk.21.attn_compressor_ape.weight,512x128,F32,262144,attention and recurrent state weights,GPU configured,0,262144
deepseek,DeepSeek-V4-Flash-0731-UD-Q8_K_XL-00003-of-00005.gguf,blk.21.attn_compressor_gate.weight,4096x512,BF16,4194304,attention and recurrent state weights,GPU configured,0,4194304
deepseek,DeepSeek-V4-Flash-0731-UD-Q8_K_XL-00003-of-00005.gguf,blk.21.attn_compressor_kv.weight,4096x512,BF16,4194304,attention and recurrent state weights,GPU configured,0,4194304
deepseek,DeepSeek-V4-Flash-0731-UD-Q8_K_XL-00003-of-00005.gguf,blk.21.attn_compressor_norm.weight,512,F32,2048,attention and recurrent state weights,GPU configured,0,2048
deepseek,DeepSeek-V4-Flash-0731-UD-Q8_K_XL-00003-of-00005.gguf,blk.21.attn_kv.weight,4096x512,BF16,4194304,attention and recurrent state weights,GPU configured,0,4194304
deepseek,DeepSeek-V4-Flash-0731-UD-Q8_K_XL-00003-of-00005.gguf,blk.21.attn_kv_a_norm.weight,512,F32,2048,attention and recurrent state weights,GPU configured,0,2048
deepseek,DeepSeek-V4-Flash-0731-UD-Q8_K_XL-00003-of-00005.gguf,blk.21.attn_norm.weight,4096,F32,16384,attention and recurrent state weights,GPU configured,0,16384
deepseek,DeepSeek-V4-Flash-0731-UD-Q8_K_XL-00003-of-00005.gguf,blk.21.attn_output_a.weight,4096x8192,BF16,67108864,attention and recurrent state weights,GPU configured,0,67108864
deepseek,DeepSeek-V4-Flash-0731-UD-Q8_K_XL-00003-of-00005.gguf,blk.21.attn_output_b.weight,8192x4096,BF16,67108864,attention and recurrent state weights,GPU configured,0,67108864
deepseek,DeepSeek-V4-Flash-0731-UD-Q8_K_XL-00003-of-00005.gguf,blk.21.attn_q_a.weight,4096x1024,BF16,8388608,attention and recurrent state weights,GPU configured,0,8388608
deepseek,DeepSeek-V4-Flash-0731-UD-Q8_K_XL-00003-of-00005.gguf,blk.21.attn_q_a_norm.weight,1024,F32,4096,attention and recurrent state weights,GPU configured,0,4096
deepseek,DeepSeek-V4-Flash-0731-UD-Q8_K_XL-00003-of-00005.gguf,blk.21.attn_q_b.weight,1024x32768,BF16,67108864,attention and recurrent state weights,GPU configured,0,67108864
deepseek,DeepSeek-V4-Flash-0731-UD-Q8_K_XL-00003-of-00005.gguf,blk.21.attn_sinks.weight,64,F32,256,attention and recurrent state weights,GPU configured,0,256
deepseek,DeepSeek-V4-Flash-0731-UD-Q8_K_XL-00003-of-00005.gguf,blk.21.exp_probs_b.bias,256,F32,1024,"routing, norms and other weights",GPU configured,0,1024
deepseek,DeepSeek-V4-Flash-0731-UD-Q8_K_XL-00003-of-00005.gguf,blk.21.ffn_down_exps.weight,2048x4096x256,MXFP4,1140850688,routed experts,system RAM,26738688,26738688
deepseek,DeepSeek-V4-Flash-0731-UD-Q8_K_XL-00003-of-00005.gguf,blk.21.ffn_down_shexp.weight,2048x4096,BF16,16777216,shared experts and shared gate,GPU configured,0,16777216
deepseek,DeepSeek-V4-Flash-0731-UD-Q8_K_XL-00003-of-00005.gguf,blk.21.ffn_gate_exps.weight,4096x2048x256,MXFP4,1140850688,routed experts,system RAM,26738688,26738688
deepseek,DeepSeek-V4-Flash-0731-UD-Q8_K_XL-00003-of-00005.gguf,blk.21.ffn_gate_inp.weight,4096x256,BF16,2097152,"routing, norms and other weights",GPU configured,0,2097152
deepseek,DeepSeek-V4-Flash-0731-UD-Q8_K_XL-00003-of-00005.gguf,blk.21.ffn_gate_shexp.weight,4096x2048,BF16,16777216,shared experts and shared gate,GPU configured,0,16777216
deepseek,DeepSeek-V4-Flash-0731-UD-Q8_K_XL-00003-of-00005.gguf,blk.21.ffn_norm.weight,4096,F32,16384,"routing, norms and other weights",GPU configured,0,16384
deepseek,DeepSeek-V4-Flash-0731-UD-Q8_K_XL-00003-of-00005.gguf,blk.21.ffn_up_exps.weight,4096x2048x256,MXFP4,1140850688,routed experts,system RAM,26738688,26738688
deepseek,DeepSeek-V4-Flash-0731-UD-Q8_K_XL-00003-of-00005.gguf,blk.21.ffn_up_shexp.weight,4096x2048,BF16,16777216,shared experts and shared gate,GPU configured,0,16777216
deepseek,DeepSeek-V4-Flash-0731-UD-Q8_K_XL-00003-of-00005.gguf,blk.21.hc_attn_base.weight,24,F32,96,attention and recurrent state weights,GPU configured,0,96
deepseek,DeepSeek-V4-Flash-0731-UD-Q8_K_XL-00003-of-00005.gguf,blk.21.hc_attn_fn.weight,16384x24,F32,1572864,attention and recurrent state weights,GPU configured,0,1572864
deepseek,DeepSeek-V4-Flash-0731-UD-Q8_K_XL-00003-of-00005.gguf,blk.21.hc_attn_scale.weight,3,F32,12,attention and recurrent state weights,GPU configured,0,12
deepseek,DeepSeek-V4-Flash-0731-UD-Q8_K_XL-00003-of-00005.gguf,blk.21.hc_ffn_base.weight,24,F32,96,"routing, norms and other weights",GPU configured,0,96
deepseek,DeepSeek-V4-Flash-0731-UD-Q8_K_XL-00003-of-00005.gguf,blk.21.hc_ffn_fn.weight,16384x24,F32,1572864,"routing, norms and other weights",GPU configured,0,1572864
deepseek,DeepSeek-V4-Flash-0731-UD-Q8_K_XL-00003-of-00005.gguf,blk.21.hc_ffn_scale.weight,3,F32,12,"routing, norms and other weights",GPU configured,0,12
deepseek,DeepSeek-V4-Flash-0731-UD-Q8_K_XL-00003-of-00005.gguf,blk.22.attn_compressor_ape.weight,1024x4,F32,16384,attention and recurrent state weights,GPU configured,0,16384
deepseek,DeepSeek-V4-Flash-0731-UD-Q8_K_XL-00003-of-00005.gguf,blk.22.attn_compressor_gate.weight,4096x1024,BF16,8388608,attention and recurrent state weights,GPU configured,0,8388608
deepseek,DeepSeek-V4-Flash-0731-UD-Q8_K_XL-00003-of-00005.gguf,blk.22.attn_compressor_kv.weight,4096x1024,BF16,8388608,attention and recurrent state weights,GPU configured,0,8388608
deepseek,DeepSeek-V4-Flash-0731-UD-Q8_K_XL-00003-of-00005.gguf,blk.22.attn_compressor_norm.weight,512,F32,2048,attention and recurrent state weights,GPU configured,0,2048
deepseek,DeepSeek-V4-Flash-0731-UD-Q8_K_XL-00003-of-00005.gguf,blk.22.attn_kv.weight,4096x512,BF16,4194304,attention and recurrent state weights,GPU configured,0,4194304
deepseek,DeepSeek-V4-Flash-0731-UD-Q8_K_XL-00003-of-00005.gguf,blk.22.attn_kv_a_norm.weight,512,F32,2048,attention and recurrent state weights,GPU configured,0,2048
deepseek,DeepSeek-V4-Flash-0731-UD-Q8_K_XL-00003-of-00005.gguf,blk.22.attn_norm.weight,4096,F32,16384,attention and recurrent state weights,GPU configured,0,16384
deepseek,DeepSeek-V4-Flash-0731-UD-Q8_K_XL-00003-of-00005.gguf,blk.22.attn_output_a.weight,4096x8192,BF16,67108864,attention and recurrent state weights,GPU configured,0,67108864
deepseek,DeepSeek-V4-Flash-0731-UD-Q8_K_XL-00003-of-00005.gguf,blk.22.attn_output_b.weight,8192x4096,BF16,67108864,attention and recurrent state weights,GPU configured,0,67108864
deepseek,DeepSeek-V4-Flash-0731-UD-Q8_K_XL-00003-of-00005.gguf,blk.22.attn_q_a.weight,4096x1024,BF16,8388608,attention and recurrent state weights,GPU configured,0,8388608
deepseek,DeepSeek-V4-Flash-0731-UD-Q8_K_XL-00003-of-00005.gguf,blk.22.attn_q_a_norm.weight,1024,F32,4096,attention and recurrent state weights,GPU configured,0,4096
deepseek,DeepSeek-V4-Flash-0731-UD-Q8_K_XL-00003-of-00005.gguf,blk.22.attn_q_b.weight,1024x32768,BF16,67108864,attention and recurrent state weights,GPU configured,0,67108864
deepseek,DeepSeek-V4-Flash-0731-UD-Q8_K_XL-00003-of-00005.gguf,blk.22.attn_sinks.weight,64,F32,256,attention and recurrent state weights,GPU configured,0,256
deepseek,DeepSeek-V4-Flash-0731-UD-Q8_K_XL-00003-of-00005.gguf,blk.22.exp_probs_b.bias,256,F32,1024,"routing, norms and other weights",GPU configured,0,1024
deepseek,DeepSeek-V4-Flash-0731-UD-Q8_K_XL-00003-of-00005.gguf,blk.22.ffn_down_exps.weight,2048x4096x256,MXFP4,1140850688,routed experts,system RAM,26738688,26738688
deepseek,DeepSeek-V4-Flash-0731-UD-Q8_K_XL-00003-of-00005.gguf,blk.22.ffn_down_shexp.weight,2048x4096,BF16,16777216,shared experts and shared gate,GPU configured,0,16777216
deepseek,DeepSeek-V4-Flash-0731-UD-Q8_K_XL-00003-of-00005.gguf,blk.22.ffn_gate_exps.weight,4096x2048x256,MXFP4,1140850688,routed experts,system RAM,26738688,26738688
deepseek,DeepSeek-V4-Flash-0731-UD-Q8_K_XL-00003-of-00005.gguf,blk.22.ffn_gate_inp.weight,4096x256,BF16,2097152,"routing, norms and other weights",GPU configured,0,2097152
deepseek,DeepSeek-V4-Flash-0731-UD-Q8_K_XL-00003-of-00005.gguf,blk.22.ffn_gate_shexp.weight,4096x2048,BF16,16777216,shared experts and shared gate,GPU configured,0,16777216
deepseek,DeepSeek-V4-Flash-0731-UD-Q8_K_XL-00003-of-00005.gguf,blk.22.ffn_norm.weight,4096,F32,16384,"routing, norms and other weights",GPU configured,0,16384
deepseek,DeepSeek-V4-Flash-0731-UD-Q8_K_XL-00003-of-00005.gguf,blk.22.ffn_up_exps.weight,4096x2048x256,MXFP4,1140850688,routed experts,system RAM,26738688,26738688
deepseek,DeepSeek-V4-Flash-0731-UD-Q8_K_XL-00003-of-00005.gguf,blk.22.ffn_up_shexp.weight,4096x2048,BF16,16777216,shared experts and shared gate,GPU configured,0,16777216
deepseek,DeepSeek-V4-Flash-0731-UD-Q8_K_XL-00003-of-00005.gguf,blk.22.hc_attn_base.weight,24,F32,96,attention and recurrent state weights,GPU configured,0,96
deepseek,DeepSeek-V4-Flash-0731-UD-Q8_K_XL-00003-of-00005.gguf,blk.22.hc_attn_fn.weight,16384x24,F32,1572864,attention and recurrent state weights,GPU configured,0,1572864
deepseek,DeepSeek-V4-Flash-0731-UD-Q8_K_XL-00003-of-00005.gguf,blk.22.hc_attn_scale.weight,3,F32,12,attention and recurrent state weights,GPU configured,0,12
deepseek,DeepSeek-V4-Flash-0731-UD-Q8_K_XL-00003-of-00005.gguf,blk.22.hc_ffn_base.weight,24,F32,96,"routing, norms and other weights",GPU configured,0,96
deepseek,DeepSeek-V4-Flash-0731-UD-Q8_K_XL-00003-of-00005.gguf,blk.22.hc_ffn_fn.weight,16384x24,F32,1572864,"routing, norms and other weights",GPU configured,0,1572864
deepseek,DeepSeek-V4-Flash-0731-UD-Q8_K_XL-00003-of-00005.gguf,blk.22.hc_ffn_scale.weight,3,F32,12,"routing, norms and other weights",GPU configured,0,12
deepseek,DeepSeek-V4-Flash-0731-UD-Q8_K_XL-00003-of-00005.gguf,blk.22.indexer.attn_q_b.weight,1024x8192,BF16,16777216,attention and recurrent state weights,GPU configured,0,16777216
deepseek,DeepSeek-V4-Flash-0731-UD-Q8_K_XL-00003-of-00005.gguf,blk.22.indexer.proj.weight,4096x64,BF16,524288,attention and recurrent state weights,GPU configured,0,524288
deepseek,DeepSeek-V4-Flash-0731-UD-Q8_K_XL-00003-of-00005.gguf,blk.22.indexer_compressor_ape.weight,256x4,F32,4096,attention and recurrent state weights,GPU configured,0,4096
deepseek,DeepSeek-V4-Flash-0731-UD-Q8_K_XL-00003-of-00005.gguf,blk.22.indexer_compressor_gate.weight,4096x256,BF16,2097152,attention and recurrent state weights,GPU configured,0,2097152
deepseek,DeepSeek-V4-Flash-0731-UD-Q8_K_XL-00003-of-00005.gguf,blk.22.indexer_compressor_kv.weight,4096x256,BF16,2097152,attention and recurrent state weights,GPU configured,0,2097152
deepseek,DeepSeek-V4-Flash-0731-UD-Q8_K_XL-00003-of-00005.gguf,blk.22.indexer_compressor_norm.weight,128,F32,512,attention and recurrent state weights,GPU configured,0,512
deepseek,DeepSeek-V4-Flash-0731-UD-Q8_K_XL-00003-of-00005.gguf,blk.23.attn_compressor_ape.weight,512x128,F32,262144,attention and recurrent state weights,GPU configured,0,262144
deepseek,DeepSeek-V4-Flash-0731-UD-Q8_K_XL-00003-of-00005.gguf,blk.23.attn_compressor_gate.weight,4096x512,BF16,4194304,attention and recurrent state weights,GPU configured,0,4194304
deepseek,DeepSeek-V4-Flash-0731-UD-Q8_K_XL-00003-of-00005.gguf,blk.23.attn_compressor_kv.weight,4096x512,BF16,4194304,attention and recurrent state weights,GPU configured,0,4194304
deepseek,DeepSeek-V4-Flash-0731-UD-Q8_K_XL-00003-of-00005.gguf,blk.23.attn_compressor_norm.weight,512,F32,2048,attention and recurrent state weights,GPU configured,0,2048
deepseek,DeepSeek-V4-Flash-0731-UD-Q8_K_XL-00003-of-00005.gguf,blk.23.attn_kv.weight,4096x512,BF16,4194304,attention and recurrent state weights,GPU configured,0,4194304
deepseek,DeepSeek-V4-Flash-0731-UD-Q8_K_XL-00003-of-00005.gguf,blk.23.attn_kv_a_norm.weight,512,F32,2048,attention and recurrent state weights,GPU configured,0,2048
deepseek,DeepSeek-V4-Flash-0731-UD-Q8_K_XL-00003-of-00005.gguf,blk.23.attn_norm.weight,4096,F32,16384,attention and recurrent state weights,GPU configured,0,16384
deepseek,DeepSeek-V4-Flash-0731-UD-Q8_K_XL-00003-of-00005.gguf,blk.23.attn_output_a.weight,4096x8192,BF16,67108864,attention and recurrent state weights,GPU configured,0,67108864
deepseek,DeepSeek-V4-Flash-0731-UD-Q8_K_XL-00003-of-00005.gguf,blk.23.attn_output_b.weight,8192x4096,BF16,67108864,attention and recurrent state weights,GPU configured,0,67108864
deepseek,DeepSeek-V4-Flash-0731-UD-Q8_K_XL-00003-of-00005.gguf,blk.23.attn_q_a.weight,4096x1024,BF16,8388608,attention and recurrent state weights,GPU configured,0,8388608
deepseek,DeepSeek-V4-Flash-0731-UD-Q8_K_XL-00003-of-00005.gguf,blk.23.attn_q_a_norm.weight,1024,F32,4096,attention and recurrent state weights,GPU configured,0,4096
deepseek,DeepSeek-V4-Flash-0731-UD-Q8_K_XL-00003-of-00005.gguf,blk.23.attn_q_b.weight,1024x32768,BF16,67108864,attention and recurrent state weights,GPU configured,0,67108864
deepseek,DeepSeek-V4-Flash-0731-UD-Q8_K_XL-00003-of-00005.gguf,blk.23.attn_sinks.weight,64,F32,256,attention and recurrent state weights,GPU configured,0,256
deepseek,DeepSeek-V4-Flash-0731-UD-Q8_K_XL-00003-of-00005.gguf,blk.23.exp_probs_b.bias,256,F32,1024,"routing, norms and other weights",GPU configured,0,1024
deepseek,DeepSeek-V4-Flash-0731-UD-Q8_K_XL-00003-of-00005.gguf,blk.23.ffn_down_exps.weight,2048x4096x256,MXFP4,1140850688,routed experts,system RAM,26738688,26738688
deepseek,DeepSeek-V4-Flash-0731-UD-Q8_K_XL-00003-of-00005.gguf,blk.23.ffn_down_shexp.weight,2048x4096,BF16,16777216,shared experts and shared gate,GPU configured,0,16777216
deepseek,DeepSeek-V4-Flash-0731-UD-Q8_K_XL-00003-of-00005.gguf,blk.23.ffn_gate_exps.weight,4096x2048x256,MXFP4,1140850688,routed experts,system RAM,26738688,26738688
deepseek,DeepSeek-V4-Flash-0731-UD-Q8_K_XL-00003-of-00005.gguf,blk.23.ffn_gate_inp.weight,4096x256,BF16,2097152,"routing, norms and other weights",GPU configured,0,2097152
deepseek,DeepSeek-V4-Flash-0731-UD-Q8_K_XL-00003-of-00005.gguf,blk.23.ffn_gate_shexp.weight,4096x2048,BF16,16777216,shared experts and shared gate,GPU configured,0,16777216
deepseek,DeepSeek-V4-Flash-0731-UD-Q8_K_XL-00003-of-00005.gguf,blk.23.ffn_norm.weight,4096,F32,16384,"routing, norms and other weights",GPU configured,0,16384
deepseek,DeepSeek-V4-Flash-0731-UD-Q8_K_XL-00003-of-00005.gguf,blk.23.ffn_up_exps.weight,4096x2048x256,MXFP4,1140850688,routed experts,system RAM,26738688,26738688
deepseek,DeepSeek-V4-Flash-0731-UD-Q8_K_XL-00003-of-00005.gguf,blk.23.ffn_up_shexp.weight,4096x2048,BF16,16777216,shared experts and shared gate,GPU configured,0,16777216
deepseek,DeepSeek-V4-Flash-0731-UD-Q8_K_XL-00003-of-00005.gguf,blk.23.hc_attn_base.weight,24,F32,96,attention and recurrent state weights,GPU configured,0,96
deepseek,DeepSeek-V4-Flash-0731-UD-Q8_K_XL-00003-of-00005.gguf,blk.23.hc_attn_fn.weight,16384x24,F32,1572864,attention and recurrent state weights,GPU configured,0,1572864
deepseek,DeepSeek-V4-Flash-0731-UD-Q8_K_XL-00003-of-00005.gguf,blk.23.hc_attn_scale.weight,3,F32,12,attention and recurrent state weights,GPU configured,0,12
deepseek,DeepSeek-V4-Flash-0731-UD-Q8_K_XL-00003-of-00005.gguf,blk.23.hc_ffn_base.weight,24,F32,96,"routing, norms and other weights",GPU configured,0,96
deepseek,DeepSeek-V4-Flash-0731-UD-Q8_K_XL-00003-of-00005.gguf,blk.23.hc_ffn_fn.weight,16384x24,F32,1572864,"routing, norms and other weights",GPU configured,0,1572864
deepseek,DeepSeek-V4-Flash-0731-UD-Q8_K_XL-00003-of-00005.gguf,blk.23.hc_ffn_scale.weight,3,F32,12,"routing, norms and other weights",GPU configured,0,12
deepseek,DeepSeek-V4-Flash-0731-UD-Q8_K_XL-00003-of-00005.gguf,blk.24.attn_compressor_ape.weight,1024x4,F32,16384,attention and recurrent state weights,GPU configured,0,16384
deepseek,DeepSeek-V4-Flash-0731-UD-Q8_K_XL-00003-of-00005.gguf,blk.24.attn_compressor_gate.weight,4096x1024,BF16,8388608,attention and recurrent state weights,GPU configured,0,8388608
deepseek,DeepSeek-V4-Flash-0731-UD-Q8_K_XL-00003-of-00005.gguf,blk.24.attn_compressor_kv.weight,4096x1024,BF16,8388608,attention and recurrent state weights,GPU configured,0,8388608
deepseek,DeepSeek-V4-Flash-0731-UD-Q8_K_XL-00003-of-00005.gguf,blk.24.attn_compressor_norm.weight,512,F32,2048,attention and recurrent state weights,GPU configured,0,2048
deepseek,DeepSeek-V4-Flash-0731-UD-Q8_K_XL-00003-of-00005.gguf,blk.24.attn_kv.weight,4096x512,BF16,4194304,attention and recurrent state weights,GPU configured,0,4194304
deepseek,DeepSeek-V4-Flash-0731-UD-Q8_K_XL-00003-of-00005.gguf,blk.24.attn_kv_a_norm.weight,512,F32,2048,attention and recurrent state weights,GPU configured,0,2048
deepseek,DeepSeek-V4-Flash-0731-UD-Q8_K_XL-00003-of-00005.gguf,blk.24.attn_norm.weight,4096,F32,16384,attention and recurrent state weights,GPU configured,0,16384
deepseek,DeepSeek-V4-Flash-0731-UD-Q8_K_XL-00003-of-00005.gguf,blk.24.attn_output_a.weight,4096x8192,BF16,67108864,attention and recurrent state weights,GPU configured,0,67108864
deepseek,DeepSeek-V4-Flash-0731-UD-Q8_K_XL-00003-of-00005.gguf,blk.24.attn_output_b.weight,8192x4096,BF16,67108864,attention and recurrent state weights,GPU configured,0,67108864
deepseek,DeepSeek-V4-Flash-0731-UD-Q8_K_XL-00003-of-00005.gguf,blk.24.attn_q_a.weight,4096x1024,BF16,8388608,attention and recurrent state weights,GPU configured,0,8388608
deepseek,DeepSeek-V4-Flash-0731-UD-Q8_K_XL-00003-of-00005.gguf,blk.24.attn_q_a_norm.weight,1024,F32,4096,attention and recurrent state weights,GPU configured,0,4096
deepseek,DeepSeek-V4-Flash-0731-UD-Q8_K_XL-00003-of-00005.gguf,blk.24.attn_q_b.weight,1024x32768,BF16,67108864,attention and recurrent state weights,GPU configured,0,67108864
deepseek,DeepSeek-V4-Flash-0731-UD-Q8_K_XL-00003-of-00005.gguf,blk.24.attn_sinks.weight,64,F32,256,attention and recurrent state weights,GPU configured,0,256
deepseek,DeepSeek-V4-Flash-0731-UD-Q8_K_XL-00003-of-00005.gguf,blk.24.exp_probs_b.bias,256,F32,1024,"routing, norms and other weights",GPU configured,0,1024
deepseek,DeepSeek-V4-Flash-0731-UD-Q8_K_XL-00003-of-00005.gguf,blk.24.ffn_down_exps.weight,2048x4096x256,MXFP4,1140850688,routed experts,system RAM,26738688,26738688
deepseek,DeepSeek-V4-Flash-0731-UD-Q8_K_XL-00003-of-00005.gguf,blk.24.ffn_down_shexp.weight,2048x4096,BF16,16777216,shared experts and shared gate,GPU configured,0,16777216
deepseek,DeepSeek-V4-Flash-0731-UD-Q8_K_XL-00003-of-00005.gguf,blk.24.ffn_gate_exps.weight,4096x2048x256,MXFP4,1140850688,routed experts,system RAM,26738688,26738688
deepseek,DeepSeek-V4-Flash-0731-UD-Q8_K_XL-00003-of-00005.gguf,blk.24.ffn_gate_inp.weight,4096x256,BF16,2097152,"routing, norms and other weights",GPU configured,0,2097152
deepseek,DeepSeek-V4-Flash-0731-UD-Q8_K_XL-00003-of-00005.gguf,blk.24.ffn_gate_shexp.weight,4096x2048,BF16,16777216,shared experts and shared gate,GPU configured,0,16777216
deepseek,DeepSeek-V4-Flash-0731-UD-Q8_K_XL-00003-of-00005.gguf,blk.24.ffn_norm.weight,4096,F32,16384,"routing, norms and other weights",GPU configured,0,16384
deepseek,DeepSeek-V4-Flash-0731-UD-Q8_K_XL-00003-of-00005.gguf,blk.24.ffn_up_exps.weight,4096x2048x256,MXFP4,1140850688,routed experts,system RAM,26738688,26738688
deepseek,DeepSeek-V4-Flash-0731-UD-Q8_K_XL-00003-of-00005.gguf,blk.24.ffn_up_shexp.weight,4096x2048,BF16,16777216,shared experts and shared gate,GPU configured,0,16777216
deepseek,DeepSeek-V4-Flash-0731-UD-Q8_K_XL-00003-of-00005.gguf,blk.24.hc_attn_base.weight,24,F32,96,attention and recurrent state weights,GPU configured,0,96
deepseek,DeepSeek-V4-Flash-0731-UD-Q8_K_XL-00003-of-00005.gguf,blk.24.hc_attn_fn.weight,16384x24,F32,1572864,attention and recurrent state weights,GPU configured,0,1572864
deepseek,DeepSeek-V4-Flash-0731-UD-Q8_K_XL-00003-of-00005.gguf,blk.24.hc_attn_scale.weight,3,F32,12,attention and recurrent state weights,GPU configured,0,12
deepseek,DeepSeek-V4-Flash-0731-UD-Q8_K_XL-00003-of-00005.gguf,blk.24.hc_ffn_base.weight,24,F32,96,"routing, norms and other weights",GPU configured,0,96
deepseek,DeepSeek-V4-Flash-0731-UD-Q8_K_XL-00003-of-00005.gguf,blk.24.hc_ffn_fn.weight,16384x24,F32,1572864,"routing, norms and other weights",GPU configured,0,1572864
deepseek,DeepSeek-V4-Flash-0731-UD-Q8_K_XL-00003-of-00005.gguf,blk.24.hc_ffn_scale.weight,3,F32,12,"routing, norms and other weights",GPU configured,0,12
deepseek,DeepSeek-V4-Flash-0731-UD-Q8_K_XL-00003-of-00005.gguf,blk.24.indexer.attn_q_b.weight,1024x8192,BF16,16777216,attention and recurrent state weights,GPU configured,0,16777216
deepseek,DeepSeek-V4-Flash-0731-UD-Q8_K_XL-00003-of-00005.gguf,blk.24.indexer.proj.weight,4096x64,BF16,524288,attention and recurrent state weights,GPU configured,0,524288
deepseek,DeepSeek-V4-Flash-0731-UD-Q8_K_XL-00003-of-00005.gguf,blk.24.indexer_compressor_ape.weight,256x4,F32,4096,attention and recurrent state weights,GPU configured,0,4096
deepseek,DeepSeek-V4-Flash-0731-UD-Q8_K_XL-00003-of-00005.gguf,blk.24.indexer_compressor_gate.weight,4096x256,BF16,2097152,attention and recurrent state weights,GPU configured,0,2097152
deepseek,DeepSeek-V4-Flash-0731-UD-Q8_K_XL-00003-of-00005.gguf,blk.24.indexer_compressor_kv.weight,4096x256,BF16,2097152,attention and recurrent state weights,GPU configured,0,2097152
deepseek,DeepSeek-V4-Flash-0731-UD-Q8_K_XL-00003-of-00005.gguf,blk.24.indexer_compressor_norm.weight,128,F32,512,attention and recurrent state weights,GPU configured,0,512
deepseek,DeepSeek-V4-Flash-0731-UD-Q8_K_XL-00003-of-00005.gguf,blk.25.attn_compressor_ape.weight,512x128,F32,262144,attention and recurrent state weights,GPU configured,0,262144
deepseek,DeepSeek-V4-Flash-0731-UD-Q8_K_XL-00003-of-00005.gguf,blk.25.attn_compressor_gate.weight,4096x512,BF16,4194304,attention and recurrent state weights,GPU configured,0,4194304
deepseek,DeepSeek-V4-Flash-0731-UD-Q8_K_XL-00003-of-00005.gguf,blk.25.attn_compressor_kv.weight,4096x512,BF16,4194304,attention and recurrent state weights,GPU configured,0,4194304
deepseek,DeepSeek-V4-Flash-0731-UD-Q8_K_XL-00003-of-00005.gguf,blk.25.attn_compressor_norm.weight,512,F32,2048,attention and recurrent state weights,GPU configured,0,2048
deepseek,DeepSeek-V4-Flash-0731-UD-Q8_K_XL-00003-of-00005.gguf,blk.25.attn_kv.weight,4096x512,BF16,4194304,attention and recurrent state weights,GPU configured,0,4194304
deepseek,DeepSeek-V4-Flash-0731-UD-Q8_K_XL-00003-of-00005.gguf,blk.25.attn_kv_a_norm.weight,512,F32,2048,attention and recurrent state weights,GPU configured,0,2048
deepseek,DeepSeek-V4-Flash-0731-UD-Q8_K_XL-00003-of-00005.gguf,blk.25.attn_norm.weight,4096,F32,16384,attention and recurrent state weights,GPU configured,0,16384
deepseek,DeepSeek-V4-Flash-0731-UD-Q8_K_XL-00003-of-00005.gguf,blk.25.attn_output_a.weight,4096x8192,BF16,67108864,attention and recurrent state weights,GPU configured,0,67108864
deepseek,DeepSeek-V4-Flash-0731-UD-Q8_K_XL-00003-of-00005.gguf,blk.25.attn_output_b.weight,8192x4096,BF16,67108864,attention and recurrent state weights,GPU configured,0,67108864
deepseek,DeepSeek-V4-Flash-0731-UD-Q8_K_XL-00003-of-00005.gguf,blk.25.attn_q_a.weight,4096x1024,BF16,8388608,attention and recurrent state weights,GPU configured,0,8388608
deepseek,DeepSeek-V4-Flash-0731-UD-Q8_K_XL-00003-of-00005.gguf,blk.25.attn_q_a_norm.weight,1024,F32,4096,attention and recurrent state weights,GPU configured,0,4096
deepseek,DeepSeek-V4-Flash-0731-UD-Q8_K_XL-00003-of-00005.gguf,blk.25.attn_q_b.weight,1024x32768,BF16,67108864,attention and recurrent state weights,GPU configured,0,67108864
deepseek,DeepSeek-V4-Flash-0731-UD-Q8_K_XL-00003-of-00005.gguf,blk.25.attn_sinks.weight,64,F32,256,attention and recurrent state weights,GPU configured,0,256
deepseek,DeepSeek-V4-Flash-0731-UD-Q8_K_XL-00003-of-00005.gguf,blk.25.exp_probs_b.bias,256,F32,1024,"routing, norms and other weights",GPU configured,0,1024
deepseek,DeepSeek-V4-Flash-0731-UD-Q8_K_XL-00003-of-00005.gguf,blk.25.ffn_down_exps.weight,2048x4096x256,MXFP4,1140850688,routed experts,system RAM,26738688,26738688
deepseek,DeepSeek-V4-Flash-0731-UD-Q8_K_XL-00003-of-00005.gguf,blk.25.ffn_down_shexp.weight,2048x4096,BF16,16777216,shared experts and shared gate,GPU configured,0,16777216
deepseek,DeepSeek-V4-Flash-0731-UD-Q8_K_XL-00003-of-00005.gguf,blk.25.ffn_gate_exps.weight,4096x2048x256,MXFP4,1140850688,routed experts,system RAM,26738688,26738688
deepseek,DeepSeek-V4-Flash-0731-UD-Q8_K_XL-00003-of-00005.gguf,blk.25.ffn_gate_inp.weight,4096x256,BF16,2097152,"routing, norms and other weights",GPU configured,0,2097152
deepseek,DeepSeek-V4-Flash-0731-UD-Q8_K_XL-00003-of-00005.gguf,blk.25.ffn_gate_shexp.weight,4096x2048,BF16,16777216,shared experts and shared gate,GPU configured,0,16777216
deepseek,DeepSeek-V4-Flash-0731-UD-Q8_K_XL-00003-of-00005.gguf,blk.25.ffn_norm.weight,4096,F32,16384,"routing, norms and other weights",GPU configured,0,16384
deepseek,DeepSeek-V4-Flash-0731-UD-Q8_K_XL-00003-of-00005.gguf,blk.25.ffn_up_exps.weight,4096x2048x256,MXFP4,1140850688,routed experts,system RAM,26738688,26738688
deepseek,DeepSeek-V4-Flash-0731-UD-Q8_K_XL-00003-of-00005.gguf,blk.25.ffn_up_shexp.weight,4096x2048,BF16,16777216,shared experts and shared gate,GPU configured,0,16777216
deepseek,DeepSeek-V4-Flash-0731-UD-Q8_K_XL-00003-of-00005.gguf,blk.25.hc_attn_base.weight,24,F32,96,attention and recurrent state weights,GPU configured,0,96
deepseek,DeepSeek-V4-Flash-0731-UD-Q8_K_XL-00003-of-00005.gguf,blk.25.hc_attn_fn.weight,16384x24,F32,1572864,attention and recurrent state weights,GPU configured,0,1572864
deepseek,DeepSeek-V4-Flash-0731-UD-Q8_K_XL-00003-of-00005.gguf,blk.25.hc_attn_scale.weight,3,F32,12,attention and recurrent state weights,GPU configured,0,12
deepseek,DeepSeek-V4-Flash-0731-UD-Q8_K_XL-00003-of-00005.gguf,blk.25.hc_ffn_base.weight,24,F32,96,"routing, norms and other weights",GPU configured,0,96
deepseek,DeepSeek-V4-Flash-0731-UD-Q8_K_XL-00003-of-00005.gguf,blk.25.hc_ffn_fn.weight,16384x24,F32,1572864,"routing, norms and other weights",GPU configured,0,1572864
deepseek,DeepSeek-V4-Flash-0731-UD-Q8_K_XL-00003-of-00005.gguf,blk.25.hc_ffn_scale.weight,3,F32,12,"routing, norms and other weights",GPU configured,0,12
deepseek,DeepSeek-V4-Flash-0731-UD-Q8_K_XL-00003-of-00005.gguf,blk.26.attn_compressor_ape.weight,1024x4,F32,16384,attention and recurrent state weights,GPU configured,0,16384
deepseek,DeepSeek-V4-Flash-0731-UD-Q8_K_XL-00003-of-00005.gguf,blk.26.attn_compressor_gate.weight,4096x1024,BF16,8388608,attention and recurrent state weights,GPU configured,0,8388608
deepseek,DeepSeek-V4-Flash-0731-UD-Q8_K_XL-00003-of-00005.gguf,blk.26.attn_compressor_kv.weight,4096x1024,BF16,8388608,attention and recurrent state weights,GPU configured,0,8388608
deepseek,DeepSeek-V4-Flash-0731-UD-Q8_K_XL-00003-of-00005.gguf,blk.26.attn_compressor_norm.weight,512,F32,2048,attention and recurrent state weights,GPU configured,0,2048
deepseek,DeepSeek-V4-Flash-0731-UD-Q8_K_XL-00003-of-00005.gguf,blk.26.attn_kv.weight,4096x512,BF16,4194304,attention and recurrent state weights,GPU configured,0,4194304
deepseek,DeepSeek-V4-Flash-0731-UD-Q8_K_XL-00003-of-00005.gguf,blk.26.attn_kv_a_norm.weight,512,F32,2048,attention and recurrent state weights,GPU configured,0,2048
deepseek,DeepSeek-V4-Flash-0731-UD-Q8_K_XL-00003-of-00005.gguf,blk.26.attn_norm.weight,4096,F32,16384,attention and recurrent state weights,GPU configured,0,16384
deepseek,DeepSeek-V4-Flash-0731-UD-Q8_K_XL-00003-of-00005.gguf,blk.26.attn_output_a.weight,4096x8192,BF16,67108864,attention and recurrent state weights,GPU configured,0,67108864
deepseek,DeepSeek-V4-Flash-0731-UD-Q8_K_XL-00003-of-00005.gguf,blk.26.attn_output_b.weight,8192x4096,BF16,67108864,attention and recurrent state weights,GPU configured,0,67108864
deepseek,DeepSeek-V4-Flash-0731-UD-Q8_K_XL-00003-of-00005.gguf,blk.26.attn_q_a.weight,4096x1024,BF16,8388608,attention and recurrent state weights,GPU configured,0,8388608
deepseek,DeepSeek-V4-Flash-0731-UD-Q8_K_XL-00003-of-00005.gguf,blk.26.attn_q_a_norm.weight,1024,F32,4096,attention and recurrent state weights,GPU configured,0,4096
deepseek,DeepSeek-V4-Flash-0731-UD-Q8_K_XL-00003-of-00005.gguf,blk.26.attn_q_b.weight,1024x32768,BF16,67108864,attention and recurrent state weights,GPU configured,0,67108864
deepseek,DeepSeek-V4-Flash-0731-UD-Q8_K_XL-00003-of-00005.gguf,blk.26.attn_sinks.weight,64,F32,256,attention and recurrent state weights,GPU configured,0,256
deepseek,DeepSeek-V4-Flash-0731-UD-Q8_K_XL-00003-of-00005.gguf,blk.26.exp_probs_b.bias,256,F32,1024,"routing, norms and other weights",GPU configured,0,1024
deepseek,DeepSeek-V4-Flash-0731-UD-Q8_K_XL-00004-of-00005.gguf,blk.26.ffn_down_exps.weight,2048x4096x256,MXFP4,1140850688,routed experts,system RAM,26738688,26738688
deepseek,DeepSeek-V4-Flash-0731-UD-Q8_K_XL-00004-of-00005.gguf,blk.26.ffn_down_shexp.weight,2048x4096,BF16,16777216,shared experts and shared gate,GPU configured,0,16777216
deepseek,DeepSeek-V4-Flash-0731-UD-Q8_K_XL-00004-of-00005.gguf,blk.26.ffn_gate_exps.weight,4096x2048x256,MXFP4,1140850688,routed experts,system RAM,26738688,26738688
deepseek,DeepSeek-V4-Flash-0731-UD-Q8_K_XL-00004-of-00005.gguf,blk.26.ffn_gate_inp.weight,4096x256,BF16,2097152,"routing, norms and other weights",GPU configured,0,2097152
deepseek,DeepSeek-V4-Flash-0731-UD-Q8_K_XL-00004-of-00005.gguf,blk.26.ffn_gate_shexp.weight,4096x2048,BF16,16777216,shared experts and shared gate,GPU configured,0,16777216
deepseek,DeepSeek-V4-Flash-0731-UD-Q8_K_XL-00004-of-00005.gguf,blk.26.ffn_norm.weight,4096,F32,16384,"routing, norms and other weights",GPU configured,0,16384
deepseek,DeepSeek-V4-Flash-0731-UD-Q8_K_XL-00004-of-00005.gguf,blk.26.ffn_up_exps.weight,4096x2048x256,MXFP4,1140850688,routed experts,system RAM,26738688,26738688
deepseek,DeepSeek-V4-Flash-0731-UD-Q8_K_XL-00004-of-00005.gguf,blk.26.ffn_up_shexp.weight,4096x2048,BF16,16777216,shared experts and shared gate,GPU configured,0,16777216
deepseek,DeepSeek-V4-Flash-0731-UD-Q8_K_XL-00004-of-00005.gguf,blk.26.hc_attn_base.weight,24,F32,96,attention and recurrent state weights,GPU configured,0,96
deepseek,DeepSeek-V4-Flash-0731-UD-Q8_K_XL-00004-of-00005.gguf,blk.26.hc_attn_fn.weight,16384x24,F32,1572864,attention and recurrent state weights,GPU configured,0,1572864
deepseek,DeepSeek-V4-Flash-0731-UD-Q8_K_XL-00004-of-00005.gguf,blk.26.hc_attn_scale.weight,3,F32,12,attention and recurrent state weights,GPU configured,0,12
deepseek,DeepSeek-V4-Flash-0731-UD-Q8_K_XL-00004-of-00005.gguf,blk.26.hc_ffn_base.weight,24,F32,96,"routing, norms and other weights",GPU configured,0,96
deepseek,DeepSeek-V4-Flash-0731-UD-Q8_K_XL-00004-of-00005.gguf,blk.26.hc_ffn_fn.weight,16384x24,F32,1572864,"routing, norms and other weights",GPU configured,0,1572864
deepseek,DeepSeek-V4-Flash-0731-UD-Q8_K_XL-00004-of-00005.gguf,blk.26.hc_ffn_scale.weight,3,F32,12,"routing, norms and other weights",GPU configured,0,12
deepseek,DeepSeek-V4-Flash-0731-UD-Q8_K_XL-00004-of-00005.gguf,blk.26.indexer.attn_q_b.weight,1024x8192,BF16,16777216,attention and recurrent state weights,GPU configured,0,16777216
deepseek,DeepSeek-V4-Flash-0731-UD-Q8_K_XL-00004-of-00005.gguf,blk.26.indexer.proj.weight,4096x64,BF16,524288,attention and recurrent state weights,GPU configured,0,524288
deepseek,DeepSeek-V4-Flash-0731-UD-Q8_K_XL-00004-of-00005.gguf,blk.26.indexer_compressor_ape.weight,256x4,F32,4096,attention and recurrent state weights,GPU configured,0,4096
deepseek,DeepSeek-V4-Flash-0731-UD-Q8_K_XL-00004-of-00005.gguf,blk.26.indexer_compressor_gate.weight,4096x256,BF16,2097152,attention and recurrent state weights,GPU configured,0,2097152
deepseek,DeepSeek-V4-Flash-0731-UD-Q8_K_XL-00004-of-00005.gguf,blk.26.indexer_compressor_kv.weight,4096x256,BF16,2097152,attention and recurrent state weights,GPU configured,0,2097152
deepseek,DeepSeek-V4-Flash-0731-UD-Q8_K_XL-00004-of-00005.gguf,blk.26.indexer_compressor_norm.weight,128,F32,512,attention and recurrent state weights,GPU configured,0,512
deepseek,DeepSeek-V4-Flash-0731-UD-Q8_K_XL-00004-of-00005.gguf,blk.27.attn_compressor_ape.weight,512x128,F32,262144,attention and recurrent state weights,GPU configured,0,262144
deepseek,DeepSeek-V4-Flash-0731-UD-Q8_K_XL-00004-of-00005.gguf,blk.27.attn_compressor_gate.weight,4096x512,BF16,4194304,attention and recurrent state weights,GPU configured,0,4194304
deepseek,DeepSeek-V4-Flash-0731-UD-Q8_K_XL-00004-of-00005.gguf,blk.27.attn_compressor_kv.weight,4096x512,BF16,4194304,attention and recurrent state weights,GPU configured,0,4194304
deepseek,DeepSeek-V4-Flash-0731-UD-Q8_K_XL-00004-of-00005.gguf,blk.27.attn_compressor_norm.weight,512,F32,2048,attention and recurrent state weights,GPU configured,0,2048
deepseek,DeepSeek-V4-Flash-0731-UD-Q8_K_XL-00004-of-00005.gguf,blk.27.attn_kv.weight,4096x512,BF16,4194304,attention and recurrent state weights,GPU configured,0,4194304
deepseek,DeepSeek-V4-Flash-0731-UD-Q8_K_XL-00004-of-00005.gguf,blk.27.attn_kv_a_norm.weight,512,F32,2048,attention and recurrent state weights,GPU configured,0,2048
deepseek,DeepSeek-V4-Flash-0731-UD-Q8_K_XL-00004-of-00005.gguf,blk.27.attn_norm.weight,4096,F32,16384,attention and recurrent state weights,GPU configured,0,16384
deepseek,DeepSeek-V4-Flash-0731-UD-Q8_K_XL-00004-of-00005.gguf,blk.27.attn_output_a.weight,4096x8192,BF16,67108864,attention and recurrent state weights,GPU configured,0,67108864
deepseek,DeepSeek-V4-Flash-0731-UD-Q8_K_XL-00004-of-00005.gguf,blk.27.attn_output_b.weight,8192x4096,BF16,67108864,attention and recurrent state weights,GPU configured,0,67108864
deepseek,DeepSeek-V4-Flash-0731-UD-Q8_K_XL-00004-of-00005.gguf,blk.27.attn_q_a.weight,4096x1024,BF16,8388608,attention and recurrent state weights,GPU configured,0,8388608
deepseek,DeepSeek-V4-Flash-0731-UD-Q8_K_XL-00004-of-00005.gguf,blk.27.attn_q_a_norm.weight,1024,F32,4096,attention and recurrent state weights,GPU configured,0,4096
deepseek,DeepSeek-V4-Flash-0731-UD-Q8_K_XL-00004-of-00005.gguf,blk.27.attn_q_b.weight,1024x32768,BF16,67108864,attention and recurrent state weights,GPU configured,0,67108864
deepseek,DeepSeek-V4-Flash-0731-UD-Q8_K_XL-00004-of-00005.gguf,blk.27.attn_sinks.weight,64,F32,256,attention and recurrent state weights,GPU configured,0,256
deepseek,DeepSeek-V4-Flash-0731-UD-Q8_K_XL-00004-of-00005.gguf,blk.27.exp_probs_b.bias,256,F32,1024,"routing, norms and other weights",GPU configured,0,1024
deepseek,DeepSeek-V4-Flash-0731-UD-Q8_K_XL-00004-of-00005.gguf,blk.27.ffn_down_exps.weight,2048x4096x256,MXFP4,1140850688,routed experts,system RAM,26738688,26738688
deepseek,DeepSeek-V4-Flash-0731-UD-Q8_K_XL-00004-of-00005.gguf,blk.27.ffn_down_shexp.weight,2048x4096,BF16,16777216,shared experts and shared gate,GPU configured,0,16777216
deepseek,DeepSeek-V4-Flash-0731-UD-Q8_K_XL-00004-of-00005.gguf,blk.27.ffn_gate_exps.weight,4096x2048x256,MXFP4,1140850688,routed experts,system RAM,26738688,26738688
deepseek,DeepSeek-V4-Flash-0731-UD-Q8_K_XL-00004-of-00005.gguf,blk.27.ffn_gate_inp.weight,4096x256,BF16,2097152,"routing, norms and other weights",GPU configured,0,2097152
deepseek,DeepSeek-V4-Flash-0731-UD-Q8_K_XL-00004-of-00005.gguf,blk.27.ffn_gate_shexp.weight,4096x2048,BF16,16777216,shared experts and shared gate,GPU configured,0,16777216
deepseek,DeepSeek-V4-Flash-0731-UD-Q8_K_XL-00004-of-00005.gguf,blk.27.ffn_norm.weight,4096,F32,16384,"routing, norms and other weights",GPU configured,0,16384
deepseek,DeepSeek-V4-Flash-0731-UD-Q8_K_XL-00004-of-00005.gguf,blk.27.ffn_up_exps.weight,4096x2048x256,MXFP4,1140850688,routed experts,system RAM,26738688,26738688
deepseek,DeepSeek-V4-Flash-0731-UD-Q8_K_XL-00004-of-00005.gguf,blk.27.ffn_up_shexp.weight,4096x2048,BF16,16777216,shared experts and shared gate,GPU configured,0,16777216
deepseek,DeepSeek-V4-Flash-0731-UD-Q8_K_XL-00004-of-00005.gguf,blk.27.hc_attn_base.weight,24,F32,96,attention and recurrent state weights,GPU configured,0,96
deepseek,DeepSeek-V4-Flash-0731-UD-Q8_K_XL-00004-of-00005.gguf,blk.27.hc_attn_fn.weight,16384x24,F32,1572864,attention and recurrent state weights,GPU configured,0,1572864
deepseek,DeepSeek-V4-Flash-0731-UD-Q8_K_XL-00004-of-00005.gguf,blk.27.hc_attn_scale.weight,3,F32,12,attention and recurrent state weights,GPU configured,0,12
deepseek,DeepSeek-V4-Flash-0731-UD-Q8_K_XL-00004-of-00005.gguf,blk.27.hc_ffn_base.weight,24,F32,96,"routing, norms and other weights",GPU configured,0,96
deepseek,DeepSeek-V4-Flash-0731-UD-Q8_K_XL-00004-of-00005.gguf,blk.27.hc_ffn_fn.weight,16384x24,F32,1572864,"routing, norms and other weights",GPU configured,0,1572864
deepseek,DeepSeek-V4-Flash-0731-UD-Q8_K_XL-00004-of-00005.gguf,blk.27.hc_ffn_scale.weight,3,F32,12,"routing, norms and other weights",GPU configured,0,12
deepseek,DeepSeek-V4-Flash-0731-UD-Q8_K_XL-00004-of-00005.gguf,blk.28.attn_compressor_ape.weight,1024x4,F32,16384,attention and recurrent state weights,GPU configured,0,16384
deepseek,DeepSeek-V4-Flash-0731-UD-Q8_K_XL-00004-of-00005.gguf,blk.28.attn_compressor_gate.weight,4096x1024,BF16,8388608,attention and recurrent state weights,GPU configured,0,8388608
deepseek,DeepSeek-V4-Flash-0731-UD-Q8_K_XL-00004-of-00005.gguf,blk.28.attn_compressor_kv.weight,4096x1024,BF16,8388608,attention and recurrent state weights,GPU configured,0,8388608
deepseek,DeepSeek-V4-Flash-0731-UD-Q8_K_XL-00004-of-00005.gguf,blk.28.attn_compressor_norm.weight,512,F32,2048,attention and recurrent state weights,GPU configured,0,2048
deepseek,DeepSeek-V4-Flash-0731-UD-Q8_K_XL-00004-of-00005.gguf,blk.28.attn_kv.weight,4096x512,BF16,4194304,attention and recurrent state weights,GPU configured,0,4194304
deepseek,DeepSeek-V4-Flash-0731-UD-Q8_K_XL-00004-of-00005.gguf,blk.28.attn_kv_a_norm.weight,512,F32,2048,attention and recurrent state weights,GPU configured,0,2048
deepseek,DeepSeek-V4-Flash-0731-UD-Q8_K_XL-00004-of-00005.gguf,blk.28.attn_norm.weight,4096,F32,16384,attention and recurrent state weights,GPU configured,0,16384
deepseek,DeepSeek-V4-Flash-0731-UD-Q8_K_XL-00004-of-00005.gguf,blk.28.attn_output_a.weight,4096x8192,BF16,67108864,attention and recurrent state weights,GPU configured,0,67108864
deepseek,DeepSeek-V4-Flash-0731-UD-Q8_K_XL-00004-of-00005.gguf,blk.28.attn_output_b.weight,8192x4096,BF16,67108864,attention and recurrent state weights,GPU configured,0,67108864
deepseek,DeepSeek-V4-Flash-0731-UD-Q8_K_XL-00004-of-00005.gguf,blk.28.attn_q_a.weight,4096x1024,BF16,8388608,attention and recurrent state weights,GPU configured,0,8388608
deepseek,DeepSeek-V4-Flash-0731-UD-Q8_K_XL-00004-of-00005.gguf,blk.28.attn_q_a_norm.weight,1024,F32,4096,attention and recurrent state weights,GPU configured,0,4096
deepseek,DeepSeek-V4-Flash-0731-UD-Q8_K_XL-00004-of-00005.gguf,blk.28.attn_q_b.weight,1024x32768,BF16,67108864,attention and recurrent state weights,GPU configured,0,67108864
deepseek,DeepSeek-V4-Flash-0731-UD-Q8_K_XL-00004-of-00005.gguf,blk.28.attn_sinks.weight,64,F32,256,attention and recurrent state weights,GPU configured,0,256
deepseek,DeepSeek-V4-Flash-0731-UD-Q8_K_XL-00004-of-00005.gguf,blk.28.exp_probs_b.bias,256,F32,1024,"routing, norms and other weights",GPU configured,0,1024
deepseek,DeepSeek-V4-Flash-0731-UD-Q8_K_XL-00004-of-00005.gguf,blk.28.ffn_down_exps.weight,2048x4096x256,MXFP4,1140850688,routed experts,system RAM,26738688,26738688
deepseek,DeepSeek-V4-Flash-0731-UD-Q8_K_XL-00004-of-00005.gguf,blk.28.ffn_down_shexp.weight,2048x4096,BF16,16777216,shared experts and shared gate,GPU configured,0,16777216
deepseek,DeepSeek-V4-Flash-0731-UD-Q8_K_XL-00004-of-00005.gguf,blk.28.ffn_gate_exps.weight,4096x2048x256,MXFP4,1140850688,routed experts,system RAM,26738688,26738688
deepseek,DeepSeek-V4-Flash-0731-UD-Q8_K_XL-00004-of-00005.gguf,blk.28.ffn_gate_inp.weight,4096x256,BF16,2097152,"routing, norms and other weights",GPU configured,0,2097152
deepseek,DeepSeek-V4-Flash-0731-UD-Q8_K_XL-00004-of-00005.gguf,blk.28.ffn_gate_shexp.weight,4096x2048,BF16,16777216,shared experts and shared gate,GPU configured,0,16777216
deepseek,DeepSeek-V4-Flash-0731-UD-Q8_K_XL-00004-of-00005.gguf,blk.28.ffn_norm.weight,4096,F32,16384,"routing, norms and other weights",GPU configured,0,16384
deepseek,DeepSeek-V4-Flash-0731-UD-Q8_K_XL-00004-of-00005.gguf,blk.28.ffn_up_exps.weight,4096x2048x256,MXFP4,1140850688,routed experts,system RAM,26738688,26738688
deepseek,DeepSeek-V4-Flash-0731-UD-Q8_K_XL-00004-of-00005.gguf,blk.28.ffn_up_shexp.weight,4096x2048,BF16,16777216,shared experts and shared gate,GPU configured,0,16777216
deepseek,DeepSeek-V4-Flash-0731-UD-Q8_K_XL-00004-of-00005.gguf,blk.28.hc_attn_base.weight,24,F32,96,attention and recurrent state weights,GPU configured,0,96
deepseek,DeepSeek-V4-Flash-0731-UD-Q8_K_XL-00004-of-00005.gguf,blk.28.hc_attn_fn.weight,16384x24,F32,1572864,attention and recurrent state weights,GPU configured,0,1572864
deepseek,DeepSeek-V4-Flash-0731-UD-Q8_K_XL-00004-of-00005.gguf,blk.28.hc_attn_scale.weight,3,F32,12,attention and recurrent state weights,GPU configured,0,12
deepseek,DeepSeek-V4-Flash-0731-UD-Q8_K_XL-00004-of-00005.gguf,blk.28.hc_ffn_base.weight,24,F32,96,"routing, norms and other weights",GPU configured,0,96
deepseek,DeepSeek-V4-Flash-0731-UD-Q8_K_XL-00004-of-00005.gguf,blk.28.hc_ffn_fn.weight,16384x24,F32,1572864,"routing, norms and other weights",GPU configured,0,1572864
deepseek,DeepSeek-V4-Flash-0731-UD-Q8_K_XL-00004-of-00005.gguf,blk.28.hc_ffn_scale.weight,3,F32,12,"routing, norms and other weights",GPU configured,0,12
deepseek,DeepSeek-V4-Flash-0731-UD-Q8_K_XL-00004-of-00005.gguf,blk.28.indexer.attn_q_b.weight,1024x8192,BF16,16777216,attention and recurrent state weights,GPU configured,0,16777216
deepseek,DeepSeek-V4-Flash-0731-UD-Q8_K_XL-00004-of-00005.gguf,blk.28.indexer.proj.weight,4096x64,BF16,524288,attention and recurrent state weights,GPU configured,0,524288
deepseek,DeepSeek-V4-Flash-0731-UD-Q8_K_XL-00004-of-00005.gguf,blk.28.indexer_compressor_ape.weight,256x4,F32,4096,attention and recurrent state weights,GPU configured,0,4096
deepseek,DeepSeek-V4-Flash-0731-UD-Q8_K_XL-00004-of-00005.gguf,blk.28.indexer_compressor_gate.weight,4096x256,BF16,2097152,attention and recurrent state weights,GPU configured,0,2097152
deepseek,DeepSeek-V4-Flash-0731-UD-Q8_K_XL-00004-of-00005.gguf,blk.28.indexer_compressor_kv.weight,4096x256,BF16,2097152,attention and recurrent state weights,GPU configured,0,2097152
deepseek,DeepSeek-V4-Flash-0731-UD-Q8_K_XL-00004-of-00005.gguf,blk.28.indexer_compressor_norm.weight,128,F32,512,attention and recurrent state weights,GPU configured,0,512
deepseek,DeepSeek-V4-Flash-0731-UD-Q8_K_XL-00004-of-00005.gguf,blk.29.attn_compressor_ape.weight,512x128,F32,262144,attention and recurrent state weights,GPU configured,0,262144
deepseek,DeepSeek-V4-Flash-0731-UD-Q8_K_XL-00004-of-00005.gguf,blk.29.attn_compressor_gate.weight,4096x512,BF16,4194304,attention and recurrent state weights,GPU configured,0,4194304
deepseek,DeepSeek-V4-Flash-0731-UD-Q8_K_XL-00004-of-00005.gguf,blk.29.attn_compressor_kv.weight,4096x512,BF16,4194304,attention and recurrent state weights,GPU configured,0,4194304
deepseek,DeepSeek-V4-Flash-0731-UD-Q8_K_XL-00004-of-00005.gguf,blk.29.attn_compressor_norm.weight,512,F32,2048,attention and recurrent state weights,GPU configured,0,2048
deepseek,DeepSeek-V4-Flash-0731-UD-Q8_K_XL-00004-of-00005.gguf,blk.29.attn_kv.weight,4096x512,BF16,4194304,attention and recurrent state weights,GPU configured,0,4194304
deepseek,DeepSeek-V4-Flash-0731-UD-Q8_K_XL-00004-of-00005.gguf,blk.29.attn_kv_a_norm.weight,512,F32,2048,attention and recurrent state weights,GPU configured,0,2048
deepseek,DeepSeek-V4-Flash-0731-UD-Q8_K_XL-00004-of-00005.gguf,blk.29.attn_norm.weight,4096,F32,16384,attention and recurrent state weights,GPU configured,0,16384
deepseek,DeepSeek-V4-Flash-0731-UD-Q8_K_XL-00004-of-00005.gguf,blk.29.attn_output_a.weight,4096x8192,BF16,67108864,attention and recurrent state weights,GPU configured,0,67108864
deepseek,DeepSeek-V4-Flash-0731-UD-Q8_K_XL-00004-of-00005.gguf,blk.29.attn_output_b.weight,8192x4096,BF16,67108864,attention and recurrent state weights,GPU configured,0,67108864
deepseek,DeepSeek-V4-Flash-0731-UD-Q8_K_XL-00004-of-00005.gguf,blk.29.attn_q_a.weight,4096x1024,BF16,8388608,attention and recurrent state weights,GPU configured,0,8388608
deepseek,DeepSeek-V4-Flash-0731-UD-Q8_K_XL-00004-of-00005.gguf,blk.29.attn_q_a_norm.weight,1024,F32,4096,attention and recurrent state weights,GPU configured,0,4096
deepseek,DeepSeek-V4-Flash-0731-UD-Q8_K_XL-00004-of-00005.gguf,blk.29.attn_q_b.weight,1024x32768,BF16,67108864,attention and recurrent state weights,GPU configured,0,67108864
deepseek,DeepSeek-V4-Flash-0731-UD-Q8_K_XL-00004-of-00005.gguf,blk.29.attn_sinks.weight,64,F32,256,attention and recurrent state weights,GPU configured,0,256
deepseek,DeepSeek-V4-Flash-0731-UD-Q8_K_XL-00004-of-00005.gguf,blk.29.exp_probs_b.bias,256,F32,1024,"routing, norms and other weights",GPU configured,0,1024
deepseek,DeepSeek-V4-Flash-0731-UD-Q8_K_XL-00004-of-00005.gguf,blk.29.ffn_down_exps.weight,2048x4096x256,MXFP4,1140850688,routed experts,system RAM,26738688,26738688
deepseek,DeepSeek-V4-Flash-0731-UD-Q8_K_XL-00004-of-00005.gguf,blk.29.ffn_down_shexp.weight,2048x4096,BF16,16777216,shared experts and shared gate,GPU configured,0,16777216
deepseek,DeepSeek-V4-Flash-0731-UD-Q8_K_XL-00004-of-00005.gguf,blk.29.ffn_gate_exps.weight,4096x2048x256,MXFP4,1140850688,routed experts,system RAM,26738688,26738688
deepseek,DeepSeek-V4-Flash-0731-UD-Q8_K_XL-00004-of-00005.gguf,blk.29.ffn_gate_inp.weight,4096x256,BF16,2097152,"routing, norms and other weights",GPU configured,0,2097152
deepseek,DeepSeek-V4-Flash-0731-UD-Q8_K_XL-00004-of-00005.gguf,blk.29.ffn_gate_shexp.weight,4096x2048,BF16,16777216,shared experts and shared gate,GPU configured,0,16777216
deepseek,DeepSeek-V4-Flash-0731-UD-Q8_K_XL-00004-of-00005.gguf,blk.29.ffn_norm.weight,4096,F32,16384,"routing, norms and other weights",GPU configured,0,16384
deepseek,DeepSeek-V4-Flash-0731-UD-Q8_K_XL-00004-of-00005.gguf,blk.29.ffn_up_exps.weight,4096x2048x256,MXFP4,1140850688,routed experts,system RAM,26738688,26738688
deepseek,DeepSeek-V4-Flash-0731-UD-Q8_K_XL-00004-of-00005.gguf,blk.29.ffn_up_shexp.weight,4096x2048,BF16,16777216,shared experts and shared gate,GPU configured,0,16777216
deepseek,DeepSeek-V4-Flash-0731-UD-Q8_K_XL-00004-of-00005.gguf,blk.29.hc_attn_base.weight,24,F32,96,attention and recurrent state weights,GPU configured,0,96
deepseek,DeepSeek-V4-Flash-0731-UD-Q8_K_XL-00004-of-00005.gguf,blk.29.hc_attn_fn.weight,16384x24,F32,1572864,attention and recurrent state weights,GPU configured,0,1572864
deepseek,DeepSeek-V4-Flash-0731-UD-Q8_K_XL-00004-of-00005.gguf,blk.29.hc_attn_scale.weight,3,F32,12,attention and recurrent state weights,GPU configured,0,12
deepseek,DeepSeek-V4-Flash-0731-UD-Q8_K_XL-00004-of-00005.gguf,blk.29.hc_ffn_base.weight,24,F32,96,"routing, norms and other weights",GPU configured,0,96
deepseek,DeepSeek-V4-Flash-0731-UD-Q8_K_XL-00004-of-00005.gguf,blk.29.hc_ffn_fn.weight,16384x24,F32,1572864,"routing, norms and other weights",GPU configured,0,1572864
deepseek,DeepSeek-V4-Flash-0731-UD-Q8_K_XL-00004-of-00005.gguf,blk.29.hc_ffn_scale.weight,3,F32,12,"routing, norms and other weights",GPU configured,0,12
deepseek,DeepSeek-V4-Flash-0731-UD-Q8_K_XL-00004-of-00005.gguf,blk.30.attn_compressor_ape.weight,1024x4,F32,16384,attention and recurrent state weights,GPU configured,0,16384
deepseek,DeepSeek-V4-Flash-0731-UD-Q8_K_XL-00004-of-00005.gguf,blk.30.attn_compressor_gate.weight,4096x1024,BF16,8388608,attention and recurrent state weights,GPU configured,0,8388608
deepseek,DeepSeek-V4-Flash-0731-UD-Q8_K_XL-00004-of-00005.gguf,blk.30.attn_compressor_kv.weight,4096x1024,BF16,8388608,attention and recurrent state weights,GPU configured,0,8388608
deepseek,DeepSeek-V4-Flash-0731-UD-Q8_K_XL-00004-of-00005.gguf,blk.30.attn_compressor_norm.weight,512,F32,2048,attention and recurrent state weights,GPU configured,0,2048
deepseek,DeepSeek-V4-Flash-0731-UD-Q8_K_XL-00004-of-00005.gguf,blk.30.attn_kv.weight,4096x512,BF16,4194304,attention and recurrent state weights,GPU configured,0,4194304
deepseek,DeepSeek-V4-Flash-0731-UD-Q8_K_XL-00004-of-00005.gguf,blk.30.attn_kv_a_norm.weight,512,F32,2048,attention and recurrent state weights,GPU configured,0,2048
deepseek,DeepSeek-V4-Flash-0731-UD-Q8_K_XL-00004-of-00005.gguf,blk.30.attn_norm.weight,4096,F32,16384,attention and recurrent state weights,GPU configured,0,16384
deepseek,DeepSeek-V4-Flash-0731-UD-Q8_K_XL-00004-of-00005.gguf,blk.30.attn_output_a.weight,4096x8192,BF16,67108864,attention and recurrent state weights,GPU configured,0,67108864
deepseek,DeepSeek-V4-Flash-0731-UD-Q8_K_XL-00004-of-00005.gguf,blk.30.attn_output_b.weight,8192x4096,BF16,67108864,attention and recurrent state weights,GPU configured,0,67108864
deepseek,DeepSeek-V4-Flash-0731-UD-Q8_K_XL-00004-of-00005.gguf,blk.30.attn_q_a.weight,4096x1024,BF16,8388608,attention and recurrent state weights,GPU configured,0,8388608
deepseek,DeepSeek-V4-Flash-0731-UD-Q8_K_XL-00004-of-00005.gguf,blk.30.attn_q_a_norm.weight,1024,F32,4096,attention and recurrent state weights,GPU configured,0,4096
deepseek,DeepSeek-V4-Flash-0731-UD-Q8_K_XL-00004-of-00005.gguf,blk.30.attn_q_b.weight,1024x32768,BF16,67108864,attention and recurrent state weights,GPU configured,0,67108864
deepseek,DeepSeek-V4-Flash-0731-UD-Q8_K_XL-00004-of-00005.gguf,blk.30.attn_sinks.weight,64,F32,256,attention and recurrent state weights,GPU configured,0,256
deepseek,DeepSeek-V4-Flash-0731-UD-Q8_K_XL-00004-of-00005.gguf,blk.30.exp_probs_b.bias,256,F32,1024,"routing, norms and other weights",GPU configured,0,1024
deepseek,DeepSeek-V4-Flash-0731-UD-Q8_K_XL-00004-of-00005.gguf,blk.30.ffn_down_exps.weight,2048x4096x256,MXFP4,1140850688,routed experts,system RAM,26738688,26738688
deepseek,DeepSeek-V4-Flash-0731-UD-Q8_K_XL-00004-of-00005.gguf,blk.30.ffn_down_shexp.weight,2048x4096,BF16,16777216,shared experts and shared gate,GPU configured,0,16777216
deepseek,DeepSeek-V4-Flash-0731-UD-Q8_K_XL-00004-of-00005.gguf,blk.30.ffn_gate_exps.weight,4096x2048x256,MXFP4,1140850688,routed experts,system RAM,26738688,26738688
deepseek,DeepSeek-V4-Flash-0731-UD-Q8_K_XL-00004-of-00005.gguf,blk.30.ffn_gate_inp.weight,4096x256,BF16,2097152,"routing, norms and other weights",GPU configured,0,2097152
deepseek,DeepSeek-V4-Flash-0731-UD-Q8_K_XL-00004-of-00005.gguf,blk.30.ffn_gate_shexp.weight,4096x2048,BF16,16777216,shared experts and shared gate,GPU configured,0,16777216
deepseek,DeepSeek-V4-Flash-0731-UD-Q8_K_XL-00004-of-00005.gguf,blk.30.ffn_norm.weight,4096,F32,16384,"routing, norms and other weights",GPU configured,0,16384
deepseek,DeepSeek-V4-Flash-0731-UD-Q8_K_XL-00004-of-00005.gguf,blk.30.ffn_up_exps.weight,4096x2048x256,MXFP4,1140850688,routed experts,system RAM,26738688,26738688
deepseek,DeepSeek-V4-Flash-0731-UD-Q8_K_XL-00004-of-00005.gguf,blk.30.ffn_up_shexp.weight,4096x2048,BF16,16777216,shared experts and shared gate,GPU configured,0,16777216
deepseek,DeepSeek-V4-Flash-0731-UD-Q8_K_XL-00004-of-00005.gguf,blk.30.hc_attn_base.weight,24,F32,96,attention and recurrent state weights,GPU configured,0,96
deepseek,DeepSeek-V4-Flash-0731-UD-Q8_K_XL-00004-of-00005.gguf,blk.30.hc_attn_fn.weight,16384x24,F32,1572864,attention and recurrent state weights,GPU configured,0,1572864
deepseek,DeepSeek-V4-Flash-0731-UD-Q8_K_XL-00004-of-00005.gguf,blk.30.hc_attn_scale.weight,3,F32,12,attention and recurrent state weights,GPU configured,0,12
deepseek,DeepSeek-V4-Flash-0731-UD-Q8_K_XL-00004-of-00005.gguf,blk.30.hc_ffn_base.weight,24,F32,96,"routing, norms and other weights",GPU configured,0,96
deepseek,DeepSeek-V4-Flash-0731-UD-Q8_K_XL-00004-of-00005.gguf,blk.30.hc_ffn_fn.weight,16384x24,F32,1572864,"routing, norms and other weights",GPU configured,0,1572864
deepseek,DeepSeek-V4-Flash-0731-UD-Q8_K_XL-00004-of-00005.gguf,blk.30.hc_ffn_scale.weight,3,F32,12,"routing, norms and other weights",GPU configured,0,12
deepseek,DeepSeek-V4-Flash-0731-UD-Q8_K_XL-00004-of-00005.gguf,blk.30.indexer.attn_q_b.weight,1024x8192,BF16,16777216,attention and recurrent state weights,GPU configured,0,16777216
deepseek,DeepSeek-V4-Flash-0731-UD-Q8_K_XL-00004-of-00005.gguf,blk.30.indexer.proj.weight,4096x64,BF16,524288,attention and recurrent state weights,GPU configured,0,524288
deepseek,DeepSeek-V4-Flash-0731-UD-Q8_K_XL-00004-of-00005.gguf,blk.30.indexer_compressor_ape.weight,256x4,F32,4096,attention and recurrent state weights,GPU configured,0,4096
deepseek,DeepSeek-V4-Flash-0731-UD-Q8_K_XL-00004-of-00005.gguf,blk.30.indexer_compressor_gate.weight,4096x256,BF16,2097152,attention and recurrent state weights,GPU configured,0,2097152
deepseek,DeepSeek-V4-Flash-0731-UD-Q8_K_XL-00004-of-00005.gguf,blk.30.indexer_compressor_kv.weight,4096x256,BF16,2097152,attention and recurrent state weights,GPU configured,0,2097152
deepseek,DeepSeek-V4-Flash-0731-UD-Q8_K_XL-00004-of-00005.gguf,blk.30.indexer_compressor_norm.weight,128,F32,512,attention and recurrent state weights,GPU configured,0,512
deepseek,DeepSeek-V4-Flash-0731-UD-Q8_K_XL-00004-of-00005.gguf,blk.31.attn_compressor_ape.weight,512x128,F32,262144,attention and recurrent state weights,GPU configured,0,262144
deepseek,DeepSeek-V4-Flash-0731-UD-Q8_K_XL-00004-of-00005.gguf,blk.31.attn_compressor_gate.weight,4096x512,BF16,4194304,attention and recurrent state weights,GPU configured,0,4194304
deepseek,DeepSeek-V4-Flash-0731-UD-Q8_K_XL-00004-of-00005.gguf,blk.31.attn_compressor_kv.weight,4096x512,BF16,4194304,attention and recurrent state weights,GPU configured,0,4194304
deepseek,DeepSeek-V4-Flash-0731-UD-Q8_K_XL-00004-of-00005.gguf,blk.31.attn_compressor_norm.weight,512,F32,2048,attention and recurrent state weights,GPU configured,0,2048
deepseek,DeepSeek-V4-Flash-0731-UD-Q8_K_XL-00004-of-00005.gguf,blk.31.attn_kv.weight,4096x512,BF16,4194304,attention and recurrent state weights,GPU configured,0,4194304
deepseek,DeepSeek-V4-Flash-0731-UD-Q8_K_XL-00004-of-00005.gguf,blk.31.attn_kv_a_norm.weight,512,F32,2048,attention and recurrent state weights,GPU configured,0,2048
deepseek,DeepSeek-V4-Flash-0731-UD-Q8_K_XL-00004-of-00005.gguf,blk.31.attn_norm.weight,4096,F32,16384,attention and recurrent state weights,GPU configured,0,16384
deepseek,DeepSeek-V4-Flash-0731-UD-Q8_K_XL-00004-of-00005.gguf,blk.31.attn_output_a.weight,4096x8192,BF16,67108864,attention and recurrent state weights,GPU configured,0,67108864
deepseek,DeepSeek-V4-Flash-0731-UD-Q8_K_XL-00004-of-00005.gguf,blk.31.attn_output_b.weight,8192x4096,BF16,67108864,attention and recurrent state weights,GPU configured,0,67108864
deepseek,DeepSeek-V4-Flash-0731-UD-Q8_K_XL-00004-of-00005.gguf,blk.31.attn_q_a.weight,4096x1024,BF16,8388608,attention and recurrent state weights,GPU configured,0,8388608
deepseek,DeepSeek-V4-Flash-0731-UD-Q8_K_XL-00004-of-00005.gguf,blk.31.attn_q_a_norm.weight,1024,F32,4096,attention and recurrent state weights,GPU configured,0,4096
deepseek,DeepSeek-V4-Flash-0731-UD-Q8_K_XL-00004-of-00005.gguf,blk.31.attn_q_b.weight,1024x32768,BF16,67108864,attention and recurrent state weights,GPU configured,0,67108864
deepseek,DeepSeek-V4-Flash-0731-UD-Q8_K_XL-00004-of-00005.gguf,blk.31.attn_sinks.weight,64,F32,256,attention and recurrent state weights,GPU configured,0,256
deepseek,DeepSeek-V4-Flash-0731-UD-Q8_K_XL-00004-of-00005.gguf,blk.31.exp_probs_b.bias,256,F32,1024,"routing, norms and other weights",GPU configured,0,1024
deepseek,DeepSeek-V4-Flash-0731-UD-Q8_K_XL-00004-of-00005.gguf,blk.31.ffn_down_exps.weight,2048x4096x256,MXFP4,1140850688,routed experts,system RAM,26738688,26738688
deepseek,DeepSeek-V4-Flash-0731-UD-Q8_K_XL-00004-of-00005.gguf,blk.31.ffn_down_shexp.weight,2048x4096,BF16,16777216,shared experts and shared gate,GPU configured,0,16777216
deepseek,DeepSeek-V4-Flash-0731-UD-Q8_K_XL-00004-of-00005.gguf,blk.31.ffn_gate_exps.weight,4096x2048x256,MXFP4,1140850688,routed experts,system RAM,26738688,26738688
deepseek,DeepSeek-V4-Flash-0731-UD-Q8_K_XL-00004-of-00005.gguf,blk.31.ffn_gate_inp.weight,4096x256,BF16,2097152,"routing, norms and other weights",GPU configured,0,2097152
deepseek,DeepSeek-V4-Flash-0731-UD-Q8_K_XL-00004-of-00005.gguf,blk.31.ffn_gate_shexp.weight,4096x2048,BF16,16777216,shared experts and shared gate,GPU configured,0,16777216
deepseek,DeepSeek-V4-Flash-0731-UD-Q8_K_XL-00004-of-00005.gguf,blk.31.ffn_norm.weight,4096,F32,16384,"routing, norms and other weights",GPU configured,0,16384
deepseek,DeepSeek-V4-Flash-0731-UD-Q8_K_XL-00004-of-00005.gguf,blk.31.ffn_up_exps.weight,4096x2048x256,MXFP4,1140850688,routed experts,system RAM,26738688,26738688
deepseek,DeepSeek-V4-Flash-0731-UD-Q8_K_XL-00004-of-00005.gguf,blk.31.ffn_up_shexp.weight,4096x2048,BF16,16777216,shared experts and shared gate,GPU configured,0,16777216
deepseek,DeepSeek-V4-Flash-0731-UD-Q8_K_XL-00004-of-00005.gguf,blk.31.hc_attn_base.weight,24,F32,96,attention and recurrent state weights,GPU configured,0,96
deepseek,DeepSeek-V4-Flash-0731-UD-Q8_K_XL-00004-of-00005.gguf,blk.31.hc_attn_fn.weight,16384x24,F32,1572864,attention and recurrent state weights,GPU configured,0,1572864
deepseek,DeepSeek-V4-Flash-0731-UD-Q8_K_XL-00004-of-00005.gguf,blk.31.hc_attn_scale.weight,3,F32,12,attention and recurrent state weights,GPU configured,0,12
deepseek,DeepSeek-V4-Flash-0731-UD-Q8_K_XL-00004-of-00005.gguf,blk.31.hc_ffn_base.weight,24,F32,96,"routing, norms and other weights",GPU configured,0,96
deepseek,DeepSeek-V4-Flash-0731-UD-Q8_K_XL-00004-of-00005.gguf,blk.31.hc_ffn_fn.weight,16384x24,F32,1572864,"routing, norms and other weights",GPU configured,0,1572864
deepseek,DeepSeek-V4-Flash-0731-UD-Q8_K_XL-00004-of-00005.gguf,blk.31.hc_ffn_scale.weight,3,F32,12,"routing, norms and other weights",GPU configured,0,12
deepseek,DeepSeek-V4-Flash-0731-UD-Q8_K_XL-00004-of-00005.gguf,blk.32.attn_compressor_ape.weight,1024x4,F32,16384,attention and recurrent state weights,GPU configured,0,16384
deepseek,DeepSeek-V4-Flash-0731-UD-Q8_K_XL-00004-of-00005.gguf,blk.32.attn_compressor_gate.weight,4096x1024,BF16,8388608,attention and recurrent state weights,GPU configured,0,8388608
deepseek,DeepSeek-V4-Flash-0731-UD-Q8_K_XL-00004-of-00005.gguf,blk.32.attn_compressor_kv.weight,4096x1024,BF16,8388608,attention and recurrent state weights,GPU configured,0,8388608
deepseek,DeepSeek-V4-Flash-0731-UD-Q8_K_XL-00004-of-00005.gguf,blk.32.attn_compressor_norm.weight,512,F32,2048,attention and recurrent state weights,GPU configured,0,2048
deepseek,DeepSeek-V4-Flash-0731-UD-Q8_K_XL-00004-of-00005.gguf,blk.32.attn_kv.weight,4096x512,BF16,4194304,attention and recurrent state weights,GPU configured,0,4194304
deepseek,DeepSeek-V4-Flash-0731-UD-Q8_K_XL-00004-of-00005.gguf,blk.32.attn_kv_a_norm.weight,512,F32,2048,attention and recurrent state weights,GPU configured,0,2048
deepseek,DeepSeek-V4-Flash-0731-UD-Q8_K_XL-00004-of-00005.gguf,blk.32.attn_norm.weight,4096,F32,16384,attention and recurrent state weights,GPU configured,0,16384
deepseek,DeepSeek-V4-Flash-0731-UD-Q8_K_XL-00004-of-00005.gguf,blk.32.attn_output_a.weight,4096x8192,BF16,67108864,attention and recurrent state weights,GPU configured,0,67108864
deepseek,DeepSeek-V4-Flash-0731-UD-Q8_K_XL-00004-of-00005.gguf,blk.32.attn_output_b.weight,8192x4096,BF16,67108864,attention and recurrent state weights,GPU configured,0,67108864
deepseek,DeepSeek-V4-Flash-0731-UD-Q8_K_XL-00004-of-00005.gguf,blk.32.attn_q_a.weight,4096x1024,BF16,8388608,attention and recurrent state weights,GPU configured,0,8388608
deepseek,DeepSeek-V4-Flash-0731-UD-Q8_K_XL-00004-of-00005.gguf,blk.32.attn_q_a_norm.weight,1024,F32,4096,attention and recurrent state weights,GPU configured,0,4096
deepseek,DeepSeek-V4-Flash-0731-UD-Q8_K_XL-00004-of-00005.gguf,blk.32.attn_q_b.weight,1024x32768,BF16,67108864,attention and recurrent state weights,GPU configured,0,67108864
deepseek,DeepSeek-V4-Flash-0731-UD-Q8_K_XL-00004-of-00005.gguf,blk.32.attn_sinks.weight,64,F32,256,attention and recurrent state weights,GPU configured,0,256
deepseek,DeepSeek-V4-Flash-0731-UD-Q8_K_XL-00004-of-00005.gguf,blk.32.exp_probs_b.bias,256,F32,1024,"routing, norms and other weights",GPU configured,0,1024
deepseek,DeepSeek-V4-Flash-0731-UD-Q8_K_XL-00004-of-00005.gguf,blk.32.ffn_down_exps.weight,2048x4096x256,MXFP4,1140850688,routed experts,system RAM,26738688,26738688
deepseek,DeepSeek-V4-Flash-0731-UD-Q8_K_XL-00004-of-00005.gguf,blk.32.ffn_down_shexp.weight,2048x4096,BF16,16777216,shared experts and shared gate,GPU configured,0,16777216
deepseek,DeepSeek-V4-Flash-0731-UD-Q8_K_XL-00004-of-00005.gguf,blk.32.ffn_gate_exps.weight,4096x2048x256,MXFP4,1140850688,routed experts,system RAM,26738688,26738688
deepseek,DeepSeek-V4-Flash-0731-UD-Q8_K_XL-00004-of-00005.gguf,blk.32.ffn_gate_inp.weight,4096x256,BF16,2097152,"routing, norms and other weights",GPU configured,0,2097152
deepseek,DeepSeek-V4-Flash-0731-UD-Q8_K_XL-00004-of-00005.gguf,blk.32.ffn_gate_shexp.weight,4096x2048,BF16,16777216,shared experts and shared gate,GPU configured,0,16777216
deepseek,DeepSeek-V4-Flash-0731-UD-Q8_K_XL-00004-of-00005.gguf,blk.32.ffn_norm.weight,4096,F32,16384,"routing, norms and other weights",GPU configured,0,16384
deepseek,DeepSeek-V4-Flash-0731-UD-Q8_K_XL-00004-of-00005.gguf,blk.32.ffn_up_exps.weight,4096x2048x256,MXFP4,1140850688,routed experts,system RAM,26738688,26738688
deepseek,DeepSeek-V4-Flash-0731-UD-Q8_K_XL-00004-of-00005.gguf,blk.32.ffn_up_shexp.weight,4096x2048,BF16,16777216,shared experts and shared gate,GPU configured,0,16777216
deepseek,DeepSeek-V4-Flash-0731-UD-Q8_K_XL-00004-of-00005.gguf,blk.32.hc_attn_base.weight,24,F32,96,attention and recurrent state weights,GPU configured,0,96
deepseek,DeepSeek-V4-Flash-0731-UD-Q8_K_XL-00004-of-00005.gguf,blk.32.hc_attn_fn.weight,16384x24,F32,1572864,attention and recurrent state weights,GPU configured,0,1572864
deepseek,DeepSeek-V4-Flash-0731-UD-Q8_K_XL-00004-of-00005.gguf,blk.32.hc_attn_scale.weight,3,F32,12,attention and recurrent state weights,GPU configured,0,12
deepseek,DeepSeek-V4-Flash-0731-UD-Q8_K_XL-00004-of-00005.gguf,blk.32.hc_ffn_base.weight,24,F32,96,"routing, norms and other weights",GPU configured,0,96
deepseek,DeepSeek-V4-Flash-0731-UD-Q8_K_XL-00004-of-00005.gguf,blk.32.hc_ffn_fn.weight,16384x24,F32,1572864,"routing, norms and other weights",GPU configured,0,1572864
deepseek,DeepSeek-V4-Flash-0731-UD-Q8_K_XL-00004-of-00005.gguf,blk.32.hc_ffn_scale.weight,3,F32,12,"routing, norms and other weights",GPU configured,0,12
deepseek,DeepSeek-V4-Flash-0731-UD-Q8_K_XL-00004-of-00005.gguf,blk.32.indexer.attn_q_b.weight,1024x8192,BF16,16777216,attention and recurrent state weights,GPU configured,0,16777216
deepseek,DeepSeek-V4-Flash-0731-UD-Q8_K_XL-00004-of-00005.gguf,blk.32.indexer.proj.weight,4096x64,BF16,524288,attention and recurrent state weights,GPU configured,0,524288
deepseek,DeepSeek-V4-Flash-0731-UD-Q8_K_XL-00004-of-00005.gguf,blk.32.indexer_compressor_ape.weight,256x4,F32,4096,attention and recurrent state weights,GPU configured,0,4096
deepseek,DeepSeek-V4-Flash-0731-UD-Q8_K_XL-00004-of-00005.gguf,blk.32.indexer_compressor_gate.weight,4096x256,BF16,2097152,attention and recurrent state weights,GPU configured,0,2097152
deepseek,DeepSeek-V4-Flash-0731-UD-Q8_K_XL-00004-of-00005.gguf,blk.32.indexer_compressor_kv.weight,4096x256,BF16,2097152,attention and recurrent state weights,GPU configured,0,2097152
deepseek,DeepSeek-V4-Flash-0731-UD-Q8_K_XL-00004-of-00005.gguf,blk.32.indexer_compressor_norm.weight,128,F32,512,attention and recurrent state weights,GPU configured,0,512
deepseek,DeepSeek-V4-Flash-0731-UD-Q8_K_XL-00004-of-00005.gguf,blk.33.attn_compressor_ape.weight,512x128,F32,262144,attention and recurrent state weights,GPU configured,0,262144
deepseek,DeepSeek-V4-Flash-0731-UD-Q8_K_XL-00004-of-00005.gguf,blk.33.attn_compressor_gate.weight,4096x512,BF16,4194304,attention and recurrent state weights,GPU configured,0,4194304
deepseek,DeepSeek-V4-Flash-0731-UD-Q8_K_XL-00004-of-00005.gguf,blk.33.attn_compressor_kv.weight,4096x512,BF16,4194304,attention and recurrent state weights,GPU configured,0,4194304
deepseek,DeepSeek-V4-Flash-0731-UD-Q8_K_XL-00004-of-00005.gguf,blk.33.attn_compressor_norm.weight,512,F32,2048,attention and recurrent state weights,GPU configured,0,2048
deepseek,DeepSeek-V4-Flash-0731-UD-Q8_K_XL-00004-of-00005.gguf,blk.33.attn_kv.weight,4096x512,BF16,4194304,attention and recurrent state weights,GPU configured,0,4194304
deepseek,DeepSeek-V4-Flash-0731-UD-Q8_K_XL-00004-of-00005.gguf,blk.33.attn_kv_a_norm.weight,512,F32,2048,attention and recurrent state weights,GPU configured,0,2048
deepseek,DeepSeek-V4-Flash-0731-UD-Q8_K_XL-00004-of-00005.gguf,blk.33.attn_norm.weight,4096,F32,16384,attention and recurrent state weights,GPU configured,0,16384
deepseek,DeepSeek-V4-Flash-0731-UD-Q8_K_XL-00004-of-00005.gguf,blk.33.attn_output_a.weight,4096x8192,BF16,67108864,attention and recurrent state weights,GPU configured,0,67108864
deepseek,DeepSeek-V4-Flash-0731-UD-Q8_K_XL-00004-of-00005.gguf,blk.33.attn_output_b.weight,8192x4096,BF16,67108864,attention and recurrent state weights,GPU configured,0,67108864
deepseek,DeepSeek-V4-Flash-0731-UD-Q8_K_XL-00004-of-00005.gguf,blk.33.attn_q_a.weight,4096x1024,BF16,8388608,attention and recurrent state weights,GPU configured,0,8388608
deepseek,DeepSeek-V4-Flash-0731-UD-Q8_K_XL-00004-of-00005.gguf,blk.33.attn_q_a_norm.weight,1024,F32,4096,attention and recurrent state weights,GPU configured,0,4096
deepseek,DeepSeek-V4-Flash-0731-UD-Q8_K_XL-00004-of-00005.gguf,blk.33.attn_q_b.weight,1024x32768,BF16,67108864,attention and recurrent state weights,GPU configured,0,67108864
deepseek,DeepSeek-V4-Flash-0731-UD-Q8_K_XL-00004-of-00005.gguf,blk.33.attn_sinks.weight,64,F32,256,attention and recurrent state weights,GPU configured,0,256
deepseek,DeepSeek-V4-Flash-0731-UD-Q8_K_XL-00004-of-00005.gguf,blk.33.exp_probs_b.bias,256,F32,1024,"routing, norms and other weights",GPU configured,0,1024
deepseek,DeepSeek-V4-Flash-0731-UD-Q8_K_XL-00004-of-00005.gguf,blk.33.ffn_down_exps.weight,2048x4096x256,MXFP4,1140850688,routed experts,system RAM,26738688,26738688
deepseek,DeepSeek-V4-Flash-0731-UD-Q8_K_XL-00004-of-00005.gguf,blk.33.ffn_down_shexp.weight,2048x4096,BF16,16777216,shared experts and shared gate,GPU configured,0,16777216
deepseek,DeepSeek-V4-Flash-0731-UD-Q8_K_XL-00004-of-00005.gguf,blk.33.ffn_gate_exps.weight,4096x2048x256,MXFP4,1140850688,routed experts,system RAM,26738688,26738688
deepseek,DeepSeek-V4-Flash-0731-UD-Q8_K_XL-00004-of-00005.gguf,blk.33.ffn_gate_inp.weight,4096x256,BF16,2097152,"routing, norms and other weights",GPU configured,0,2097152
deepseek,DeepSeek-V4-Flash-0731-UD-Q8_K_XL-00004-of-00005.gguf,blk.33.ffn_gate_shexp.weight,4096x2048,BF16,16777216,shared experts and shared gate,GPU configured,0,16777216
deepseek,DeepSeek-V4-Flash-0731-UD-Q8_K_XL-00004-of-00005.gguf,blk.33.ffn_norm.weight,4096,F32,16384,"routing, norms and other weights",GPU configured,0,16384
deepseek,DeepSeek-V4-Flash-0731-UD-Q8_K_XL-00004-of-00005.gguf,blk.33.ffn_up_exps.weight,4096x2048x256,MXFP4,1140850688,routed experts,system RAM,26738688,26738688
deepseek,DeepSeek-V4-Flash-0731-UD-Q8_K_XL-00004-of-00005.gguf,blk.33.ffn_up_shexp.weight,4096x2048,BF16,16777216,shared experts and shared gate,GPU configured,0,16777216
deepseek,DeepSeek-V4-Flash-0731-UD-Q8_K_XL-00004-of-00005.gguf,blk.33.hc_attn_base.weight,24,F32,96,attention and recurrent state weights,GPU configured,0,96
deepseek,DeepSeek-V4-Flash-0731-UD-Q8_K_XL-00004-of-00005.gguf,blk.33.hc_attn_fn.weight,16384x24,F32,1572864,attention and recurrent state weights,GPU configured,0,1572864
deepseek,DeepSeek-V4-Flash-0731-UD-Q8_K_XL-00004-of-00005.gguf,blk.33.hc_attn_scale.weight,3,F32,12,attention and recurrent state weights,GPU configured,0,12
deepseek,DeepSeek-V4-Flash-0731-UD-Q8_K_XL-00004-of-00005.gguf,blk.33.hc_ffn_base.weight,24,F32,96,"routing, norms and other weights",GPU configured,0,96
deepseek,DeepSeek-V4-Flash-0731-UD-Q8_K_XL-00004-of-00005.gguf,blk.33.hc_ffn_fn.weight,16384x24,F32,1572864,"routing, norms and other weights",GPU configured,0,1572864
deepseek,DeepSeek-V4-Flash-0731-UD-Q8_K_XL-00004-of-00005.gguf,blk.33.hc_ffn_scale.weight,3,F32,12,"routing, norms and other weights",GPU configured,0,12
deepseek,DeepSeek-V4-Flash-0731-UD-Q8_K_XL-00004-of-00005.gguf,blk.34.attn_compressor_ape.weight,1024x4,F32,16384,attention and recurrent state weights,GPU configured,0,16384
deepseek,DeepSeek-V4-Flash-0731-UD-Q8_K_XL-00004-of-00005.gguf,blk.34.attn_compressor_gate.weight,4096x1024,BF16,8388608,attention and recurrent state weights,GPU configured,0,8388608
deepseek,DeepSeek-V4-Flash-0731-UD-Q8_K_XL-00004-of-00005.gguf,blk.34.attn_compressor_kv.weight,4096x1024,BF16,8388608,attention and recurrent state weights,GPU configured,0,8388608
deepseek,DeepSeek-V4-Flash-0731-UD-Q8_K_XL-00004-of-00005.gguf,blk.34.attn_compressor_norm.weight,512,F32,2048,attention and recurrent state weights,GPU configured,0,2048
deepseek,DeepSeek-V4-Flash-0731-UD-Q8_K_XL-00004-of-00005.gguf,blk.34.attn_kv.weight,4096x512,BF16,4194304,attention and recurrent state weights,GPU configured,0,4194304
deepseek,DeepSeek-V4-Flash-0731-UD-Q8_K_XL-00004-of-00005.gguf,blk.34.attn_kv_a_norm.weight,512,F32,2048,attention and recurrent state weights,GPU configured,0,2048
deepseek,DeepSeek-V4-Flash-0731-UD-Q8_K_XL-00004-of-00005.gguf,blk.34.attn_norm.weight,4096,F32,16384,attention and recurrent state weights,GPU configured,0,16384
deepseek,DeepSeek-V4-Flash-0731-UD-Q8_K_XL-00004-of-00005.gguf,blk.34.attn_output_a.weight,4096x8192,BF16,67108864,attention and recurrent state weights,GPU configured,0,67108864
deepseek,DeepSeek-V4-Flash-0731-UD-Q8_K_XL-00004-of-00005.gguf,blk.34.attn_output_b.weight,8192x4096,BF16,67108864,attention and recurrent state weights,GPU configured,0,67108864
deepseek,DeepSeek-V4-Flash-0731-UD-Q8_K_XL-00004-of-00005.gguf,blk.34.attn_q_a.weight,4096x1024,BF16,8388608,attention and recurrent state weights,GPU configured,0,8388608
deepseek,DeepSeek-V4-Flash-0731-UD-Q8_K_XL-00004-of-00005.gguf,blk.34.attn_q_a_norm.weight,1024,F32,4096,attention and recurrent state weights,GPU configured,0,4096
deepseek,DeepSeek-V4-Flash-0731-UD-Q8_K_XL-00004-of-00005.gguf,blk.34.attn_q_b.weight,1024x32768,BF16,67108864,attention and recurrent state weights,GPU configured,0,67108864
deepseek,DeepSeek-V4-Flash-0731-UD-Q8_K_XL-00004-of-00005.gguf,blk.34.attn_sinks.weight,64,F32,256,attention and recurrent state weights,GPU configured,0,256
deepseek,DeepSeek-V4-Flash-0731-UD-Q8_K_XL-00004-of-00005.gguf,blk.34.exp_probs_b.bias,256,F32,1024,"routing, norms and other weights",GPU configured,0,1024
deepseek,DeepSeek-V4-Flash-0731-UD-Q8_K_XL-00004-of-00005.gguf,blk.34.ffn_down_exps.weight,2048x4096x256,MXFP4,1140850688,routed experts,system RAM,26738688,26738688
deepseek,DeepSeek-V4-Flash-0731-UD-Q8_K_XL-00004-of-00005.gguf,blk.34.ffn_down_shexp.weight,2048x4096,BF16,16777216,shared experts and shared gate,GPU configured,0,16777216
deepseek,DeepSeek-V4-Flash-0731-UD-Q8_K_XL-00004-of-00005.gguf,blk.34.ffn_gate_exps.weight,4096x2048x256,MXFP4,1140850688,routed experts,system RAM,26738688,26738688
deepseek,DeepSeek-V4-Flash-0731-UD-Q8_K_XL-00004-of-00005.gguf,blk.34.ffn_gate_inp.weight,4096x256,BF16,2097152,"routing, norms and other weights",GPU configured,0,2097152
deepseek,DeepSeek-V4-Flash-0731-UD-Q8_K_XL-00004-of-00005.gguf,blk.34.ffn_gate_shexp.weight,4096x2048,BF16,16777216,shared experts and shared gate,GPU configured,0,16777216
deepseek,DeepSeek-V4-Flash-0731-UD-Q8_K_XL-00004-of-00005.gguf,blk.34.ffn_norm.weight,4096,F32,16384,"routing, norms and other weights",GPU configured,0,16384
deepseek,DeepSeek-V4-Flash-0731-UD-Q8_K_XL-00004-of-00005.gguf,blk.34.ffn_up_exps.weight,4096x2048x256,MXFP4,1140850688,routed experts,system RAM,26738688,26738688
deepseek,DeepSeek-V4-Flash-0731-UD-Q8_K_XL-00004-of-00005.gguf,blk.34.ffn_up_shexp.weight,4096x2048,BF16,16777216,shared experts and shared gate,GPU configured,0,16777216
deepseek,DeepSeek-V4-Flash-0731-UD-Q8_K_XL-00004-of-00005.gguf,blk.34.hc_attn_base.weight,24,F32,96,attention and recurrent state weights,GPU configured,0,96
deepseek,DeepSeek-V4-Flash-0731-UD-Q8_K_XL-00004-of-00005.gguf,blk.34.hc_attn_fn.weight,16384x24,F32,1572864,attention and recurrent state weights,GPU configured,0,1572864
deepseek,DeepSeek-V4-Flash-0731-UD-Q8_K_XL-00004-of-00005.gguf,blk.34.hc_attn_scale.weight,3,F32,12,attention and recurrent state weights,GPU configured,0,12
deepseek,DeepSeek-V4-Flash-0731-UD-Q8_K_XL-00004-of-00005.gguf,blk.34.hc_ffn_base.weight,24,F32,96,"routing, norms and other weights",GPU configured,0,96
deepseek,DeepSeek-V4-Flash-0731-UD-Q8_K_XL-00004-of-00005.gguf,blk.34.hc_ffn_fn.weight,16384x24,F32,1572864,"routing, norms and other weights",GPU configured,0,1572864
deepseek,DeepSeek-V4-Flash-0731-UD-Q8_K_XL-00004-of-00005.gguf,blk.34.hc_ffn_scale.weight,3,F32,12,"routing, norms and other weights",GPU configured,0,12
deepseek,DeepSeek-V4-Flash-0731-UD-Q8_K_XL-00004-of-00005.gguf,blk.34.indexer.attn_q_b.weight,1024x8192,BF16,16777216,attention and recurrent state weights,GPU configured,0,16777216
deepseek,DeepSeek-V4-Flash-0731-UD-Q8_K_XL-00004-of-00005.gguf,blk.34.indexer.proj.weight,4096x64,BF16,524288,attention and recurrent state weights,GPU configured,0,524288
deepseek,DeepSeek-V4-Flash-0731-UD-Q8_K_XL-00004-of-00005.gguf,blk.34.indexer_compressor_ape.weight,256x4,F32,4096,attention and recurrent state weights,GPU configured,0,4096
deepseek,DeepSeek-V4-Flash-0731-UD-Q8_K_XL-00004-of-00005.gguf,blk.34.indexer_compressor_gate.weight,4096x256,BF16,2097152,attention and recurrent state weights,GPU configured,0,2097152
deepseek,DeepSeek-V4-Flash-0731-UD-Q8_K_XL-00004-of-00005.gguf,blk.34.indexer_compressor_kv.weight,4096x256,BF16,2097152,attention and recurrent state weights,GPU configured,0,2097152
deepseek,DeepSeek-V4-Flash-0731-UD-Q8_K_XL-00004-of-00005.gguf,blk.34.indexer_compressor_norm.weight,128,F32,512,attention and recurrent state weights,GPU configured,0,512
deepseek,DeepSeek-V4-Flash-0731-UD-Q8_K_XL-00004-of-00005.gguf,blk.35.attn_compressor_ape.weight,512x128,F32,262144,attention and recurrent state weights,GPU configured,0,262144
deepseek,DeepSeek-V4-Flash-0731-UD-Q8_K_XL-00004-of-00005.gguf,blk.35.attn_compressor_gate.weight,4096x512,BF16,4194304,attention and recurrent state weights,GPU configured,0,4194304
deepseek,DeepSeek-V4-Flash-0731-UD-Q8_K_XL-00004-of-00005.gguf,blk.35.attn_compressor_kv.weight,4096x512,BF16,4194304,attention and recurrent state weights,GPU configured,0,4194304
deepseek,DeepSeek-V4-Flash-0731-UD-Q8_K_XL-00004-of-00005.gguf,blk.35.attn_compressor_norm.weight,512,F32,2048,attention and recurrent state weights,GPU configured,0,2048
deepseek,DeepSeek-V4-Flash-0731-UD-Q8_K_XL-00004-of-00005.gguf,blk.35.attn_kv.weight,4096x512,BF16,4194304,attention and recurrent state weights,GPU configured,0,4194304
deepseek,DeepSeek-V4-Flash-0731-UD-Q8_K_XL-00004-of-00005.gguf,blk.35.attn_kv_a_norm.weight,512,F32,2048,attention and recurrent state weights,GPU configured,0,2048
deepseek,DeepSeek-V4-Flash-0731-UD-Q8_K_XL-00004-of-00005.gguf,blk.35.attn_norm.weight,4096,F32,16384,attention and recurrent state weights,GPU configured,0,16384
deepseek,DeepSeek-V4-Flash-0731-UD-Q8_K_XL-00004-of-00005.gguf,blk.35.attn_output_a.weight,4096x8192,BF16,67108864,attention and recurrent state weights,GPU configured,0,67108864
deepseek,DeepSeek-V4-Flash-0731-UD-Q8_K_XL-00004-of-00005.gguf,blk.35.attn_output_b.weight,8192x4096,BF16,67108864,attention and recurrent state weights,GPU configured,0,67108864
deepseek,DeepSeek-V4-Flash-0731-UD-Q8_K_XL-00004-of-00005.gguf,blk.35.attn_q_a.weight,4096x1024,BF16,8388608,attention and recurrent state weights,GPU configured,0,8388608
deepseek,DeepSeek-V4-Flash-0731-UD-Q8_K_XL-00004-of-00005.gguf,blk.35.attn_q_a_norm.weight,1024,F32,4096,attention and recurrent state weights,GPU configured,0,4096
deepseek,DeepSeek-V4-Flash-0731-UD-Q8_K_XL-00004-of-00005.gguf,blk.35.attn_q_b.weight,1024x32768,BF16,67108864,attention and recurrent state weights,GPU configured,0,67108864
deepseek,DeepSeek-V4-Flash-0731-UD-Q8_K_XL-00004-of-00005.gguf,blk.35.attn_sinks.weight,64,F32,256,attention and recurrent state weights,GPU configured,0,256
deepseek,DeepSeek-V4-Flash-0731-UD-Q8_K_XL-00004-of-00005.gguf,blk.35.exp_probs_b.bias,256,F32,1024,"routing, norms and other weights",GPU configured,0,1024
deepseek,DeepSeek-V4-Flash-0731-UD-Q8_K_XL-00004-of-00005.gguf,blk.35.ffn_down_exps.weight,2048x4096x256,MXFP4,1140850688,routed experts,system RAM,26738688,26738688
deepseek,DeepSeek-V4-Flash-0731-UD-Q8_K_XL-00004-of-00005.gguf,blk.35.ffn_down_shexp.weight,2048x4096,BF16,16777216,shared experts and shared gate,GPU configured,0,16777216
deepseek,DeepSeek-V4-Flash-0731-UD-Q8_K_XL-00004-of-00005.gguf,blk.35.ffn_gate_exps.weight,4096x2048x256,MXFP4,1140850688,routed experts,system RAM,26738688,26738688
deepseek,DeepSeek-V4-Flash-0731-UD-Q8_K_XL-00004-of-00005.gguf,blk.35.ffn_gate_inp.weight,4096x256,BF16,2097152,"routing, norms and other weights",GPU configured,0,2097152
deepseek,DeepSeek-V4-Flash-0731-UD-Q8_K_XL-00004-of-00005.gguf,blk.35.ffn_gate_shexp.weight,4096x2048,BF16,16777216,shared experts and shared gate,GPU configured,0,16777216
deepseek,DeepSeek-V4-Flash-0731-UD-Q8_K_XL-00004-of-00005.gguf,blk.35.ffn_norm.weight,4096,F32,16384,"routing, norms and other weights",GPU configured,0,16384
deepseek,DeepSeek-V4-Flash-0731-UD-Q8_K_XL-00004-of-00005.gguf,blk.35.ffn_up_exps.weight,4096x2048x256,MXFP4,1140850688,routed experts,system RAM,26738688,26738688
deepseek,DeepSeek-V4-Flash-0731-UD-Q8_K_XL-00004-of-00005.gguf,blk.35.ffn_up_shexp.weight,4096x2048,BF16,16777216,shared experts and shared gate,GPU configured,0,16777216
deepseek,DeepSeek-V4-Flash-0731-UD-Q8_K_XL-00004-of-00005.gguf,blk.35.hc_attn_base.weight,24,F32,96,attention and recurrent state weights,GPU configured,0,96
deepseek,DeepSeek-V4-Flash-0731-UD-Q8_K_XL-00004-of-00005.gguf,blk.35.hc_attn_fn.weight,16384x24,F32,1572864,attention and recurrent state weights,GPU configured,0,1572864
deepseek,DeepSeek-V4-Flash-0731-UD-Q8_K_XL-00004-of-00005.gguf,blk.35.hc_attn_scale.weight,3,F32,12,attention and recurrent state weights,GPU configured,0,12
deepseek,DeepSeek-V4-Flash-0731-UD-Q8_K_XL-00004-of-00005.gguf,blk.35.hc_ffn_base.weight,24,F32,96,"routing, norms and other weights",GPU configured,0,96
deepseek,DeepSeek-V4-Flash-0731-UD-Q8_K_XL-00004-of-00005.gguf,blk.35.hc_ffn_fn.weight,16384x24,F32,1572864,"routing, norms and other weights",GPU configured,0,1572864
deepseek,DeepSeek-V4-Flash-0731-UD-Q8_K_XL-00004-of-00005.gguf,blk.35.hc_ffn_scale.weight,3,F32,12,"routing, norms and other weights",GPU configured,0,12
deepseek,DeepSeek-V4-Flash-0731-UD-Q8_K_XL-00004-of-00005.gguf,blk.36.attn_compressor_ape.weight,1024x4,F32,16384,attention and recurrent state weights,GPU configured,0,16384
deepseek,DeepSeek-V4-Flash-0731-UD-Q8_K_XL-00004-of-00005.gguf,blk.36.attn_compressor_gate.weight,4096x1024,BF16,8388608,attention and recurrent state weights,GPU configured,0,8388608
deepseek,DeepSeek-V4-Flash-0731-UD-Q8_K_XL-00004-of-00005.gguf,blk.36.attn_compressor_kv.weight,4096x1024,BF16,8388608,attention and recurrent state weights,GPU configured,0,8388608
deepseek,DeepSeek-V4-Flash-0731-UD-Q8_K_XL-00004-of-00005.gguf,blk.36.attn_compressor_norm.weight,512,F32,2048,attention and recurrent state weights,GPU configured,0,2048
deepseek,DeepSeek-V4-Flash-0731-UD-Q8_K_XL-00004-of-00005.gguf,blk.36.attn_kv.weight,4096x512,BF16,4194304,attention and recurrent state weights,GPU configured,0,4194304
deepseek,DeepSeek-V4-Flash-0731-UD-Q8_K_XL-00004-of-00005.gguf,blk.36.attn_kv_a_norm.weight,512,F32,2048,attention and recurrent state weights,GPU configured,0,2048
deepseek,DeepSeek-V4-Flash-0731-UD-Q8_K_XL-00004-of-00005.gguf,blk.36.attn_norm.weight,4096,F32,16384,attention and recurrent state weights,GPU configured,0,16384
deepseek,DeepSeek-V4-Flash-0731-UD-Q8_K_XL-00004-of-00005.gguf,blk.36.attn_output_a.weight,4096x8192,BF16,67108864,attention and recurrent state weights,GPU configured,0,67108864
deepseek,DeepSeek-V4-Flash-0731-UD-Q8_K_XL-00004-of-00005.gguf,blk.36.attn_output_b.weight,8192x4096,BF16,67108864,attention and recurrent state weights,GPU configured,0,67108864
deepseek,DeepSeek-V4-Flash-0731-UD-Q8_K_XL-00004-of-00005.gguf,blk.36.attn_q_a.weight,4096x1024,BF16,8388608,attention and recurrent state weights,GPU configured,0,8388608
deepseek,DeepSeek-V4-Flash-0731-UD-Q8_K_XL-00004-of-00005.gguf,blk.36.attn_q_a_norm.weight,1024,F32,4096,attention and recurrent state weights,GPU configured,0,4096
deepseek,DeepSeek-V4-Flash-0731-UD-Q8_K_XL-00004-of-00005.gguf,blk.36.attn_q_b.weight,1024x32768,BF16,67108864,attention and recurrent state weights,GPU configured,0,67108864
deepseek,DeepSeek-V4-Flash-0731-UD-Q8_K_XL-00004-of-00005.gguf,blk.36.attn_sinks.weight,64,F32,256,attention and recurrent state weights,GPU configured,0,256
deepseek,DeepSeek-V4-Flash-0731-UD-Q8_K_XL-00004-of-00005.gguf,blk.36.exp_probs_b.bias,256,F32,1024,"routing, norms and other weights",GPU configured,0,1024
deepseek,DeepSeek-V4-Flash-0731-UD-Q8_K_XL-00004-of-00005.gguf,blk.36.ffn_down_exps.weight,2048x4096x256,MXFP4,1140850688,routed experts,system RAM,26738688,26738688
deepseek,DeepSeek-V4-Flash-0731-UD-Q8_K_XL-00004-of-00005.gguf,blk.36.ffn_down_shexp.weight,2048x4096,BF16,16777216,shared experts and shared gate,GPU configured,0,16777216
deepseek,DeepSeek-V4-Flash-0731-UD-Q8_K_XL-00004-of-00005.gguf,blk.36.ffn_gate_exps.weight,4096x2048x256,MXFP4,1140850688,routed experts,system RAM,26738688,26738688
deepseek,DeepSeek-V4-Flash-0731-UD-Q8_K_XL-00004-of-00005.gguf,blk.36.ffn_gate_inp.weight,4096x256,BF16,2097152,"routing, norms and other weights",GPU configured,0,2097152
deepseek,DeepSeek-V4-Flash-0731-UD-Q8_K_XL-00004-of-00005.gguf,blk.36.ffn_gate_shexp.weight,4096x2048,BF16,16777216,shared experts and shared gate,GPU configured,0,16777216
deepseek,DeepSeek-V4-Flash-0731-UD-Q8_K_XL-00004-of-00005.gguf,blk.36.ffn_norm.weight,4096,F32,16384,"routing, norms and other weights",GPU configured,0,16384
deepseek,DeepSeek-V4-Flash-0731-UD-Q8_K_XL-00004-of-00005.gguf,blk.36.ffn_up_exps.weight,4096x2048x256,MXFP4,1140850688,routed experts,system RAM,26738688,26738688
deepseek,DeepSeek-V4-Flash-0731-UD-Q8_K_XL-00004-of-00005.gguf,blk.36.ffn_up_shexp.weight,4096x2048,BF16,16777216,shared experts and shared gate,GPU configured,0,16777216
deepseek,DeepSeek-V4-Flash-0731-UD-Q8_K_XL-00004-of-00005.gguf,blk.36.hc_attn_base.weight,24,F32,96,attention and recurrent state weights,GPU configured,0,96
deepseek,DeepSeek-V4-Flash-0731-UD-Q8_K_XL-00004-of-00005.gguf,blk.36.hc_attn_fn.weight,16384x24,F32,1572864,attention and recurrent state weights,GPU configured,0,1572864
deepseek,DeepSeek-V4-Flash-0731-UD-Q8_K_XL-00004-of-00005.gguf,blk.36.hc_attn_scale.weight,3,F32,12,attention and recurrent state weights,GPU configured,0,12
deepseek,DeepSeek-V4-Flash-0731-UD-Q8_K_XL-00004-of-00005.gguf,blk.36.hc_ffn_base.weight,24,F32,96,"routing, norms and other weights",GPU configured,0,96
deepseek,DeepSeek-V4-Flash-0731-UD-Q8_K_XL-00004-of-00005.gguf,blk.36.hc_ffn_fn.weight,16384x24,F32,1572864,"routing, norms and other weights",GPU configured,0,1572864
deepseek,DeepSeek-V4-Flash-0731-UD-Q8_K_XL-00004-of-00005.gguf,blk.36.hc_ffn_scale.weight,3,F32,12,"routing, norms and other weights",GPU configured,0,12
deepseek,DeepSeek-V4-Flash-0731-UD-Q8_K_XL-00004-of-00005.gguf,blk.36.indexer.attn_q_b.weight,1024x8192,BF16,16777216,attention and recurrent state weights,GPU configured,0,16777216
deepseek,DeepSeek-V4-Flash-0731-UD-Q8_K_XL-00004-of-00005.gguf,blk.36.indexer.proj.weight,4096x64,BF16,524288,attention and recurrent state weights,GPU configured,0,524288
deepseek,DeepSeek-V4-Flash-0731-UD-Q8_K_XL-00004-of-00005.gguf,blk.36.indexer_compressor_ape.weight,256x4,F32,4096,attention and recurrent state weights,GPU configured,0,4096
deepseek,DeepSeek-V4-Flash-0731-UD-Q8_K_XL-00004-of-00005.gguf,blk.36.indexer_compressor_gate.weight,4096x256,BF16,2097152,attention and recurrent state weights,GPU configured,0,2097152
deepseek,DeepSeek-V4-Flash-0731-UD-Q8_K_XL-00004-of-00005.gguf,blk.36.indexer_compressor_kv.weight,4096x256,BF16,2097152,attention and recurrent state weights,GPU configured,0,2097152
deepseek,DeepSeek-V4-Flash-0731-UD-Q8_K_XL-00004-of-00005.gguf,blk.36.indexer_compressor_norm.weight,128,F32,512,attention and recurrent state weights,GPU configured,0,512
deepseek,DeepSeek-V4-Flash-0731-UD-Q8_K_XL-00004-of-00005.gguf,blk.37.attn_compressor_ape.weight,512x128,F32,262144,attention and recurrent state weights,GPU configured,0,262144
deepseek,DeepSeek-V4-Flash-0731-UD-Q8_K_XL-00004-of-00005.gguf,blk.37.attn_compressor_gate.weight,4096x512,BF16,4194304,attention and recurrent state weights,GPU configured,0,4194304
deepseek,DeepSeek-V4-Flash-0731-UD-Q8_K_XL-00004-of-00005.gguf,blk.37.attn_compressor_kv.weight,4096x512,BF16,4194304,attention and recurrent state weights,GPU configured,0,4194304
deepseek,DeepSeek-V4-Flash-0731-UD-Q8_K_XL-00004-of-00005.gguf,blk.37.attn_compressor_norm.weight,512,F32,2048,attention and recurrent state weights,GPU configured,0,2048
deepseek,DeepSeek-V4-Flash-0731-UD-Q8_K_XL-00004-of-00005.gguf,blk.37.attn_kv.weight,4096x512,BF16,4194304,attention and recurrent state weights,GPU configured,0,4194304
deepseek,DeepSeek-V4-Flash-0731-UD-Q8_K_XL-00004-of-00005.gguf,blk.37.attn_kv_a_norm.weight,512,F32,2048,attention and recurrent state weights,GPU configured,0,2048
deepseek,DeepSeek-V4-Flash-0731-UD-Q8_K_XL-00004-of-00005.gguf,blk.37.attn_norm.weight,4096,F32,16384,attention and recurrent state weights,GPU configured,0,16384
deepseek,DeepSeek-V4-Flash-0731-UD-Q8_K_XL-00004-of-00005.gguf,blk.37.attn_output_a.weight,4096x8192,BF16,67108864,attention and recurrent state weights,GPU configured,0,67108864
deepseek,DeepSeek-V4-Flash-0731-UD-Q8_K_XL-00004-of-00005.gguf,blk.37.attn_output_b.weight,8192x4096,BF16,67108864,attention and recurrent state weights,GPU configured,0,67108864
deepseek,DeepSeek-V4-Flash-0731-UD-Q8_K_XL-00004-of-00005.gguf,blk.37.attn_q_a.weight,4096x1024,BF16,8388608,attention and recurrent state weights,GPU configured,0,8388608
deepseek,DeepSeek-V4-Flash-0731-UD-Q8_K_XL-00004-of-00005.gguf,blk.37.attn_q_a_norm.weight,1024,F32,4096,attention and recurrent state weights,GPU configured,0,4096
deepseek,DeepSeek-V4-Flash-0731-UD-Q8_K_XL-00004-of-00005.gguf,blk.37.attn_q_b.weight,1024x32768,BF16,67108864,attention and recurrent state weights,GPU configured,0,67108864
deepseek,DeepSeek-V4-Flash-0731-UD-Q8_K_XL-00004-of-00005.gguf,blk.37.attn_sinks.weight,64,F32,256,attention and recurrent state weights,GPU configured,0,256
deepseek,DeepSeek-V4-Flash-0731-UD-Q8_K_XL-00004-of-00005.gguf,blk.37.exp_probs_b.bias,256,F32,1024,"routing, norms and other weights",GPU configured,0,1024
deepseek,DeepSeek-V4-Flash-0731-UD-Q8_K_XL-00004-of-00005.gguf,blk.37.ffn_down_exps.weight,2048x4096x256,MXFP4,1140850688,routed experts,system RAM,26738688,26738688
deepseek,DeepSeek-V4-Flash-0731-UD-Q8_K_XL-00004-of-00005.gguf,blk.37.ffn_down_shexp.weight,2048x4096,BF16,16777216,shared experts and shared gate,GPU configured,0,16777216
deepseek,DeepSeek-V4-Flash-0731-UD-Q8_K_XL-00004-of-00005.gguf,blk.37.ffn_gate_exps.weight,4096x2048x256,MXFP4,1140850688,routed experts,system RAM,26738688,26738688
deepseek,DeepSeek-V4-Flash-0731-UD-Q8_K_XL-00004-of-00005.gguf,blk.37.ffn_gate_inp.weight,4096x256,BF16,2097152,"routing, norms and other weights",GPU configured,0,2097152
deepseek,DeepSeek-V4-Flash-0731-UD-Q8_K_XL-00004-of-00005.gguf,blk.37.ffn_gate_shexp.weight,4096x2048,BF16,16777216,shared experts and shared gate,GPU configured,0,16777216
deepseek,DeepSeek-V4-Flash-0731-UD-Q8_K_XL-00004-of-00005.gguf,blk.37.ffn_norm.weight,4096,F32,16384,"routing, norms and other weights",GPU configured,0,16384
deepseek,DeepSeek-V4-Flash-0731-UD-Q8_K_XL-00004-of-00005.gguf,blk.37.ffn_up_exps.weight,4096x2048x256,MXFP4,1140850688,routed experts,system RAM,26738688,26738688
deepseek,DeepSeek-V4-Flash-0731-UD-Q8_K_XL-00004-of-00005.gguf,blk.37.ffn_up_shexp.weight,4096x2048,BF16,16777216,shared experts and shared gate,GPU configured,0,16777216
deepseek,DeepSeek-V4-Flash-0731-UD-Q8_K_XL-00004-of-00005.gguf,blk.37.hc_attn_base.weight,24,F32,96,attention and recurrent state weights,GPU configured,0,96
deepseek,DeepSeek-V4-Flash-0731-UD-Q8_K_XL-00004-of-00005.gguf,blk.37.hc_attn_fn.weight,16384x24,F32,1572864,attention and recurrent state weights,GPU configured,0,1572864
deepseek,DeepSeek-V4-Flash-0731-UD-Q8_K_XL-00004-of-00005.gguf,blk.37.hc_attn_scale.weight,3,F32,12,attention and recurrent state weights,GPU configured,0,12
deepseek,DeepSeek-V4-Flash-0731-UD-Q8_K_XL-00004-of-00005.gguf,blk.37.hc_ffn_base.weight,24,F32,96,"routing, norms and other weights",GPU configured,0,96
deepseek,DeepSeek-V4-Flash-0731-UD-Q8_K_XL-00004-of-00005.gguf,blk.37.hc_ffn_fn.weight,16384x24,F32,1572864,"routing, norms and other weights",GPU configured,0,1572864
deepseek,DeepSeek-V4-Flash-0731-UD-Q8_K_XL-00004-of-00005.gguf,blk.37.hc_ffn_scale.weight,3,F32,12,"routing, norms and other weights",GPU configured,0,12
deepseek,DeepSeek-V4-Flash-0731-UD-Q8_K_XL-00004-of-00005.gguf,blk.38.attn_compressor_ape.weight,1024x4,F32,16384,attention and recurrent state weights,GPU configured,0,16384
deepseek,DeepSeek-V4-Flash-0731-UD-Q8_K_XL-00004-of-00005.gguf,blk.38.attn_compressor_gate.weight,4096x1024,BF16,8388608,attention and recurrent state weights,GPU configured,0,8388608
deepseek,DeepSeek-V4-Flash-0731-UD-Q8_K_XL-00004-of-00005.gguf,blk.38.attn_compressor_kv.weight,4096x1024,BF16,8388608,attention and recurrent state weights,GPU configured,0,8388608
deepseek,DeepSeek-V4-Flash-0731-UD-Q8_K_XL-00004-of-00005.gguf,blk.38.attn_compressor_norm.weight,512,F32,2048,attention and recurrent state weights,GPU configured,0,2048
deepseek,DeepSeek-V4-Flash-0731-UD-Q8_K_XL-00004-of-00005.gguf,blk.38.attn_kv.weight,4096x512,BF16,4194304,attention and recurrent state weights,GPU configured,0,4194304
deepseek,DeepSeek-V4-Flash-0731-UD-Q8_K_XL-00004-of-00005.gguf,blk.38.attn_kv_a_norm.weight,512,F32,2048,attention and recurrent state weights,GPU configured,0,2048
deepseek,DeepSeek-V4-Flash-0731-UD-Q8_K_XL-00004-of-00005.gguf,blk.38.attn_norm.weight,4096,F32,16384,attention and recurrent state weights,GPU configured,0,16384
deepseek,DeepSeek-V4-Flash-0731-UD-Q8_K_XL-00004-of-00005.gguf,blk.38.attn_output_a.weight,4096x8192,BF16,67108864,attention and recurrent state weights,GPU configured,0,67108864
deepseek,DeepSeek-V4-Flash-0731-UD-Q8_K_XL-00004-of-00005.gguf,blk.38.attn_output_b.weight,8192x4096,BF16,67108864,attention and recurrent state weights,GPU configured,0,67108864
deepseek,DeepSeek-V4-Flash-0731-UD-Q8_K_XL-00004-of-00005.gguf,blk.38.attn_q_a.weight,4096x1024,BF16,8388608,attention and recurrent state weights,GPU configured,0,8388608
deepseek,DeepSeek-V4-Flash-0731-UD-Q8_K_XL-00004-of-00005.gguf,blk.38.attn_q_a_norm.weight,1024,F32,4096,attention and recurrent state weights,GPU configured,0,4096
deepseek,DeepSeek-V4-Flash-0731-UD-Q8_K_XL-00004-of-00005.gguf,blk.38.attn_q_b.weight,1024x32768,BF16,67108864,attention and recurrent state weights,GPU configured,0,67108864
deepseek,DeepSeek-V4-Flash-0731-UD-Q8_K_XL-00004-of-00005.gguf,blk.38.attn_sinks.weight,64,F32,256,attention and recurrent state weights,GPU configured,0,256
deepseek,DeepSeek-V4-Flash-0731-UD-Q8_K_XL-00004-of-00005.gguf,blk.38.exp_probs_b.bias,256,F32,1024,"routing, norms and other weights",GPU configured,0,1024
deepseek,DeepSeek-V4-Flash-0731-UD-Q8_K_XL-00004-of-00005.gguf,blk.38.ffn_down_exps.weight,2048x4096x256,MXFP4,1140850688,routed experts,system RAM,26738688,26738688
deepseek,DeepSeek-V4-Flash-0731-UD-Q8_K_XL-00004-of-00005.gguf,blk.38.ffn_down_shexp.weight,2048x4096,BF16,16777216,shared experts and shared gate,GPU configured,0,16777216
deepseek,DeepSeek-V4-Flash-0731-UD-Q8_K_XL-00004-of-00005.gguf,blk.38.ffn_gate_exps.weight,4096x2048x256,MXFP4,1140850688,routed experts,system RAM,26738688,26738688
deepseek,DeepSeek-V4-Flash-0731-UD-Q8_K_XL-00004-of-00005.gguf,blk.38.ffn_gate_inp.weight,4096x256,BF16,2097152,"routing, norms and other weights",GPU configured,0,2097152
deepseek,DeepSeek-V4-Flash-0731-UD-Q8_K_XL-00004-of-00005.gguf,blk.38.ffn_gate_shexp.weight,4096x2048,BF16,16777216,shared experts and shared gate,GPU configured,0,16777216
deepseek,DeepSeek-V4-Flash-0731-UD-Q8_K_XL-00004-of-00005.gguf,blk.38.ffn_norm.weight,4096,F32,16384,"routing, norms and other weights",GPU configured,0,16384
deepseek,DeepSeek-V4-Flash-0731-UD-Q8_K_XL-00004-of-00005.gguf,blk.38.ffn_up_exps.weight,4096x2048x256,MXFP4,1140850688,routed experts,system RAM,26738688,26738688
deepseek,DeepSeek-V4-Flash-0731-UD-Q8_K_XL-00004-of-00005.gguf,blk.38.ffn_up_shexp.weight,4096x2048,BF16,16777216,shared experts and shared gate,GPU configured,0,16777216
deepseek,DeepSeek-V4-Flash-0731-UD-Q8_K_XL-00004-of-00005.gguf,blk.38.hc_attn_base.weight,24,F32,96,attention and recurrent state weights,GPU configured,0,96
deepseek,DeepSeek-V4-Flash-0731-UD-Q8_K_XL-00004-of-00005.gguf,blk.38.hc_attn_fn.weight,16384x24,F32,1572864,attention and recurrent state weights,GPU configured,0,1572864
deepseek,DeepSeek-V4-Flash-0731-UD-Q8_K_XL-00004-of-00005.gguf,blk.38.hc_attn_scale.weight,3,F32,12,attention and recurrent state weights,GPU configured,0,12
deepseek,DeepSeek-V4-Flash-0731-UD-Q8_K_XL-00004-of-00005.gguf,blk.38.hc_ffn_base.weight,24,F32,96,"routing, norms and other weights",GPU configured,0,96
deepseek,DeepSeek-V4-Flash-0731-UD-Q8_K_XL-00004-of-00005.gguf,blk.38.hc_ffn_fn.weight,16384x24,F32,1572864,"routing, norms and other weights",GPU configured,0,1572864
deepseek,DeepSeek-V4-Flash-0731-UD-Q8_K_XL-00004-of-00005.gguf,blk.38.hc_ffn_scale.weight,3,F32,12,"routing, norms and other weights",GPU configured,0,12
deepseek,DeepSeek-V4-Flash-0731-UD-Q8_K_XL-00004-of-00005.gguf,blk.38.indexer.attn_q_b.weight,1024x8192,BF16,16777216,attention and recurrent state weights,GPU configured,0,16777216
deepseek,DeepSeek-V4-Flash-0731-UD-Q8_K_XL-00004-of-00005.gguf,blk.38.indexer.proj.weight,4096x64,BF16,524288,attention and recurrent state weights,GPU configured,0,524288
deepseek,DeepSeek-V4-Flash-0731-UD-Q8_K_XL-00004-of-00005.gguf,blk.38.indexer_compressor_ape.weight,256x4,F32,4096,attention and recurrent state weights,GPU configured,0,4096
deepseek,DeepSeek-V4-Flash-0731-UD-Q8_K_XL-00004-of-00005.gguf,blk.38.indexer_compressor_gate.weight,4096x256,BF16,2097152,attention and recurrent state weights,GPU configured,0,2097152
deepseek,DeepSeek-V4-Flash-0731-UD-Q8_K_XL-00004-of-00005.gguf,blk.38.indexer_compressor_kv.weight,4096x256,BF16,2097152,attention and recurrent state weights,GPU configured,0,2097152
deepseek,DeepSeek-V4-Flash-0731-UD-Q8_K_XL-00004-of-00005.gguf,blk.38.indexer_compressor_norm.weight,128,F32,512,attention and recurrent state weights,GPU configured,0,512
deepseek,DeepSeek-V4-Flash-0731-UD-Q8_K_XL-00004-of-00005.gguf,blk.39.attn_compressor_ape.weight,512x128,F32,262144,attention and recurrent state weights,GPU configured,0,262144
deepseek,DeepSeek-V4-Flash-0731-UD-Q8_K_XL-00004-of-00005.gguf,blk.39.attn_compressor_gate.weight,4096x512,BF16,4194304,attention and recurrent state weights,GPU configured,0,4194304
deepseek,DeepSeek-V4-Flash-0731-UD-Q8_K_XL-00004-of-00005.gguf,blk.39.attn_compressor_kv.weight,4096x512,BF16,4194304,attention and recurrent state weights,GPU configured,0,4194304
deepseek,DeepSeek-V4-Flash-0731-UD-Q8_K_XL-00004-of-00005.gguf,blk.39.attn_compressor_norm.weight,512,F32,2048,attention and recurrent state weights,GPU configured,0,2048
deepseek,DeepSeek-V4-Flash-0731-UD-Q8_K_XL-00004-of-00005.gguf,blk.39.attn_kv.weight,4096x512,BF16,4194304,attention and recurrent state weights,GPU configured,0,4194304
deepseek,DeepSeek-V4-Flash-0731-UD-Q8_K_XL-00004-of-00005.gguf,blk.39.attn_kv_a_norm.weight,512,F32,2048,attention and recurrent state weights,GPU configured,0,2048
deepseek,DeepSeek-V4-Flash-0731-UD-Q8_K_XL-00004-of-00005.gguf,blk.39.attn_norm.weight,4096,F32,16384,attention and recurrent state weights,GPU configured,0,16384
deepseek,DeepSeek-V4-Flash-0731-UD-Q8_K_XL-00004-of-00005.gguf,blk.39.attn_output_a.weight,4096x8192,BF16,67108864,attention and recurrent state weights,GPU configured,0,67108864
deepseek,DeepSeek-V4-Flash-0731-UD-Q8_K_XL-00004-of-00005.gguf,blk.39.attn_output_b.weight,8192x4096,BF16,67108864,attention and recurrent state weights,GPU configured,0,67108864
deepseek,DeepSeek-V4-Flash-0731-UD-Q8_K_XL-00004-of-00005.gguf,blk.39.attn_q_a.weight,4096x1024,BF16,8388608,attention and recurrent state weights,GPU configured,0,8388608
deepseek,DeepSeek-V4-Flash-0731-UD-Q8_K_XL-00004-of-00005.gguf,blk.39.attn_q_a_norm.weight,1024,F32,4096,attention and recurrent state weights,GPU configured,0,4096
deepseek,DeepSeek-V4-Flash-0731-UD-Q8_K_XL-00004-of-00005.gguf,blk.39.attn_q_b.weight,1024x32768,BF16,67108864,attention and recurrent state weights,GPU configured,0,67108864
deepseek,DeepSeek-V4-Flash-0731-UD-Q8_K_XL-00004-of-00005.gguf,blk.39.attn_sinks.weight,64,F32,256,attention and recurrent state weights,GPU configured,0,256
deepseek,DeepSeek-V4-Flash-0731-UD-Q8_K_XL-00004-of-00005.gguf,blk.39.exp_probs_b.bias,256,F32,1024,"routing, norms and other weights",GPU configured,0,1024
deepseek,DeepSeek-V4-Flash-0731-UD-Q8_K_XL-00004-of-00005.gguf,blk.39.ffn_down_exps.weight,2048x4096x256,MXFP4,1140850688,routed experts,system RAM,26738688,26738688
deepseek,DeepSeek-V4-Flash-0731-UD-Q8_K_XL-00004-of-00005.gguf,blk.39.ffn_down_shexp.weight,2048x4096,BF16,16777216,shared experts and shared gate,GPU configured,0,16777216
deepseek,DeepSeek-V4-Flash-0731-UD-Q8_K_XL-00005-of-00005.gguf,blk.39.ffn_gate_exps.weight,4096x2048x256,MXFP4,1140850688,routed experts,system RAM,26738688,26738688
deepseek,DeepSeek-V4-Flash-0731-UD-Q8_K_XL-00005-of-00005.gguf,blk.39.ffn_gate_inp.weight,4096x256,BF16,2097152,"routing, norms and other weights",GPU configured,0,2097152
deepseek,DeepSeek-V4-Flash-0731-UD-Q8_K_XL-00005-of-00005.gguf,blk.39.ffn_gate_shexp.weight,4096x2048,BF16,16777216,shared experts and shared gate,GPU configured,0,16777216
deepseek,DeepSeek-V4-Flash-0731-UD-Q8_K_XL-00005-of-00005.gguf,blk.39.ffn_norm.weight,4096,F32,16384,"routing, norms and other weights",GPU configured,0,16384
deepseek,DeepSeek-V4-Flash-0731-UD-Q8_K_XL-00005-of-00005.gguf,blk.39.ffn_up_exps.weight,4096x2048x256,MXFP4,1140850688,routed experts,system RAM,26738688,26738688
deepseek,DeepSeek-V4-Flash-0731-UD-Q8_K_XL-00005-of-00005.gguf,blk.39.ffn_up_shexp.weight,4096x2048,BF16,16777216,shared experts and shared gate,GPU configured,0,16777216
deepseek,DeepSeek-V4-Flash-0731-UD-Q8_K_XL-00005-of-00005.gguf,blk.39.hc_attn_base.weight,24,F32,96,attention and recurrent state weights,GPU configured,0,96
deepseek,DeepSeek-V4-Flash-0731-UD-Q8_K_XL-00005-of-00005.gguf,blk.39.hc_attn_fn.weight,16384x24,F32,1572864,attention and recurrent state weights,GPU configured,0,1572864
deepseek,DeepSeek-V4-Flash-0731-UD-Q8_K_XL-00005-of-00005.gguf,blk.39.hc_attn_scale.weight,3,F32,12,attention and recurrent state weights,GPU configured,0,12
deepseek,DeepSeek-V4-Flash-0731-UD-Q8_K_XL-00005-of-00005.gguf,blk.39.hc_ffn_base.weight,24,F32,96,"routing, norms and other weights",GPU configured,0,96
deepseek,DeepSeek-V4-Flash-0731-UD-Q8_K_XL-00005-of-00005.gguf,blk.39.hc_ffn_fn.weight,16384x24,F32,1572864,"routing, norms and other weights",GPU configured,0,1572864
deepseek,DeepSeek-V4-Flash-0731-UD-Q8_K_XL-00005-of-00005.gguf,blk.39.hc_ffn_scale.weight,3,F32,12,"routing, norms and other weights",GPU configured,0,12
deepseek,DeepSeek-V4-Flash-0731-UD-Q8_K_XL-00005-of-00005.gguf,blk.40.attn_compressor_ape.weight,1024x4,F32,16384,attention and recurrent state weights,GPU configured,0,16384
deepseek,DeepSeek-V4-Flash-0731-UD-Q8_K_XL-00005-of-00005.gguf,blk.40.attn_compressor_gate.weight,4096x1024,BF16,8388608,attention and recurrent state weights,GPU configured,0,8388608
deepseek,DeepSeek-V4-Flash-0731-UD-Q8_K_XL-00005-of-00005.gguf,blk.40.attn_compressor_kv.weight,4096x1024,BF16,8388608,attention and recurrent state weights,GPU configured,0,8388608
deepseek,DeepSeek-V4-Flash-0731-UD-Q8_K_XL-00005-of-00005.gguf,blk.40.attn_compressor_norm.weight,512,F32,2048,attention and recurrent state weights,GPU configured,0,2048
deepseek,DeepSeek-V4-Flash-0731-UD-Q8_K_XL-00005-of-00005.gguf,blk.40.attn_kv.weight,4096x512,BF16,4194304,attention and recurrent state weights,GPU configured,0,4194304
deepseek,DeepSeek-V4-Flash-0731-UD-Q8_K_XL-00005-of-00005.gguf,blk.40.attn_kv_a_norm.weight,512,F32,2048,attention and recurrent state weights,GPU configured,0,2048
deepseek,DeepSeek-V4-Flash-0731-UD-Q8_K_XL-00005-of-00005.gguf,blk.40.attn_norm.weight,4096,F32,16384,attention and recurrent state weights,GPU configured,0,16384
deepseek,DeepSeek-V4-Flash-0731-UD-Q8_K_XL-00005-of-00005.gguf,blk.40.attn_output_a.weight,4096x8192,BF16,67108864,attention and recurrent state weights,GPU configured,0,67108864
deepseek,DeepSeek-V4-Flash-0731-UD-Q8_K_XL-00005-of-00005.gguf,blk.40.attn_output_b.weight,8192x4096,BF16,67108864,attention and recurrent state weights,GPU configured,0,67108864
deepseek,DeepSeek-V4-Flash-0731-UD-Q8_K_XL-00005-of-00005.gguf,blk.40.attn_q_a.weight,4096x1024,BF16,8388608,attention and recurrent state weights,GPU configured,0,8388608
deepseek,DeepSeek-V4-Flash-0731-UD-Q8_K_XL-00005-of-00005.gguf,blk.40.attn_q_a_norm.weight,1024,F32,4096,attention and recurrent state weights,GPU configured,0,4096
deepseek,DeepSeek-V4-Flash-0731-UD-Q8_K_XL-00005-of-00005.gguf,blk.40.attn_q_b.weight,1024x32768,BF16,67108864,attention and recurrent state weights,GPU configured,0,67108864
deepseek,DeepSeek-V4-Flash-0731-UD-Q8_K_XL-00005-of-00005.gguf,blk.40.attn_sinks.weight,64,F32,256,attention and recurrent state weights,GPU configured,0,256
deepseek,DeepSeek-V4-Flash-0731-UD-Q8_K_XL-00005-of-00005.gguf,blk.40.exp_probs_b.bias,256,F32,1024,"routing, norms and other weights",GPU configured,0,1024
deepseek,DeepSeek-V4-Flash-0731-UD-Q8_K_XL-00005-of-00005.gguf,blk.40.ffn_down_exps.weight,2048x4096x256,MXFP4,1140850688,routed experts,system RAM,26738688,26738688
deepseek,DeepSeek-V4-Flash-0731-UD-Q8_K_XL-00005-of-00005.gguf,blk.40.ffn_down_shexp.weight,2048x4096,BF16,16777216,shared experts and shared gate,GPU configured,0,16777216
deepseek,DeepSeek-V4-Flash-0731-UD-Q8_K_XL-00005-of-00005.gguf,blk.40.ffn_gate_exps.weight,4096x2048x256,MXFP4,1140850688,routed experts,system RAM,26738688,26738688
deepseek,DeepSeek-V4-Flash-0731-UD-Q8_K_XL-00005-of-00005.gguf,blk.40.ffn_gate_inp.weight,4096x256,BF16,2097152,"routing, norms and other weights",GPU configured,0,2097152
deepseek,DeepSeek-V4-Flash-0731-UD-Q8_K_XL-00005-of-00005.gguf,blk.40.ffn_gate_shexp.weight,4096x2048,BF16,16777216,shared experts and shared gate,GPU configured,0,16777216
deepseek,DeepSeek-V4-Flash-0731-UD-Q8_K_XL-00005-of-00005.gguf,blk.40.ffn_norm.weight,4096,F32,16384,"routing, norms and other weights",GPU configured,0,16384
deepseek,DeepSeek-V4-Flash-0731-UD-Q8_K_XL-00005-of-00005.gguf,blk.40.ffn_up_exps.weight,4096x2048x256,MXFP4,1140850688,routed experts,system RAM,26738688,26738688
deepseek,DeepSeek-V4-Flash-0731-UD-Q8_K_XL-00005-of-00005.gguf,blk.40.ffn_up_shexp.weight,4096x2048,BF16,16777216,shared experts and shared gate,GPU configured,0,16777216
deepseek,DeepSeek-V4-Flash-0731-UD-Q8_K_XL-00005-of-00005.gguf,blk.40.hc_attn_base.weight,24,F32,96,attention and recurrent state weights,GPU configured,0,96
deepseek,DeepSeek-V4-Flash-0731-UD-Q8_K_XL-00005-of-00005.gguf,blk.40.hc_attn_fn.weight,16384x24,F32,1572864,attention and recurrent state weights,GPU configured,0,1572864
deepseek,DeepSeek-V4-Flash-0731-UD-Q8_K_XL-00005-of-00005.gguf,blk.40.hc_attn_scale.weight,3,F32,12,attention and recurrent state weights,GPU configured,0,12
deepseek,DeepSeek-V4-Flash-0731-UD-Q8_K_XL-00005-of-00005.gguf,blk.40.hc_ffn_base.weight,24,F32,96,"routing, norms and other weights",GPU configured,0,96
deepseek,DeepSeek-V4-Flash-0731-UD-Q8_K_XL-00005-of-00005.gguf,blk.40.hc_ffn_fn.weight,16384x24,F32,1572864,"routing, norms and other weights",GPU configured,0,1572864
deepseek,DeepSeek-V4-Flash-0731-UD-Q8_K_XL-00005-of-00005.gguf,blk.40.hc_ffn_scale.weight,3,F32,12,"routing, norms and other weights",GPU configured,0,12
deepseek,DeepSeek-V4-Flash-0731-UD-Q8_K_XL-00005-of-00005.gguf,blk.40.indexer.attn_q_b.weight,1024x8192,BF16,16777216,attention and recurrent state weights,GPU configured,0,16777216
deepseek,DeepSeek-V4-Flash-0731-UD-Q8_K_XL-00005-of-00005.gguf,blk.40.indexer.proj.weight,4096x64,BF16,524288,attention and recurrent state weights,GPU configured,0,524288
deepseek,DeepSeek-V4-Flash-0731-UD-Q8_K_XL-00005-of-00005.gguf,blk.40.indexer_compressor_ape.weight,256x4,F32,4096,attention and recurrent state weights,GPU configured,0,4096
deepseek,DeepSeek-V4-Flash-0731-UD-Q8_K_XL-00005-of-00005.gguf,blk.40.indexer_compressor_gate.weight,4096x256,BF16,2097152,attention and recurrent state weights,GPU configured,0,2097152
deepseek,DeepSeek-V4-Flash-0731-UD-Q8_K_XL-00005-of-00005.gguf,blk.40.indexer_compressor_kv.weight,4096x256,BF16,2097152,attention and recurrent state weights,GPU configured,0,2097152
deepseek,DeepSeek-V4-Flash-0731-UD-Q8_K_XL-00005-of-00005.gguf,blk.40.indexer_compressor_norm.weight,128,F32,512,attention and recurrent state weights,GPU configured,0,512
deepseek,DeepSeek-V4-Flash-0731-UD-Q8_K_XL-00005-of-00005.gguf,blk.41.attn_compressor_ape.weight,512x128,F32,262144,attention and recurrent state weights,GPU configured,0,262144
deepseek,DeepSeek-V4-Flash-0731-UD-Q8_K_XL-00005-of-00005.gguf,blk.41.attn_compressor_gate.weight,4096x512,BF16,4194304,attention and recurrent state weights,GPU configured,0,4194304
deepseek,DeepSeek-V4-Flash-0731-UD-Q8_K_XL-00005-of-00005.gguf,blk.41.attn_compressor_kv.weight,4096x512,BF16,4194304,attention and recurrent state weights,GPU configured,0,4194304
deepseek,DeepSeek-V4-Flash-0731-UD-Q8_K_XL-00005-of-00005.gguf,blk.41.attn_compressor_norm.weight,512,F32,2048,attention and recurrent state weights,GPU configured,0,2048
deepseek,DeepSeek-V4-Flash-0731-UD-Q8_K_XL-00005-of-00005.gguf,blk.41.attn_kv.weight,4096x512,BF16,4194304,attention and recurrent state weights,GPU configured,0,4194304
deepseek,DeepSeek-V4-Flash-0731-UD-Q8_K_XL-00005-of-00005.gguf,blk.41.attn_kv_a_norm.weight,512,F32,2048,attention and recurrent state weights,GPU configured,0,2048
deepseek,DeepSeek-V4-Flash-0731-UD-Q8_K_XL-00005-of-00005.gguf,blk.41.attn_norm.weight,4096,F32,16384,attention and recurrent state weights,GPU configured,0,16384
deepseek,DeepSeek-V4-Flash-0731-UD-Q8_K_XL-00005-of-00005.gguf,blk.41.attn_output_a.weight,4096x8192,BF16,67108864,attention and recurrent state weights,GPU configured,0,67108864
deepseek,DeepSeek-V4-Flash-0731-UD-Q8_K_XL-00005-of-00005.gguf,blk.41.attn_output_b.weight,8192x4096,BF16,67108864,attention and recurrent state weights,GPU configured,0,67108864
deepseek,DeepSeek-V4-Flash-0731-UD-Q8_K_XL-00005-of-00005.gguf,blk.41.attn_q_a.weight,4096x1024,BF16,8388608,attention and recurrent state weights,GPU configured,0,8388608
deepseek,DeepSeek-V4-Flash-0731-UD-Q8_K_XL-00005-of-00005.gguf,blk.41.attn_q_a_norm.weight,1024,F32,4096,attention and recurrent state weights,GPU configured,0,4096
deepseek,DeepSeek-V4-Flash-0731-UD-Q8_K_XL-00005-of-00005.gguf,blk.41.attn_q_b.weight,1024x32768,BF16,67108864,attention and recurrent state weights,GPU configured,0,67108864
deepseek,DeepSeek-V4-Flash-0731-UD-Q8_K_XL-00005-of-00005.gguf,blk.41.attn_sinks.weight,64,F32,256,attention and recurrent state weights,GPU configured,0,256
deepseek,DeepSeek-V4-Flash-0731-UD-Q8_K_XL-00005-of-00005.gguf,blk.41.exp_probs_b.bias,256,F32,1024,"routing, norms and other weights",GPU configured,0,1024
deepseek,DeepSeek-V4-Flash-0731-UD-Q8_K_XL-00005-of-00005.gguf,blk.41.ffn_down_exps.weight,2048x4096x256,MXFP4,1140850688,routed experts,system RAM,26738688,26738688
deepseek,DeepSeek-V4-Flash-0731-UD-Q8_K_XL-00005-of-00005.gguf,blk.41.ffn_down_shexp.weight,2048x4096,BF16,16777216,shared experts and shared gate,GPU configured,0,16777216
deepseek,DeepSeek-V4-Flash-0731-UD-Q8_K_XL-00005-of-00005.gguf,blk.41.ffn_gate_exps.weight,4096x2048x256,MXFP4,1140850688,routed experts,system RAM,26738688,26738688
deepseek,DeepSeek-V4-Flash-0731-UD-Q8_K_XL-00005-of-00005.gguf,blk.41.ffn_gate_inp.weight,4096x256,BF16,2097152,"routing, norms and other weights",GPU configured,0,2097152
deepseek,DeepSeek-V4-Flash-0731-UD-Q8_K_XL-00005-of-00005.gguf,blk.41.ffn_gate_shexp.weight,4096x2048,BF16,16777216,shared experts and shared gate,GPU configured,0,16777216
deepseek,DeepSeek-V4-Flash-0731-UD-Q8_K_XL-00005-of-00005.gguf,blk.41.ffn_norm.weight,4096,F32,16384,"routing, norms and other weights",GPU configured,0,16384
deepseek,DeepSeek-V4-Flash-0731-UD-Q8_K_XL-00005-of-00005.gguf,blk.41.ffn_up_exps.weight,4096x2048x256,MXFP4,1140850688,routed experts,system RAM,26738688,26738688
deepseek,DeepSeek-V4-Flash-0731-UD-Q8_K_XL-00005-of-00005.gguf,blk.41.ffn_up_shexp.weight,4096x2048,BF16,16777216,shared experts and shared gate,GPU configured,0,16777216
deepseek,DeepSeek-V4-Flash-0731-UD-Q8_K_XL-00005-of-00005.gguf,blk.41.hc_attn_base.weight,24,F32,96,attention and recurrent state weights,GPU configured,0,96
deepseek,DeepSeek-V4-Flash-0731-UD-Q8_K_XL-00005-of-00005.gguf,blk.41.hc_attn_fn.weight,16384x24,F32,1572864,attention and recurrent state weights,GPU configured,0,1572864
deepseek,DeepSeek-V4-Flash-0731-UD-Q8_K_XL-00005-of-00005.gguf,blk.41.hc_attn_scale.weight,3,F32,12,attention and recurrent state weights,GPU configured,0,12
deepseek,DeepSeek-V4-Flash-0731-UD-Q8_K_XL-00005-of-00005.gguf,blk.41.hc_ffn_base.weight,24,F32,96,"routing, norms and other weights",GPU configured,0,96
deepseek,DeepSeek-V4-Flash-0731-UD-Q8_K_XL-00005-of-00005.gguf,blk.41.hc_ffn_fn.weight,16384x24,F32,1572864,"routing, norms and other weights",GPU configured,0,1572864
deepseek,DeepSeek-V4-Flash-0731-UD-Q8_K_XL-00005-of-00005.gguf,blk.41.hc_ffn_scale.weight,3,F32,12,"routing, norms and other weights",GPU configured,0,12
deepseek,DeepSeek-V4-Flash-0731-UD-Q8_K_XL-00005-of-00005.gguf,blk.42.attn_compressor_ape.weight,1024x4,F32,16384,attention and recurrent state weights,GPU configured,0,16384
deepseek,DeepSeek-V4-Flash-0731-UD-Q8_K_XL-00005-of-00005.gguf,blk.42.attn_compressor_gate.weight,4096x1024,BF16,8388608,attention and recurrent state weights,GPU configured,0,8388608
deepseek,DeepSeek-V4-Flash-0731-UD-Q8_K_XL-00005-of-00005.gguf,blk.42.attn_compressor_kv.weight,4096x1024,BF16,8388608,attention and recurrent state weights,GPU configured,0,8388608
deepseek,DeepSeek-V4-Flash-0731-UD-Q8_K_XL-00005-of-00005.gguf,blk.42.attn_compressor_norm.weight,512,F32,2048,attention and recurrent state weights,GPU configured,0,2048
deepseek,DeepSeek-V4-Flash-0731-UD-Q8_K_XL-00005-of-00005.gguf,blk.42.attn_kv.weight,4096x512,BF16,4194304,attention and recurrent state weights,GPU configured,0,4194304
deepseek,DeepSeek-V4-Flash-0731-UD-Q8_K_XL-00005-of-00005.gguf,blk.42.attn_kv_a_norm.weight,512,F32,2048,attention and recurrent state weights,GPU configured,0,2048
deepseek,DeepSeek-V4-Flash-0731-UD-Q8_K_XL-00005-of-00005.gguf,blk.42.attn_norm.weight,4096,F32,16384,attention and recurrent state weights,GPU configured,0,16384
deepseek,DeepSeek-V4-Flash-0731-UD-Q8_K_XL-00005-of-00005.gguf,blk.42.attn_output_a.weight,4096x8192,BF16,67108864,attention and recurrent state weights,GPU configured,0,67108864
deepseek,DeepSeek-V4-Flash-0731-UD-Q8_K_XL-00005-of-00005.gguf,blk.42.attn_output_b.weight,8192x4096,BF16,67108864,attention and recurrent state weights,GPU configured,0,67108864
deepseek,DeepSeek-V4-Flash-0731-UD-Q8_K_XL-00005-of-00005.gguf,blk.42.attn_q_a.weight,4096x1024,BF16,8388608,attention and recurrent state weights,GPU configured,0,8388608
deepseek,DeepSeek-V4-Flash-0731-UD-Q8_K_XL-00005-of-00005.gguf,blk.42.attn_q_a_norm.weight,1024,F32,4096,attention and recurrent state weights,GPU configured,0,4096
deepseek,DeepSeek-V4-Flash-0731-UD-Q8_K_XL-00005-of-00005.gguf,blk.42.attn_q_b.weight,1024x32768,BF16,67108864,attention and recurrent state weights,GPU configured,0,67108864
deepseek,DeepSeek-V4-Flash-0731-UD-Q8_K_XL-00005-of-00005.gguf,blk.42.attn_sinks.weight,64,F32,256,attention and recurrent state weights,GPU configured,0,256
deepseek,DeepSeek-V4-Flash-0731-UD-Q8_K_XL-00005-of-00005.gguf,blk.42.exp_probs_b.bias,256,F32,1024,"routing, norms and other weights",GPU configured,0,1024
deepseek,DeepSeek-V4-Flash-0731-UD-Q8_K_XL-00005-of-00005.gguf,blk.42.ffn_down_exps.weight,2048x4096x256,MXFP4,1140850688,routed experts,system RAM,26738688,26738688
deepseek,DeepSeek-V4-Flash-0731-UD-Q8_K_XL-00005-of-00005.gguf,blk.42.ffn_down_shexp.weight,2048x4096,BF16,16777216,shared experts and shared gate,GPU configured,0,16777216
deepseek,DeepSeek-V4-Flash-0731-UD-Q8_K_XL-00005-of-00005.gguf,blk.42.ffn_gate_exps.weight,4096x2048x256,MXFP4,1140850688,routed experts,system RAM,26738688,26738688
deepseek,DeepSeek-V4-Flash-0731-UD-Q8_K_XL-00005-of-00005.gguf,blk.42.ffn_gate_inp.weight,4096x256,BF16,2097152,"routing, norms and other weights",GPU configured,0,2097152
deepseek,DeepSeek-V4-Flash-0731-UD-Q8_K_XL-00005-of-00005.gguf,blk.42.ffn_gate_shexp.weight,4096x2048,BF16,16777216,shared experts and shared gate,GPU configured,0,16777216
deepseek,DeepSeek-V4-Flash-0731-UD-Q8_K_XL-00005-of-00005.gguf,blk.42.ffn_norm.weight,4096,F32,16384,"routing, norms and other weights",GPU configured,0,16384
deepseek,DeepSeek-V4-Flash-0731-UD-Q8_K_XL-00005-of-00005.gguf,blk.42.ffn_up_exps.weight,4096x2048x256,MXFP4,1140850688,routed experts,system RAM,26738688,26738688
deepseek,DeepSeek-V4-Flash-0731-UD-Q8_K_XL-00005-of-00005.gguf,blk.42.ffn_up_shexp.weight,4096x2048,BF16,16777216,shared experts and shared gate,GPU configured,0,16777216
deepseek,DeepSeek-V4-Flash-0731-UD-Q8_K_XL-00005-of-00005.gguf,blk.42.hc_attn_base.weight,24,F32,96,attention and recurrent state weights,GPU configured,0,96
deepseek,DeepSeek-V4-Flash-0731-UD-Q8_K_XL-00005-of-00005.gguf,blk.42.hc_attn_fn.weight,16384x24,F32,1572864,attention and recurrent state weights,GPU configured,0,1572864
deepseek,DeepSeek-V4-Flash-0731-UD-Q8_K_XL-00005-of-00005.gguf,blk.42.hc_attn_scale.weight,3,F32,12,attention and recurrent state weights,GPU configured,0,12
deepseek,DeepSeek-V4-Flash-0731-UD-Q8_K_XL-00005-of-00005.gguf,blk.42.hc_ffn_base.weight,24,F32,96,"routing, norms and other weights",GPU configured,0,96
deepseek,DeepSeek-V4-Flash-0731-UD-Q8_K_XL-00005-of-00005.gguf,blk.42.hc_ffn_fn.weight,16384x24,F32,1572864,"routing, norms and other weights",GPU configured,0,1572864
deepseek,DeepSeek-V4-Flash-0731-UD-Q8_K_XL-00005-of-00005.gguf,blk.42.hc_ffn_scale.weight,3,F32,12,"routing, norms and other weights",GPU configured,0,12
deepseek,DeepSeek-V4-Flash-0731-UD-Q8_K_XL-00005-of-00005.gguf,blk.42.indexer.attn_q_b.weight,1024x8192,BF16,16777216,attention and recurrent state weights,GPU configured,0,16777216
deepseek,DeepSeek-V4-Flash-0731-UD-Q8_K_XL-00005-of-00005.gguf,blk.42.indexer.proj.weight,4096x64,BF16,524288,attention and recurrent state weights,GPU configured,0,524288
deepseek,DeepSeek-V4-Flash-0731-UD-Q8_K_XL-00005-of-00005.gguf,blk.42.indexer_compressor_ape.weight,256x4,F32,4096,attention and recurrent state weights,GPU configured,0,4096
deepseek,DeepSeek-V4-Flash-0731-UD-Q8_K_XL-00005-of-00005.gguf,blk.42.indexer_compressor_gate.weight,4096x256,BF16,2097152,attention and recurrent state weights,GPU configured,0,2097152
deepseek,DeepSeek-V4-Flash-0731-UD-Q8_K_XL-00005-of-00005.gguf,blk.42.indexer_compressor_kv.weight,4096x256,BF16,2097152,attention and recurrent state weights,GPU configured,0,2097152
deepseek,DeepSeek-V4-Flash-0731-UD-Q8_K_XL-00005-of-00005.gguf,blk.42.indexer_compressor_norm.weight,128,F32,512,attention and recurrent state weights,GPU configured,0,512
inkling-975b,inkling-UD-IQ1_S-00002-of-00007.gguf,output.weight,6144x201024,Q4_K,694738944,output head and output norms,GPU configured,0,694738944
inkling-975b,inkling-UD-IQ1_S-00002-of-00007.gguf,output_norm.weight,6144,F32,24576,output head and output norms,GPU configured,0,24576
inkling-975b,inkling-UD-IQ1_S-00002-of-00007.gguf,token_embd.weight,6144x201024,Q4_K,694738944,input embedding,input lookup; excluded from expert-only denominator,0,3456
inkling-975b,inkling-UD-IQ1_S-00002-of-00007.gguf,token_embd_norm.weight,6144,F32,24576,"routing, norms and other weights",GPU configured,0,24576
inkling-975b,inkling-UD-IQ1_S-00002-of-00007.gguf,blk.0.attn_k.weight,6144x2048,Q5_K,8650752,attention and recurrent state weights,GPU configured,0,8650752
inkling-975b,inkling-UD-IQ1_S-00002-of-00007.gguf,blk.0.attn_k_norm.weight,128,F32,512,attention and recurrent state weights,GPU configured,0,512
inkling-975b,inkling-UD-IQ1_S-00002-of-00007.gguf,blk.0.attn_norm.weight,6144,F32,24576,attention and recurrent state weights,GPU configured,0,24576
inkling-975b,inkling-UD-IQ1_S-00002-of-00007.gguf,blk.0.attn_output.weight,8192x6144,Q5_K,34603008,attention and recurrent state weights,GPU configured,0,34603008
inkling-975b,inkling-UD-IQ1_S-00002-of-00007.gguf,blk.0.attn_q.weight,6144x8192,Q5_K,34603008,attention and recurrent state weights,GPU configured,0,34603008
inkling-975b,inkling-UD-IQ1_S-00002-of-00007.gguf,blk.0.attn_q_norm.weight,128,F32,512,attention and recurrent state weights,GPU configured,0,512
inkling-975b,inkling-UD-IQ1_S-00002-of-00007.gguf,blk.0.attn_r.weight,6144x1024,Q8_0,6684672,attention and recurrent state weights,GPU configured,0,6684672
inkling-975b,inkling-UD-IQ1_S-00002-of-00007.gguf,blk.0.attn_rel_proj.weight,512x16,F32,32768,attention and recurrent state weights,GPU configured,0,32768
inkling-975b,inkling-UD-IQ1_S-00002-of-00007.gguf,blk.0.attn_v.weight,6144x2048,Q5_K,8650752,attention and recurrent state weights,GPU configured,0,8650752
inkling-975b,inkling-UD-IQ1_S-00002-of-00007.gguf,blk.0.ffn_down.weight,24576x6144,Q6_K,123863040,dense feed-forward,GPU configured,0,123863040
inkling-975b,inkling-UD-IQ1_S-00002-of-00007.gguf,blk.0.ffn_gate.weight,6144x24576,Q5_K,103809024,dense feed-forward,GPU configured,0,103809024
inkling-975b,inkling-UD-IQ1_S-00002-of-00007.gguf,blk.0.ffn_gscale.weight,1,F32,4,"routing, norms and other weights",GPU configured,0,4
inkling-975b,inkling-UD-IQ1_S-00002-of-00007.gguf,blk.0.ffn_norm.weight,6144,F32,24576,"routing, norms and other weights",GPU configured,0,24576
inkling-975b,inkling-UD-IQ1_S-00002-of-00007.gguf,blk.0.ffn_up.weight,6144x24576,Q5_K,103809024,dense feed-forward,GPU configured,0,103809024
inkling-975b,inkling-UD-IQ1_S-00002-of-00007.gguf,blk.0.shortconv_attn.weight,4x6144,F32,98304,attention and recurrent state weights,GPU configured,0,98304
inkling-975b,inkling-UD-IQ1_S-00002-of-00007.gguf,blk.0.shortconv_k.weight,4x2048,F32,32768,attention and recurrent state weights,GPU configured,0,32768
inkling-975b,inkling-UD-IQ1_S-00002-of-00007.gguf,blk.0.shortconv_mlp.weight,4x6144,F32,98304,attention and recurrent state weights,GPU configured,0,98304
inkling-975b,inkling-UD-IQ1_S-00002-of-00007.gguf,blk.0.shortconv_v.weight,4x2048,F32,32768,attention and recurrent state weights,GPU configured,0,32768
inkling-975b,inkling-UD-IQ1_S-00002-of-00007.gguf,blk.1.attn_k.weight,6144x2048,Q5_K,8650752,attention and recurrent state weights,GPU configured,0,8650752
inkling-975b,inkling-UD-IQ1_S-00002-of-00007.gguf,blk.1.attn_k_norm.weight,128,F32,512,attention and recurrent state weights,GPU configured,0,512
inkling-975b,inkling-UD-IQ1_S-00002-of-00007.gguf,blk.1.attn_norm.weight,6144,F32,24576,attention and recurrent state weights,GPU configured,0,24576
inkling-975b,inkling-UD-IQ1_S-00002-of-00007.gguf,blk.1.attn_output.weight,8192x6144,Q5_K,34603008,attention and recurrent state weights,GPU configured,0,34603008
inkling-975b,inkling-UD-IQ1_S-00002-of-00007.gguf,blk.1.attn_q.weight,6144x8192,Q5_K,34603008,attention and recurrent state weights,GPU configured,0,34603008
inkling-975b,inkling-UD-IQ1_S-00002-of-00007.gguf,blk.1.attn_q_norm.weight,128,F32,512,attention and recurrent state weights,GPU configured,0,512
inkling-975b,inkling-UD-IQ1_S-00002-of-00007.gguf,blk.1.attn_r.weight,6144x1024,Q8_0,6684672,attention and recurrent state weights,GPU configured,0,6684672
inkling-975b,inkling-UD-IQ1_S-00002-of-00007.gguf,blk.1.attn_rel_proj.weight,512x16,F32,32768,attention and recurrent state weights,GPU configured,0,32768
inkling-975b,inkling-UD-IQ1_S-00002-of-00007.gguf,blk.1.attn_v.weight,6144x2048,Q5_K,8650752,attention and recurrent state weights,GPU configured,0,8650752
inkling-975b,inkling-UD-IQ1_S-00002-of-00007.gguf,blk.1.ffn_down.weight,24576x6144,Q6_K,123863040,dense feed-forward,GPU configured,0,123863040
inkling-975b,inkling-UD-IQ1_S-00002-of-00007.gguf,blk.1.ffn_gate.weight,6144x24576,Q5_K,103809024,dense feed-forward,GPU configured,0,103809024
inkling-975b,inkling-UD-IQ1_S-00002-of-00007.gguf,blk.1.ffn_gscale.weight,1,F32,4,"routing, norms and other weights",GPU configured,0,4
inkling-975b,inkling-UD-IQ1_S-00002-of-00007.gguf,blk.1.ffn_norm.weight,6144,F32,24576,"routing, norms and other weights",GPU configured,0,24576
inkling-975b,inkling-UD-IQ1_S-00002-of-00007.gguf,blk.1.ffn_up.weight,6144x24576,Q5_K,103809024,dense feed-forward,GPU configured,0,103809024
inkling-975b,inkling-UD-IQ1_S-00002-of-00007.gguf,blk.1.shortconv_attn.weight,4x6144,F32,98304,attention and recurrent state weights,GPU configured,0,98304
inkling-975b,inkling-UD-IQ1_S-00002-of-00007.gguf,blk.1.shortconv_k.weight,4x2048,F32,32768,attention and recurrent state weights,GPU configured,0,32768
inkling-975b,inkling-UD-IQ1_S-00002-of-00007.gguf,blk.1.shortconv_mlp.weight,4x6144,F32,98304,attention and recurrent state weights,GPU configured,0,98304
inkling-975b,inkling-UD-IQ1_S-00002-of-00007.gguf,blk.1.shortconv_v.weight,4x2048,F32,32768,attention and recurrent state weights,GPU configured,0,32768
inkling-975b,inkling-UD-IQ1_S-00002-of-00007.gguf,blk.2.attn_k.weight,6144x2048,Q5_K,8650752,attention and recurrent state weights,GPU configured,0,8650752
inkling-975b,inkling-UD-IQ1_S-00002-of-00007.gguf,blk.2.attn_k_norm.weight,128,F32,512,attention and recurrent state weights,GPU configured,0,512
inkling-975b,inkling-UD-IQ1_S-00002-of-00007.gguf,blk.2.attn_norm.weight,6144,F32,24576,attention and recurrent state weights,GPU configured,0,24576
inkling-975b,inkling-UD-IQ1_S-00002-of-00007.gguf,blk.2.attn_output.weight,8192x6144,Q5_K,34603008,attention and recurrent state weights,GPU configured,0,34603008
inkling-975b,inkling-UD-IQ1_S-00002-of-00007.gguf,blk.2.attn_q.weight,6144x8192,Q5_K,34603008,attention and recurrent state weights,GPU configured,0,34603008
inkling-975b,inkling-UD-IQ1_S-00002-of-00007.gguf,blk.2.attn_q_norm.weight,128,F32,512,attention and recurrent state weights,GPU configured,0,512
inkling-975b,inkling-UD-IQ1_S-00002-of-00007.gguf,blk.2.attn_r.weight,6144x1024,Q8_0,6684672,attention and recurrent state weights,GPU configured,0,6684672
inkling-975b,inkling-UD-IQ1_S-00002-of-00007.gguf,blk.2.attn_rel_proj.weight,512x16,F32,32768,attention and recurrent state weights,GPU configured,0,32768
inkling-975b,inkling-UD-IQ1_S-00002-of-00007.gguf,blk.2.attn_v.weight,6144x2048,Q5_K,8650752,attention and recurrent state weights,GPU configured,0,8650752
inkling-975b,inkling-UD-IQ1_S-00002-of-00007.gguf,blk.2.exp_probs_b.bias,256,F32,1024,"routing, norms and other weights",GPU configured,0,1024
inkling-975b,inkling-UD-IQ1_S-00002-of-00007.gguf,blk.2.ffn_down_exps.weight,3072x6144x256,IQ3_XXS,1849688064,routed experts,system RAM,43352064,43352064
inkling-975b,inkling-UD-IQ1_S-00002-of-00007.gguf,blk.2.ffn_down_shexp.weight,3072x6144x2,Q6_K,30965760,shared experts and shared gate,GPU configured,0,30965760
inkling-975b,inkling-UD-IQ1_S-00002-of-00007.gguf,blk.2.ffn_gate_exps.weight,6144x3072x256,IQ1_S,943718400,routed experts,system RAM,22118400,22118400
inkling-975b,inkling-UD-IQ1_S-00002-of-00007.gguf,blk.2.ffn_gate_inp.weight,6144x258,F32,6340608,"routing, norms and other weights",GPU configured,0,6340608
inkling-975b,inkling-UD-IQ1_S-00002-of-00007.gguf,blk.2.ffn_gate_shexp.weight,6144x3072x2,Q5_K,25952256,shared experts and shared gate,GPU configured,0,25952256
inkling-975b,inkling-UD-IQ1_S-00002-of-00007.gguf,blk.2.ffn_gscale.weight,1,F32,4,"routing, norms and other weights",GPU configured,0,4
inkling-975b,inkling-UD-IQ1_S-00002-of-00007.gguf,blk.2.ffn_norm.weight,6144,F32,24576,"routing, norms and other weights",GPU configured,0,24576
inkling-975b,inkling-UD-IQ1_S-00002-of-00007.gguf,blk.2.ffn_up_exps.weight,6144x3072x256,IQ1_S,943718400,routed experts,system RAM,22118400,22118400
inkling-975b,inkling-UD-IQ1_S-00002-of-00007.gguf,blk.2.ffn_up_shexp.weight,6144x3072x2,Q5_K,25952256,shared experts and shared gate,GPU configured,0,25952256
inkling-975b,inkling-UD-IQ1_S-00002-of-00007.gguf,blk.2.shortconv_attn.weight,4x6144,F32,98304,attention and recurrent state weights,GPU configured,0,98304
inkling-975b,inkling-UD-IQ1_S-00002-of-00007.gguf,blk.2.shortconv_k.weight,4x2048,F32,32768,attention and recurrent state weights,GPU configured,0,32768
inkling-975b,inkling-UD-IQ1_S-00002-of-00007.gguf,blk.2.shortconv_mlp.weight,4x6144,F32,98304,attention and recurrent state weights,GPU configured,0,98304
inkling-975b,inkling-UD-IQ1_S-00002-of-00007.gguf,blk.2.shortconv_v.weight,4x2048,F32,32768,attention and recurrent state weights,GPU configured,0,32768
inkling-975b,inkling-UD-IQ1_S-00002-of-00007.gguf,blk.3.attn_k.weight,6144x2048,Q5_K,8650752,attention and recurrent state weights,GPU configured,0,8650752
inkling-975b,inkling-UD-IQ1_S-00002-of-00007.gguf,blk.3.attn_k_norm.weight,128,F32,512,attention and recurrent state weights,GPU configured,0,512
inkling-975b,inkling-UD-IQ1_S-00002-of-00007.gguf,blk.3.attn_norm.weight,6144,F32,24576,attention and recurrent state weights,GPU configured,0,24576
inkling-975b,inkling-UD-IQ1_S-00002-of-00007.gguf,blk.3.attn_output.weight,8192x6144,Q5_K,34603008,attention and recurrent state weights,GPU configured,0,34603008
inkling-975b,inkling-UD-IQ1_S-00002-of-00007.gguf,blk.3.attn_q.weight,6144x8192,Q5_K,34603008,attention and recurrent state weights,GPU configured,0,34603008
inkling-975b,inkling-UD-IQ1_S-00002-of-00007.gguf,blk.3.attn_q_norm.weight,128,F32,512,attention and recurrent state weights,GPU configured,0,512
inkling-975b,inkling-UD-IQ1_S-00002-of-00007.gguf,blk.3.attn_r.weight,6144x1024,Q8_0,6684672,attention and recurrent state weights,GPU configured,0,6684672
inkling-975b,inkling-UD-IQ1_S-00002-of-00007.gguf,blk.3.attn_rel_proj.weight,512x16,F32,32768,attention and recurrent state weights,GPU configured,0,32768
inkling-975b,inkling-UD-IQ1_S-00002-of-00007.gguf,blk.3.attn_v.weight,6144x2048,Q5_K,8650752,attention and recurrent state weights,GPU configured,0,8650752
inkling-975b,inkling-UD-IQ1_S-00002-of-00007.gguf,blk.3.exp_probs_b.bias,256,F32,1024,"routing, norms and other weights",GPU configured,0,1024
inkling-975b,inkling-UD-IQ1_S-00002-of-00007.gguf,blk.3.ffn_down_exps.weight,3072x6144x256,IQ3_XXS,1849688064,routed experts,system RAM,43352064,43352064
inkling-975b,inkling-UD-IQ1_S-00002-of-00007.gguf,blk.3.ffn_down_shexp.weight,3072x6144x2,Q6_K,30965760,shared experts and shared gate,GPU configured,0,30965760
inkling-975b,inkling-UD-IQ1_S-00002-of-00007.gguf,blk.3.ffn_gate_exps.weight,6144x3072x256,IQ1_S,943718400,routed experts,system RAM,22118400,22118400
inkling-975b,inkling-UD-IQ1_S-00002-of-00007.gguf,blk.3.ffn_gate_inp.weight,6144x258,F32,6340608,"routing, norms and other weights",GPU configured,0,6340608
inkling-975b,inkling-UD-IQ1_S-00002-of-00007.gguf,blk.3.ffn_gate_shexp.weight,6144x3072x2,Q5_K,25952256,shared experts and shared gate,GPU configured,0,25952256
inkling-975b,inkling-UD-IQ1_S-00002-of-00007.gguf,blk.3.ffn_gscale.weight,1,F32,4,"routing, norms and other weights",GPU configured,0,4
inkling-975b,inkling-UD-IQ1_S-00002-of-00007.gguf,blk.3.ffn_norm.weight,6144,F32,24576,"routing, norms and other weights",GPU configured,0,24576
inkling-975b,inkling-UD-IQ1_S-00002-of-00007.gguf,blk.3.ffn_up_exps.weight,6144x3072x256,IQ1_S,943718400,routed experts,system RAM,22118400,22118400
inkling-975b,inkling-UD-IQ1_S-00002-of-00007.gguf,blk.3.ffn_up_shexp.weight,6144x3072x2,Q5_K,25952256,shared experts and shared gate,GPU configured,0,25952256
inkling-975b,inkling-UD-IQ1_S-00002-of-00007.gguf,blk.3.shortconv_attn.weight,4x6144,F32,98304,attention and recurrent state weights,GPU configured,0,98304
inkling-975b,inkling-UD-IQ1_S-00002-of-00007.gguf,blk.3.shortconv_k.weight,4x2048,F32,32768,attention and recurrent state weights,GPU configured,0,32768
inkling-975b,inkling-UD-IQ1_S-00002-of-00007.gguf,blk.3.shortconv_mlp.weight,4x6144,F32,98304,attention and recurrent state weights,GPU configured,0,98304
inkling-975b,inkling-UD-IQ1_S-00002-of-00007.gguf,blk.3.shortconv_v.weight,4x2048,F32,32768,attention and recurrent state weights,GPU configured,0,32768
inkling-975b,inkling-UD-IQ1_S-00002-of-00007.gguf,blk.4.attn_k.weight,6144x2048,Q5_K,8650752,attention and recurrent state weights,GPU configured,0,8650752
inkling-975b,inkling-UD-IQ1_S-00002-of-00007.gguf,blk.4.attn_k_norm.weight,128,F32,512,attention and recurrent state weights,GPU configured,0,512
inkling-975b,inkling-UD-IQ1_S-00002-of-00007.gguf,blk.4.attn_norm.weight,6144,F32,24576,attention and recurrent state weights,GPU configured,0,24576
inkling-975b,inkling-UD-IQ1_S-00002-of-00007.gguf,blk.4.attn_output.weight,8192x6144,Q5_K,34603008,attention and recurrent state weights,GPU configured,0,34603008
inkling-975b,inkling-UD-IQ1_S-00002-of-00007.gguf,blk.4.attn_q.weight,6144x8192,Q5_K,34603008,attention and recurrent state weights,GPU configured,0,34603008
inkling-975b,inkling-UD-IQ1_S-00002-of-00007.gguf,blk.4.attn_q_norm.weight,128,F32,512,attention and recurrent state weights,GPU configured,0,512
inkling-975b,inkling-UD-IQ1_S-00002-of-00007.gguf,blk.4.attn_r.weight,6144x1024,Q8_0,6684672,attention and recurrent state weights,GPU configured,0,6684672
inkling-975b,inkling-UD-IQ1_S-00002-of-00007.gguf,blk.4.attn_rel_proj.weight,512x16,F32,32768,attention and recurrent state weights,GPU configured,0,32768
inkling-975b,inkling-UD-IQ1_S-00002-of-00007.gguf,blk.4.attn_v.weight,6144x2048,Q5_K,8650752,attention and recurrent state weights,GPU configured,0,8650752
inkling-975b,inkling-UD-IQ1_S-00002-of-00007.gguf,blk.4.exp_probs_b.bias,256,F32,1024,"routing, norms and other weights",GPU configured,0,1024
inkling-975b,inkling-UD-IQ1_S-00002-of-00007.gguf,blk.4.ffn_down_exps.weight,3072x6144x256,IQ3_XXS,1849688064,routed experts,system RAM,43352064,43352064
inkling-975b,inkling-UD-IQ1_S-00002-of-00007.gguf,blk.4.ffn_down_shexp.weight,3072x6144x2,Q6_K,30965760,shared experts and shared gate,GPU configured,0,30965760
inkling-975b,inkling-UD-IQ1_S-00002-of-00007.gguf,blk.4.ffn_gate_exps.weight,6144x3072x256,IQ1_S,943718400,routed experts,system RAM,22118400,22118400
inkling-975b,inkling-UD-IQ1_S-00002-of-00007.gguf,blk.4.ffn_gate_inp.weight,6144x258,F32,6340608,"routing, norms and other weights",GPU configured,0,6340608
inkling-975b,inkling-UD-IQ1_S-00002-of-00007.gguf,blk.4.ffn_gate_shexp.weight,6144x3072x2,Q5_K,25952256,shared experts and shared gate,GPU configured,0,25952256
inkling-975b,inkling-UD-IQ1_S-00002-of-00007.gguf,blk.4.ffn_gscale.weight,1,F32,4,"routing, norms and other weights",GPU configured,0,4
inkling-975b,inkling-UD-IQ1_S-00002-of-00007.gguf,blk.4.ffn_norm.weight,6144,F32,24576,"routing, norms and other weights",GPU configured,0,24576
inkling-975b,inkling-UD-IQ1_S-00002-of-00007.gguf,blk.4.ffn_up_exps.weight,6144x3072x256,IQ1_S,943718400,routed experts,system RAM,22118400,22118400
inkling-975b,inkling-UD-IQ1_S-00002-of-00007.gguf,blk.4.ffn_up_shexp.weight,6144x3072x2,Q5_K,25952256,shared experts and shared gate,GPU configured,0,25952256
inkling-975b,inkling-UD-IQ1_S-00002-of-00007.gguf,blk.4.shortconv_attn.weight,4x6144,F32,98304,attention and recurrent state weights,GPU configured,0,98304
inkling-975b,inkling-UD-IQ1_S-00002-of-00007.gguf,blk.4.shortconv_k.weight,4x2048,F32,32768,attention and recurrent state weights,GPU configured,0,32768
inkling-975b,inkling-UD-IQ1_S-00002-of-00007.gguf,blk.4.shortconv_mlp.weight,4x6144,F32,98304,attention and recurrent state weights,GPU configured,0,98304
inkling-975b,inkling-UD-IQ1_S-00002-of-00007.gguf,blk.4.shortconv_v.weight,4x2048,F32,32768,attention and recurrent state weights,GPU configured,0,32768
inkling-975b,inkling-UD-IQ1_S-00002-of-00007.gguf,blk.5.attn_k.weight,6144x1024,Q5_K,4325376,attention and recurrent state weights,GPU configured,0,4325376
inkling-975b,inkling-UD-IQ1_S-00002-of-00007.gguf,blk.5.attn_k_norm.weight,128,F32,512,attention and recurrent state weights,GPU configured,0,512
inkling-975b,inkling-UD-IQ1_S-00002-of-00007.gguf,blk.5.attn_norm.weight,6144,F32,24576,attention and recurrent state weights,GPU configured,0,24576
inkling-975b,inkling-UD-IQ1_S-00002-of-00007.gguf,blk.5.attn_output.weight,8192x6144,Q5_K,34603008,attention and recurrent state weights,GPU configured,0,34603008
inkling-975b,inkling-UD-IQ1_S-00002-of-00007.gguf,blk.5.attn_q.weight,6144x8192,Q5_K,34603008,attention and recurrent state weights,GPU configured,0,34603008
inkling-975b,inkling-UD-IQ1_S-00002-of-00007.gguf,blk.5.attn_q_norm.weight,128,F32,512,attention and recurrent state weights,GPU configured,0,512
inkling-975b,inkling-UD-IQ1_S-00002-of-00007.gguf,blk.5.attn_r.weight,6144x1024,Q8_0,6684672,attention and recurrent state weights,GPU configured,0,6684672
inkling-975b,inkling-UD-IQ1_S-00002-of-00007.gguf,blk.5.attn_rel_proj.weight,1024x16,F32,65536,attention and recurrent state weights,GPU configured,0,65536
inkling-975b,inkling-UD-IQ1_S-00002-of-00007.gguf,blk.5.attn_v.weight,6144x1024,Q5_K,4325376,attention and recurrent state weights,GPU configured,0,4325376
inkling-975b,inkling-UD-IQ1_S-00002-of-00007.gguf,blk.5.exp_probs_b.bias,256,F32,1024,"routing, norms and other weights",GPU configured,0,1024
inkling-975b,inkling-UD-IQ1_S-00002-of-00007.gguf,blk.5.ffn_down_exps.weight,3072x6144x256,IQ3_XXS,1849688064,routed experts,system RAM,43352064,43352064
inkling-975b,inkling-UD-IQ1_S-00002-of-00007.gguf,blk.5.ffn_down_shexp.weight,3072x6144x2,Q6_K,30965760,shared experts and shared gate,GPU configured,0,30965760
inkling-975b,inkling-UD-IQ1_S-00002-of-00007.gguf,blk.5.ffn_gate_exps.weight,6144x3072x256,IQ1_S,943718400,routed experts,system RAM,22118400,22118400
inkling-975b,inkling-UD-IQ1_S-00002-of-00007.gguf,blk.5.ffn_gate_inp.weight,6144x258,F32,6340608,"routing, norms and other weights",GPU configured,0,6340608
inkling-975b,inkling-UD-IQ1_S-00002-of-00007.gguf,blk.5.ffn_gate_shexp.weight,6144x3072x2,Q5_K,25952256,shared experts and shared gate,GPU configured,0,25952256
inkling-975b,inkling-UD-IQ1_S-00002-of-00007.gguf,blk.5.ffn_gscale.weight,1,F32,4,"routing, norms and other weights",GPU configured,0,4
inkling-975b,inkling-UD-IQ1_S-00002-of-00007.gguf,blk.5.ffn_norm.weight,6144,F32,24576,"routing, norms and other weights",GPU configured,0,24576
inkling-975b,inkling-UD-IQ1_S-00002-of-00007.gguf,blk.5.ffn_up_exps.weight,6144x3072x256,IQ1_S,943718400,routed experts,system RAM,22118400,22118400
inkling-975b,inkling-UD-IQ1_S-00002-of-00007.gguf,blk.5.ffn_up_shexp.weight,6144x3072x2,Q5_K,25952256,shared experts and shared gate,GPU configured,0,25952256
inkling-975b,inkling-UD-IQ1_S-00002-of-00007.gguf,blk.5.shortconv_attn.weight,4x6144,F32,98304,attention and recurrent state weights,GPU configured,0,98304
inkling-975b,inkling-UD-IQ1_S-00002-of-00007.gguf,blk.5.shortconv_k.weight,4x1024,F32,16384,attention and recurrent state weights,GPU configured,0,16384
inkling-975b,inkling-UD-IQ1_S-00002-of-00007.gguf,blk.5.shortconv_mlp.weight,4x6144,F32,98304,attention and recurrent state weights,GPU configured,0,98304
inkling-975b,inkling-UD-IQ1_S-00002-of-00007.gguf,blk.5.shortconv_v.weight,4x1024,F32,16384,attention and recurrent state weights,GPU configured,0,16384
inkling-975b,inkling-UD-IQ1_S-00002-of-00007.gguf,blk.6.attn_k.weight,6144x2048,Q5_K,8650752,attention and recurrent state weights,GPU configured,0,8650752
inkling-975b,inkling-UD-IQ1_S-00002-of-00007.gguf,blk.6.attn_k_norm.weight,128,F32,512,attention and recurrent state weights,GPU configured,0,512
inkling-975b,inkling-UD-IQ1_S-00002-of-00007.gguf,blk.6.attn_norm.weight,6144,F32,24576,attention and recurrent state weights,GPU configured,0,24576
inkling-975b,inkling-UD-IQ1_S-00002-of-00007.gguf,blk.6.attn_output.weight,8192x6144,Q5_K,34603008,attention and recurrent state weights,GPU configured,0,34603008
inkling-975b,inkling-UD-IQ1_S-00002-of-00007.gguf,blk.6.attn_q.weight,6144x8192,Q5_K,34603008,attention and recurrent state weights,GPU configured,0,34603008
inkling-975b,inkling-UD-IQ1_S-00002-of-00007.gguf,blk.6.attn_q_norm.weight,128,F32,512,attention and recurrent state weights,GPU configured,0,512
inkling-975b,inkling-UD-IQ1_S-00002-of-00007.gguf,blk.6.attn_r.weight,6144x1024,Q8_0,6684672,attention and recurrent state weights,GPU configured,0,6684672
inkling-975b,inkling-UD-IQ1_S-00002-of-00007.gguf,blk.6.attn_rel_proj.weight,512x16,F32,32768,attention and recurrent state weights,GPU configured,0,32768
inkling-975b,inkling-UD-IQ1_S-00002-of-00007.gguf,blk.6.attn_v.weight,6144x2048,Q5_K,8650752,attention and recurrent state weights,GPU configured,0,8650752
inkling-975b,inkling-UD-IQ1_S-00002-of-00007.gguf,blk.6.exp_probs_b.bias,256,F32,1024,"routing, norms and other weights",GPU configured,0,1024
inkling-975b,inkling-UD-IQ1_S-00002-of-00007.gguf,blk.6.ffn_down_exps.weight,3072x6144x256,IQ3_XXS,1849688064,routed experts,system RAM,43352064,43352064
inkling-975b,inkling-UD-IQ1_S-00002-of-00007.gguf,blk.6.ffn_down_shexp.weight,3072x6144x2,Q6_K,30965760,shared experts and shared gate,GPU configured,0,30965760
inkling-975b,inkling-UD-IQ1_S-00002-of-00007.gguf,blk.6.ffn_gate_exps.weight,6144x3072x256,IQ1_S,943718400,routed experts,system RAM,22118400,22118400
inkling-975b,inkling-UD-IQ1_S-00002-of-00007.gguf,blk.6.ffn_gate_inp.weight,6144x258,F32,6340608,"routing, norms and other weights",GPU configured,0,6340608
inkling-975b,inkling-UD-IQ1_S-00002-of-00007.gguf,blk.6.ffn_gate_shexp.weight,6144x3072x2,Q5_K,25952256,shared experts and shared gate,GPU configured,0,25952256
inkling-975b,inkling-UD-IQ1_S-00002-of-00007.gguf,blk.6.ffn_gscale.weight,1,F32,4,"routing, norms and other weights",GPU configured,0,4
inkling-975b,inkling-UD-IQ1_S-00002-of-00007.gguf,blk.6.ffn_norm.weight,6144,F32,24576,"routing, norms and other weights",GPU configured,0,24576
inkling-975b,inkling-UD-IQ1_S-00002-of-00007.gguf,blk.6.ffn_up_exps.weight,6144x3072x256,IQ1_S,943718400,routed experts,system RAM,22118400,22118400
inkling-975b,inkling-UD-IQ1_S-00002-of-00007.gguf,blk.6.ffn_up_shexp.weight,6144x3072x2,Q5_K,25952256,shared experts and shared gate,GPU configured,0,25952256
inkling-975b,inkling-UD-IQ1_S-00002-of-00007.gguf,blk.6.shortconv_attn.weight,4x6144,F32,98304,attention and recurrent state weights,GPU configured,0,98304
inkling-975b,inkling-UD-IQ1_S-00002-of-00007.gguf,blk.6.shortconv_k.weight,4x2048,F32,32768,attention and recurrent state weights,GPU configured,0,32768
inkling-975b,inkling-UD-IQ1_S-00002-of-00007.gguf,blk.6.shortconv_mlp.weight,4x6144,F32,98304,attention and recurrent state weights,GPU configured,0,98304
inkling-975b,inkling-UD-IQ1_S-00002-of-00007.gguf,blk.6.shortconv_v.weight,4x2048,F32,32768,attention and recurrent state weights,GPU configured,0,32768
inkling-975b,inkling-UD-IQ1_S-00002-of-00007.gguf,blk.7.attn_k.weight,6144x2048,Q5_K,8650752,attention and recurrent state weights,GPU configured,0,8650752
inkling-975b,inkling-UD-IQ1_S-00002-of-00007.gguf,blk.7.attn_k_norm.weight,128,F32,512,attention and recurrent state weights,GPU configured,0,512
inkling-975b,inkling-UD-IQ1_S-00002-of-00007.gguf,blk.7.attn_norm.weight,6144,F32,24576,attention and recurrent state weights,GPU configured,0,24576
inkling-975b,inkling-UD-IQ1_S-00002-of-00007.gguf,blk.7.attn_output.weight,8192x6144,Q5_K,34603008,attention and recurrent state weights,GPU configured,0,34603008
inkling-975b,inkling-UD-IQ1_S-00002-of-00007.gguf,blk.7.attn_q.weight,6144x8192,Q5_K,34603008,attention and recurrent state weights,GPU configured,0,34603008
inkling-975b,inkling-UD-IQ1_S-00002-of-00007.gguf,blk.7.attn_q_norm.weight,128,F32,512,attention and recurrent state weights,GPU configured,0,512
inkling-975b,inkling-UD-IQ1_S-00002-of-00007.gguf,blk.7.attn_r.weight,6144x1024,Q8_0,6684672,attention and recurrent state weights,GPU configured,0,6684672
inkling-975b,inkling-UD-IQ1_S-00002-of-00007.gguf,blk.7.attn_rel_proj.weight,512x16,F32,32768,attention and recurrent state weights,GPU configured,0,32768
inkling-975b,inkling-UD-IQ1_S-00002-of-00007.gguf,blk.7.attn_v.weight,6144x2048,Q5_K,8650752,attention and recurrent state weights,GPU configured,0,8650752
inkling-975b,inkling-UD-IQ1_S-00002-of-00007.gguf,blk.7.exp_probs_b.bias,256,F32,1024,"routing, norms and other weights",GPU configured,0,1024
inkling-975b,inkling-UD-IQ1_S-00002-of-00007.gguf,blk.7.ffn_down_exps.weight,3072x6144x256,IQ3_XXS,1849688064,routed experts,system RAM,43352064,43352064
inkling-975b,inkling-UD-IQ1_S-00002-of-00007.gguf,blk.7.ffn_down_shexp.weight,3072x6144x2,Q6_K,30965760,shared experts and shared gate,GPU configured,0,30965760
inkling-975b,inkling-UD-IQ1_S-00002-of-00007.gguf,blk.7.ffn_gate_exps.weight,6144x3072x256,IQ1_S,943718400,routed experts,system RAM,22118400,22118400
inkling-975b,inkling-UD-IQ1_S-00002-of-00007.gguf,blk.7.ffn_gate_inp.weight,6144x258,F32,6340608,"routing, norms and other weights",GPU configured,0,6340608
inkling-975b,inkling-UD-IQ1_S-00002-of-00007.gguf,blk.7.ffn_gate_shexp.weight,6144x3072x2,Q5_K,25952256,shared experts and shared gate,GPU configured,0,25952256
inkling-975b,inkling-UD-IQ1_S-00002-of-00007.gguf,blk.7.ffn_gscale.weight,1,F32,4,"routing, norms and other weights",GPU configured,0,4
inkling-975b,inkling-UD-IQ1_S-00002-of-00007.gguf,blk.7.ffn_norm.weight,6144,F32,24576,"routing, norms and other weights",GPU configured,0,24576
inkling-975b,inkling-UD-IQ1_S-00002-of-00007.gguf,blk.7.ffn_up_exps.weight,6144x3072x256,IQ1_S,943718400,routed experts,system RAM,22118400,22118400
inkling-975b,inkling-UD-IQ1_S-00002-of-00007.gguf,blk.7.ffn_up_shexp.weight,6144x3072x2,Q5_K,25952256,shared experts and shared gate,GPU configured,0,25952256
inkling-975b,inkling-UD-IQ1_S-00002-of-00007.gguf,blk.7.shortconv_attn.weight,4x6144,F32,98304,attention and recurrent state weights,GPU configured,0,98304
inkling-975b,inkling-UD-IQ1_S-00002-of-00007.gguf,blk.7.shortconv_k.weight,4x2048,F32,32768,attention and recurrent state weights,GPU configured,0,32768
inkling-975b,inkling-UD-IQ1_S-00002-of-00007.gguf,blk.7.shortconv_mlp.weight,4x6144,F32,98304,attention and recurrent state weights,GPU configured,0,98304
inkling-975b,inkling-UD-IQ1_S-00002-of-00007.gguf,blk.7.shortconv_v.weight,4x2048,F32,32768,attention and recurrent state weights,GPU configured,0,32768
inkling-975b,inkling-UD-IQ1_S-00002-of-00007.gguf,blk.8.attn_k.weight,6144x2048,Q5_K,8650752,attention and recurrent state weights,GPU configured,0,8650752
inkling-975b,inkling-UD-IQ1_S-00002-of-00007.gguf,blk.8.attn_k_norm.weight,128,F32,512,attention and recurrent state weights,GPU configured,0,512
inkling-975b,inkling-UD-IQ1_S-00002-of-00007.gguf,blk.8.attn_norm.weight,6144,F32,24576,attention and recurrent state weights,GPU configured,0,24576
inkling-975b,inkling-UD-IQ1_S-00002-of-00007.gguf,blk.8.attn_output.weight,8192x6144,Q5_K,34603008,attention and recurrent state weights,GPU configured,0,34603008
inkling-975b,inkling-UD-IQ1_S-00002-of-00007.gguf,blk.8.attn_q.weight,6144x8192,Q5_K,34603008,attention and recurrent state weights,GPU configured,0,34603008
inkling-975b,inkling-UD-IQ1_S-00002-of-00007.gguf,blk.8.attn_q_norm.weight,128,F32,512,attention and recurrent state weights,GPU configured,0,512
inkling-975b,inkling-UD-IQ1_S-00002-of-00007.gguf,blk.8.attn_r.weight,6144x1024,Q8_0,6684672,attention and recurrent state weights,GPU configured,0,6684672
inkling-975b,inkling-UD-IQ1_S-00002-of-00007.gguf,blk.8.attn_rel_proj.weight,512x16,F32,32768,attention and recurrent state weights,GPU configured,0,32768
inkling-975b,inkling-UD-IQ1_S-00002-of-00007.gguf,blk.8.attn_v.weight,6144x2048,Q5_K,8650752,attention and recurrent state weights,GPU configured,0,8650752
inkling-975b,inkling-UD-IQ1_S-00002-of-00007.gguf,blk.8.exp_probs_b.bias,256,F32,1024,"routing, norms and other weights",GPU configured,0,1024
inkling-975b,inkling-UD-IQ1_S-00002-of-00007.gguf,blk.8.ffn_down_exps.weight,3072x6144x256,IQ3_XXS,1849688064,routed experts,system RAM,43352064,43352064
inkling-975b,inkling-UD-IQ1_S-00002-of-00007.gguf,blk.8.ffn_down_shexp.weight,3072x6144x2,Q6_K,30965760,shared experts and shared gate,GPU configured,0,30965760
inkling-975b,inkling-UD-IQ1_S-00002-of-00007.gguf,blk.8.ffn_gate_exps.weight,6144x3072x256,IQ2_XXS,1245708288,routed experts,system RAM,29196288,29196288
inkling-975b,inkling-UD-IQ1_S-00002-of-00007.gguf,blk.8.ffn_gate_inp.weight,6144x258,F32,6340608,"routing, norms and other weights",GPU configured,0,6340608
inkling-975b,inkling-UD-IQ1_S-00002-of-00007.gguf,blk.8.ffn_gate_shexp.weight,6144x3072x2,Q5_K,25952256,shared experts and shared gate,GPU configured,0,25952256
inkling-975b,inkling-UD-IQ1_S-00002-of-00007.gguf,blk.8.ffn_gscale.weight,1,F32,4,"routing, norms and other weights",GPU configured,0,4
inkling-975b,inkling-UD-IQ1_S-00002-of-00007.gguf,blk.8.ffn_norm.weight,6144,F32,24576,"routing, norms and other weights",GPU configured,0,24576
inkling-975b,inkling-UD-IQ1_S-00002-of-00007.gguf,blk.8.ffn_up_exps.weight,6144x3072x256,IQ2_XXS,1245708288,routed experts,system RAM,29196288,29196288
inkling-975b,inkling-UD-IQ1_S-00002-of-00007.gguf,blk.8.ffn_up_shexp.weight,6144x3072x2,Q5_K,25952256,shared experts and shared gate,GPU configured,0,25952256
inkling-975b,inkling-UD-IQ1_S-00002-of-00007.gguf,blk.8.shortconv_attn.weight,4x6144,F32,98304,attention and recurrent state weights,GPU configured,0,98304
inkling-975b,inkling-UD-IQ1_S-00002-of-00007.gguf,blk.8.shortconv_k.weight,4x2048,F32,32768,attention and recurrent state weights,GPU configured,0,32768
inkling-975b,inkling-UD-IQ1_S-00002-of-00007.gguf,blk.8.shortconv_mlp.weight,4x6144,F32,98304,attention and recurrent state weights,GPU configured,0,98304
inkling-975b,inkling-UD-IQ1_S-00002-of-00007.gguf,blk.8.shortconv_v.weight,4x2048,F32,32768,attention and recurrent state weights,GPU configured,0,32768
inkling-975b,inkling-UD-IQ1_S-00002-of-00007.gguf,blk.9.attn_k.weight,6144x2048,Q5_K,8650752,attention and recurrent state weights,GPU configured,0,8650752
inkling-975b,inkling-UD-IQ1_S-00002-of-00007.gguf,blk.9.attn_k_norm.weight,128,F32,512,attention and recurrent state weights,GPU configured,0,512
inkling-975b,inkling-UD-IQ1_S-00002-of-00007.gguf,blk.9.attn_norm.weight,6144,F32,24576,attention and recurrent state weights,GPU configured,0,24576
inkling-975b,inkling-UD-IQ1_S-00002-of-00007.gguf,blk.9.attn_output.weight,8192x6144,Q5_K,34603008,attention and recurrent state weights,GPU configured,0,34603008
inkling-975b,inkling-UD-IQ1_S-00002-of-00007.gguf,blk.9.attn_q.weight,6144x8192,Q5_K,34603008,attention and recurrent state weights,GPU configured,0,34603008
inkling-975b,inkling-UD-IQ1_S-00002-of-00007.gguf,blk.9.attn_q_norm.weight,128,F32,512,attention and recurrent state weights,GPU configured,0,512
inkling-975b,inkling-UD-IQ1_S-00002-of-00007.gguf,blk.9.attn_r.weight,6144x1024,Q8_0,6684672,attention and recurrent state weights,GPU configured,0,6684672
inkling-975b,inkling-UD-IQ1_S-00002-of-00007.gguf,blk.9.attn_rel_proj.weight,512x16,F32,32768,attention and recurrent state weights,GPU configured,0,32768
inkling-975b,inkling-UD-IQ1_S-00002-of-00007.gguf,blk.9.attn_v.weight,6144x2048,Q5_K,8650752,attention and recurrent state weights,GPU configured,0,8650752
inkling-975b,inkling-UD-IQ1_S-00002-of-00007.gguf,blk.9.exp_probs_b.bias,256,F32,1024,"routing, norms and other weights",GPU configured,0,1024
inkling-975b,inkling-UD-IQ1_S-00002-of-00007.gguf,blk.9.ffn_down_exps.weight,3072x6144x256,IQ3_XXS,1849688064,routed experts,system RAM,43352064,43352064
inkling-975b,inkling-UD-IQ1_S-00002-of-00007.gguf,blk.9.ffn_down_shexp.weight,3072x6144x2,Q6_K,30965760,shared experts and shared gate,GPU configured,0,30965760
inkling-975b,inkling-UD-IQ1_S-00002-of-00007.gguf,blk.9.ffn_gate_exps.weight,6144x3072x256,IQ1_S,943718400,routed experts,system RAM,22118400,22118400
inkling-975b,inkling-UD-IQ1_S-00002-of-00007.gguf,blk.9.ffn_gate_inp.weight,6144x258,F32,6340608,"routing, norms and other weights",GPU configured,0,6340608
inkling-975b,inkling-UD-IQ1_S-00002-of-00007.gguf,blk.9.ffn_gate_shexp.weight,6144x3072x2,Q5_K,25952256,shared experts and shared gate,GPU configured,0,25952256
inkling-975b,inkling-UD-IQ1_S-00002-of-00007.gguf,blk.9.ffn_gscale.weight,1,F32,4,"routing, norms and other weights",GPU configured,0,4
inkling-975b,inkling-UD-IQ1_S-00002-of-00007.gguf,blk.9.ffn_norm.weight,6144,F32,24576,"routing, norms and other weights",GPU configured,0,24576
inkling-975b,inkling-UD-IQ1_S-00002-of-00007.gguf,blk.9.ffn_up_exps.weight,6144x3072x256,IQ1_S,943718400,routed experts,system RAM,22118400,22118400
inkling-975b,inkling-UD-IQ1_S-00002-of-00007.gguf,blk.9.ffn_up_shexp.weight,6144x3072x2,Q5_K,25952256,shared experts and shared gate,GPU configured,0,25952256
inkling-975b,inkling-UD-IQ1_S-00002-of-00007.gguf,blk.9.shortconv_attn.weight,4x6144,F32,98304,attention and recurrent state weights,GPU configured,0,98304
inkling-975b,inkling-UD-IQ1_S-00002-of-00007.gguf,blk.9.shortconv_k.weight,4x2048,F32,32768,attention and recurrent state weights,GPU configured,0,32768
inkling-975b,inkling-UD-IQ1_S-00002-of-00007.gguf,blk.9.shortconv_mlp.weight,4x6144,F32,98304,attention and recurrent state weights,GPU configured,0,98304
inkling-975b,inkling-UD-IQ1_S-00002-of-00007.gguf,blk.9.shortconv_v.weight,4x2048,F32,32768,attention and recurrent state weights,GPU configured,0,32768
inkling-975b,inkling-UD-IQ1_S-00002-of-00007.gguf,blk.10.attn_k.weight,6144x2048,Q5_K,8650752,attention and recurrent state weights,GPU configured,0,8650752
inkling-975b,inkling-UD-IQ1_S-00002-of-00007.gguf,blk.10.attn_k_norm.weight,128,F32,512,attention and recurrent state weights,GPU configured,0,512
inkling-975b,inkling-UD-IQ1_S-00002-of-00007.gguf,blk.10.attn_norm.weight,6144,F32,24576,attention and recurrent state weights,GPU configured,0,24576
inkling-975b,inkling-UD-IQ1_S-00002-of-00007.gguf,blk.10.attn_output.weight,8192x6144,Q5_K,34603008,attention and recurrent state weights,GPU configured,0,34603008
inkling-975b,inkling-UD-IQ1_S-00002-of-00007.gguf,blk.10.attn_q.weight,6144x8192,Q5_K,34603008,attention and recurrent state weights,GPU configured,0,34603008
inkling-975b,inkling-UD-IQ1_S-00002-of-00007.gguf,blk.10.attn_q_norm.weight,128,F32,512,attention and recurrent state weights,GPU configured,0,512
inkling-975b,inkling-UD-IQ1_S-00002-of-00007.gguf,blk.10.attn_r.weight,6144x1024,Q8_0,6684672,attention and recurrent state weights,GPU configured,0,6684672
inkling-975b,inkling-UD-IQ1_S-00002-of-00007.gguf,blk.10.attn_rel_proj.weight,512x16,F32,32768,attention and recurrent state weights,GPU configured,0,32768
inkling-975b,inkling-UD-IQ1_S-00002-of-00007.gguf,blk.10.attn_v.weight,6144x2048,Q5_K,8650752,attention and recurrent state weights,GPU configured,0,8650752
inkling-975b,inkling-UD-IQ1_S-00002-of-00007.gguf,blk.10.exp_probs_b.bias,256,F32,1024,"routing, norms and other weights",GPU configured,0,1024
inkling-975b,inkling-UD-IQ1_S-00002-of-00007.gguf,blk.10.ffn_down_exps.weight,3072x6144x256,IQ3_XXS,1849688064,routed experts,system RAM,43352064,43352064
inkling-975b,inkling-UD-IQ1_S-00002-of-00007.gguf,blk.10.ffn_down_shexp.weight,3072x6144x2,Q6_K,30965760,shared experts and shared gate,GPU configured,0,30965760
inkling-975b,inkling-UD-IQ1_S-00002-of-00007.gguf,blk.10.ffn_gate_exps.weight,6144x3072x256,IQ1_S,943718400,routed experts,system RAM,22118400,22118400
inkling-975b,inkling-UD-IQ1_S-00002-of-00007.gguf,blk.10.ffn_gate_inp.weight,6144x258,F32,6340608,"routing, norms and other weights",GPU configured,0,6340608
inkling-975b,inkling-UD-IQ1_S-00002-of-00007.gguf,blk.10.ffn_gate_shexp.weight,6144x3072x2,Q5_K,25952256,shared experts and shared gate,GPU configured,0,25952256
inkling-975b,inkling-UD-IQ1_S-00002-of-00007.gguf,blk.10.ffn_gscale.weight,1,F32,4,"routing, norms and other weights",GPU configured,0,4
inkling-975b,inkling-UD-IQ1_S-00002-of-00007.gguf,blk.10.ffn_norm.weight,6144,F32,24576,"routing, norms and other weights",GPU configured,0,24576
inkling-975b,inkling-UD-IQ1_S-00002-of-00007.gguf,blk.10.ffn_up_exps.weight,6144x3072x256,IQ1_S,943718400,routed experts,system RAM,22118400,22118400
inkling-975b,inkling-UD-IQ1_S-00002-of-00007.gguf,blk.10.ffn_up_shexp.weight,6144x3072x2,Q5_K,25952256,shared experts and shared gate,GPU configured,0,25952256
inkling-975b,inkling-UD-IQ1_S-00002-of-00007.gguf,blk.10.shortconv_attn.weight,4x6144,F32,98304,attention and recurrent state weights,GPU configured,0,98304
inkling-975b,inkling-UD-IQ1_S-00002-of-00007.gguf,blk.10.shortconv_k.weight,4x2048,F32,32768,attention and recurrent state weights,GPU configured,0,32768
inkling-975b,inkling-UD-IQ1_S-00002-of-00007.gguf,blk.10.shortconv_mlp.weight,4x6144,F32,98304,attention and recurrent state weights,GPU configured,0,98304
inkling-975b,inkling-UD-IQ1_S-00002-of-00007.gguf,blk.10.shortconv_v.weight,4x2048,F32,32768,attention and recurrent state weights,GPU configured,0,32768
inkling-975b,inkling-UD-IQ1_S-00002-of-00007.gguf,blk.11.attn_k.weight,6144x1024,Q5_K,4325376,attention and recurrent state weights,GPU configured,0,4325376
inkling-975b,inkling-UD-IQ1_S-00002-of-00007.gguf,blk.11.attn_k_norm.weight,128,F32,512,attention and recurrent state weights,GPU configured,0,512
inkling-975b,inkling-UD-IQ1_S-00002-of-00007.gguf,blk.11.attn_norm.weight,6144,F32,24576,attention and recurrent state weights,GPU configured,0,24576
inkling-975b,inkling-UD-IQ1_S-00002-of-00007.gguf,blk.11.attn_output.weight,8192x6144,Q5_K,34603008,attention and recurrent state weights,GPU configured,0,34603008
inkling-975b,inkling-UD-IQ1_S-00002-of-00007.gguf,blk.11.attn_q.weight,6144x8192,Q5_K,34603008,attention and recurrent state weights,GPU configured,0,34603008
inkling-975b,inkling-UD-IQ1_S-00002-of-00007.gguf,blk.11.attn_q_norm.weight,128,F32,512,attention and recurrent state weights,GPU configured,0,512
inkling-975b,inkling-UD-IQ1_S-00002-of-00007.gguf,blk.11.attn_r.weight,6144x1024,Q8_0,6684672,attention and recurrent state weights,GPU configured,0,6684672
inkling-975b,inkling-UD-IQ1_S-00002-of-00007.gguf,blk.11.attn_rel_proj.weight,1024x16,F32,65536,attention and recurrent state weights,GPU configured,0,65536
inkling-975b,inkling-UD-IQ1_S-00002-of-00007.gguf,blk.11.attn_v.weight,6144x1024,Q5_K,4325376,attention and recurrent state weights,GPU configured,0,4325376
inkling-975b,inkling-UD-IQ1_S-00002-of-00007.gguf,blk.11.exp_probs_b.bias,256,F32,1024,"routing, norms and other weights",GPU configured,0,1024
inkling-975b,inkling-UD-IQ1_S-00002-of-00007.gguf,blk.11.ffn_down_exps.weight,3072x6144x256,IQ3_XXS,1849688064,routed experts,system RAM,43352064,43352064
inkling-975b,inkling-UD-IQ1_S-00002-of-00007.gguf,blk.11.ffn_down_shexp.weight,3072x6144x2,Q6_K,30965760,shared experts and shared gate,GPU configured,0,30965760
inkling-975b,inkling-UD-IQ1_S-00002-of-00007.gguf,blk.11.ffn_gate_exps.weight,6144x3072x256,IQ1_S,943718400,routed experts,system RAM,22118400,22118400
inkling-975b,inkling-UD-IQ1_S-00002-of-00007.gguf,blk.11.ffn_gate_inp.weight,6144x258,F32,6340608,"routing, norms and other weights",GPU configured,0,6340608
inkling-975b,inkling-UD-IQ1_S-00002-of-00007.gguf,blk.11.ffn_gate_shexp.weight,6144x3072x2,Q5_K,25952256,shared experts and shared gate,GPU configured,0,25952256
inkling-975b,inkling-UD-IQ1_S-00002-of-00007.gguf,blk.11.ffn_gscale.weight,1,F32,4,"routing, norms and other weights",GPU configured,0,4
inkling-975b,inkling-UD-IQ1_S-00002-of-00007.gguf,blk.11.ffn_norm.weight,6144,F32,24576,"routing, norms and other weights",GPU configured,0,24576
inkling-975b,inkling-UD-IQ1_S-00002-of-00007.gguf,blk.11.ffn_up_exps.weight,6144x3072x256,IQ1_S,943718400,routed experts,system RAM,22118400,22118400
inkling-975b,inkling-UD-IQ1_S-00002-of-00007.gguf,blk.11.ffn_up_shexp.weight,6144x3072x2,Q5_K,25952256,shared experts and shared gate,GPU configured,0,25952256
inkling-975b,inkling-UD-IQ1_S-00002-of-00007.gguf,blk.11.shortconv_attn.weight,4x6144,F32,98304,attention and recurrent state weights,GPU configured,0,98304
inkling-975b,inkling-UD-IQ1_S-00002-of-00007.gguf,blk.11.shortconv_k.weight,4x1024,F32,16384,attention and recurrent state weights,GPU configured,0,16384
inkling-975b,inkling-UD-IQ1_S-00002-of-00007.gguf,blk.11.shortconv_mlp.weight,4x6144,F32,98304,attention and recurrent state weights,GPU configured,0,98304
inkling-975b,inkling-UD-IQ1_S-00002-of-00007.gguf,blk.11.shortconv_v.weight,4x1024,F32,16384,attention and recurrent state weights,GPU configured,0,16384
inkling-975b,inkling-UD-IQ1_S-00002-of-00007.gguf,blk.12.attn_k.weight,6144x2048,Q5_K,8650752,attention and recurrent state weights,GPU configured,0,8650752
inkling-975b,inkling-UD-IQ1_S-00002-of-00007.gguf,blk.12.attn_k_norm.weight,128,F32,512,attention and recurrent state weights,GPU configured,0,512
inkling-975b,inkling-UD-IQ1_S-00002-of-00007.gguf,blk.12.attn_norm.weight,6144,F32,24576,attention and recurrent state weights,GPU configured,0,24576
inkling-975b,inkling-UD-IQ1_S-00002-of-00007.gguf,blk.12.attn_output.weight,8192x6144,Q5_K,34603008,attention and recurrent state weights,GPU configured,0,34603008
inkling-975b,inkling-UD-IQ1_S-00002-of-00007.gguf,blk.12.attn_q.weight,6144x8192,Q5_K,34603008,attention and recurrent state weights,GPU configured,0,34603008
inkling-975b,inkling-UD-IQ1_S-00002-of-00007.gguf,blk.12.attn_q_norm.weight,128,F32,512,attention and recurrent state weights,GPU configured,0,512
inkling-975b,inkling-UD-IQ1_S-00002-of-00007.gguf,blk.12.attn_r.weight,6144x1024,Q8_0,6684672,attention and recurrent state weights,GPU configured,0,6684672
inkling-975b,inkling-UD-IQ1_S-00002-of-00007.gguf,blk.12.attn_rel_proj.weight,512x16,F32,32768,attention and recurrent state weights,GPU configured,0,32768
inkling-975b,inkling-UD-IQ1_S-00002-of-00007.gguf,blk.12.attn_v.weight,6144x2048,Q5_K,8650752,attention and recurrent state weights,GPU configured,0,8650752
inkling-975b,inkling-UD-IQ1_S-00002-of-00007.gguf,blk.12.exp_probs_b.bias,256,F32,1024,"routing, norms and other weights",GPU configured,0,1024
inkling-975b,inkling-UD-IQ1_S-00002-of-00007.gguf,blk.12.ffn_down_exps.weight,3072x6144x256,IQ3_XXS,1849688064,routed experts,system RAM,43352064,43352064
inkling-975b,inkling-UD-IQ1_S-00002-of-00007.gguf,blk.12.ffn_down_shexp.weight,3072x6144x2,Q6_K,30965760,shared experts and shared gate,GPU configured,0,30965760
inkling-975b,inkling-UD-IQ1_S-00002-of-00007.gguf,blk.12.ffn_gate_exps.weight,6144x3072x256,IQ1_S,943718400,routed experts,system RAM,22118400,22118400
inkling-975b,inkling-UD-IQ1_S-00002-of-00007.gguf,blk.12.ffn_gate_inp.weight,6144x258,F32,6340608,"routing, norms and other weights",GPU configured,0,6340608
inkling-975b,inkling-UD-IQ1_S-00002-of-00007.gguf,blk.12.ffn_gate_shexp.weight,6144x3072x2,Q5_K,25952256,shared experts and shared gate,GPU configured,0,25952256
inkling-975b,inkling-UD-IQ1_S-00002-of-00007.gguf,blk.12.ffn_gscale.weight,1,F32,4,"routing, norms and other weights",GPU configured,0,4
inkling-975b,inkling-UD-IQ1_S-00002-of-00007.gguf,blk.12.ffn_norm.weight,6144,F32,24576,"routing, norms and other weights",GPU configured,0,24576
inkling-975b,inkling-UD-IQ1_S-00002-of-00007.gguf,blk.12.ffn_up_exps.weight,6144x3072x256,IQ1_S,943718400,routed experts,system RAM,22118400,22118400
inkling-975b,inkling-UD-IQ1_S-00002-of-00007.gguf,blk.12.ffn_up_shexp.weight,6144x3072x2,Q5_K,25952256,shared experts and shared gate,GPU configured,0,25952256
inkling-975b,inkling-UD-IQ1_S-00002-of-00007.gguf,blk.12.shortconv_attn.weight,4x6144,F32,98304,attention and recurrent state weights,GPU configured,0,98304
inkling-975b,inkling-UD-IQ1_S-00002-of-00007.gguf,blk.12.shortconv_k.weight,4x2048,F32,32768,attention and recurrent state weights,GPU configured,0,32768
inkling-975b,inkling-UD-IQ1_S-00002-of-00007.gguf,blk.12.shortconv_mlp.weight,4x6144,F32,98304,attention and recurrent state weights,GPU configured,0,98304
inkling-975b,inkling-UD-IQ1_S-00002-of-00007.gguf,blk.12.shortconv_v.weight,4x2048,F32,32768,attention and recurrent state weights,GPU configured,0,32768
inkling-975b,inkling-UD-IQ1_S-00002-of-00007.gguf,blk.13.attn_k.weight,6144x2048,Q5_K,8650752,attention and recurrent state weights,GPU configured,0,8650752
inkling-975b,inkling-UD-IQ1_S-00002-of-00007.gguf,blk.13.attn_k_norm.weight,128,F32,512,attention and recurrent state weights,GPU configured,0,512
inkling-975b,inkling-UD-IQ1_S-00002-of-00007.gguf,blk.13.attn_norm.weight,6144,F32,24576,attention and recurrent state weights,GPU configured,0,24576
inkling-975b,inkling-UD-IQ1_S-00002-of-00007.gguf,blk.13.attn_output.weight,8192x6144,Q5_K,34603008,attention and recurrent state weights,GPU configured,0,34603008
inkling-975b,inkling-UD-IQ1_S-00002-of-00007.gguf,blk.13.attn_q.weight,6144x8192,Q5_K,34603008,attention and recurrent state weights,GPU configured,0,34603008
inkling-975b,inkling-UD-IQ1_S-00002-of-00007.gguf,blk.13.attn_q_norm.weight,128,F32,512,attention and recurrent state weights,GPU configured,0,512
inkling-975b,inkling-UD-IQ1_S-00002-of-00007.gguf,blk.13.attn_r.weight,6144x1024,Q8_0,6684672,attention and recurrent state weights,GPU configured,0,6684672
inkling-975b,inkling-UD-IQ1_S-00002-of-00007.gguf,blk.13.attn_rel_proj.weight,512x16,F32,32768,attention and recurrent state weights,GPU configured,0,32768
inkling-975b,inkling-UD-IQ1_S-00002-of-00007.gguf,blk.13.attn_v.weight,6144x2048,Q5_K,8650752,attention and recurrent state weights,GPU configured,0,8650752
inkling-975b,inkling-UD-IQ1_S-00002-of-00007.gguf,blk.13.exp_probs_b.bias,256,F32,1024,"routing, norms and other weights",GPU configured,0,1024
inkling-975b,inkling-UD-IQ1_S-00002-of-00007.gguf,blk.13.ffn_down_exps.weight,3072x6144x256,IQ3_XXS,1849688064,routed experts,system RAM,43352064,43352064
inkling-975b,inkling-UD-IQ1_S-00002-of-00007.gguf,blk.13.ffn_down_shexp.weight,3072x6144x2,Q6_K,30965760,shared experts and shared gate,GPU configured,0,30965760
inkling-975b,inkling-UD-IQ1_S-00002-of-00007.gguf,blk.13.ffn_gate_exps.weight,6144x3072x256,IQ1_S,943718400,routed experts,system RAM,22118400,22118400
inkling-975b,inkling-UD-IQ1_S-00002-of-00007.gguf,blk.13.ffn_gate_inp.weight,6144x258,F32,6340608,"routing, norms and other weights",GPU configured,0,6340608
inkling-975b,inkling-UD-IQ1_S-00002-of-00007.gguf,blk.13.ffn_gate_shexp.weight,6144x3072x2,Q5_K,25952256,shared experts and shared gate,GPU configured,0,25952256
inkling-975b,inkling-UD-IQ1_S-00002-of-00007.gguf,blk.13.ffn_gscale.weight,1,F32,4,"routing, norms and other weights",GPU configured,0,4
inkling-975b,inkling-UD-IQ1_S-00002-of-00007.gguf,blk.13.ffn_norm.weight,6144,F32,24576,"routing, norms and other weights",GPU configured,0,24576
inkling-975b,inkling-UD-IQ1_S-00002-of-00007.gguf,blk.13.ffn_up_exps.weight,6144x3072x256,IQ1_S,943718400,routed experts,system RAM,22118400,22118400
inkling-975b,inkling-UD-IQ1_S-00002-of-00007.gguf,blk.13.ffn_up_shexp.weight,6144x3072x2,Q5_K,25952256,shared experts and shared gate,GPU configured,0,25952256
inkling-975b,inkling-UD-IQ1_S-00002-of-00007.gguf,blk.13.shortconv_attn.weight,4x6144,F32,98304,attention and recurrent state weights,GPU configured,0,98304
inkling-975b,inkling-UD-IQ1_S-00002-of-00007.gguf,blk.13.shortconv_k.weight,4x2048,F32,32768,attention and recurrent state weights,GPU configured,0,32768
inkling-975b,inkling-UD-IQ1_S-00002-of-00007.gguf,blk.13.shortconv_mlp.weight,4x6144,F32,98304,attention and recurrent state weights,GPU configured,0,98304
inkling-975b,inkling-UD-IQ1_S-00002-of-00007.gguf,blk.13.shortconv_v.weight,4x2048,F32,32768,attention and recurrent state weights,GPU configured,0,32768
inkling-975b,inkling-UD-IQ1_S-00002-of-00007.gguf,blk.14.attn_k.weight,6144x2048,Q5_K,8650752,attention and recurrent state weights,GPU configured,0,8650752
inkling-975b,inkling-UD-IQ1_S-00002-of-00007.gguf,blk.14.attn_k_norm.weight,128,F32,512,attention and recurrent state weights,GPU configured,0,512
inkling-975b,inkling-UD-IQ1_S-00002-of-00007.gguf,blk.14.attn_norm.weight,6144,F32,24576,attention and recurrent state weights,GPU configured,0,24576
inkling-975b,inkling-UD-IQ1_S-00002-of-00007.gguf,blk.14.attn_output.weight,8192x6144,Q5_K,34603008,attention and recurrent state weights,GPU configured,0,34603008
inkling-975b,inkling-UD-IQ1_S-00002-of-00007.gguf,blk.14.attn_q.weight,6144x8192,Q5_K,34603008,attention and recurrent state weights,GPU configured,0,34603008
inkling-975b,inkling-UD-IQ1_S-00002-of-00007.gguf,blk.14.attn_q_norm.weight,128,F32,512,attention and recurrent state weights,GPU configured,0,512
inkling-975b,inkling-UD-IQ1_S-00002-of-00007.gguf,blk.14.attn_r.weight,6144x1024,Q8_0,6684672,attention and recurrent state weights,GPU configured,0,6684672
inkling-975b,inkling-UD-IQ1_S-00002-of-00007.gguf,blk.14.attn_rel_proj.weight,512x16,F32,32768,attention and recurrent state weights,GPU configured,0,32768
inkling-975b,inkling-UD-IQ1_S-00002-of-00007.gguf,blk.14.attn_v.weight,6144x2048,Q5_K,8650752,attention and recurrent state weights,GPU configured,0,8650752
inkling-975b,inkling-UD-IQ1_S-00002-of-00007.gguf,blk.14.exp_probs_b.bias,256,F32,1024,"routing, norms and other weights",GPU configured,0,1024
inkling-975b,inkling-UD-IQ1_S-00003-of-00007.gguf,blk.14.ffn_down_exps.weight,3072x6144x256,IQ3_XXS,1849688064,routed experts,system RAM,43352064,43352064
inkling-975b,inkling-UD-IQ1_S-00003-of-00007.gguf,blk.14.ffn_down_shexp.weight,3072x6144x2,Q6_K,30965760,shared experts and shared gate,GPU configured,0,30965760
inkling-975b,inkling-UD-IQ1_S-00003-of-00007.gguf,blk.14.ffn_gate_exps.weight,6144x3072x256,IQ1_S,943718400,routed experts,system RAM,22118400,22118400
inkling-975b,inkling-UD-IQ1_S-00003-of-00007.gguf,blk.14.ffn_gate_inp.weight,6144x258,F32,6340608,"routing, norms and other weights",GPU configured,0,6340608
inkling-975b,inkling-UD-IQ1_S-00003-of-00007.gguf,blk.14.ffn_gate_shexp.weight,6144x3072x2,Q5_K,25952256,shared experts and shared gate,GPU configured,0,25952256
inkling-975b,inkling-UD-IQ1_S-00003-of-00007.gguf,blk.14.ffn_gscale.weight,1,F32,4,"routing, norms and other weights",GPU configured,0,4
inkling-975b,inkling-UD-IQ1_S-00003-of-00007.gguf,blk.14.ffn_norm.weight,6144,F32,24576,"routing, norms and other weights",GPU configured,0,24576
inkling-975b,inkling-UD-IQ1_S-00003-of-00007.gguf,blk.14.ffn_up_exps.weight,6144x3072x256,IQ1_S,943718400,routed experts,system RAM,22118400,22118400
inkling-975b,inkling-UD-IQ1_S-00003-of-00007.gguf,blk.14.ffn_up_shexp.weight,6144x3072x2,Q5_K,25952256,shared experts and shared gate,GPU configured,0,25952256
inkling-975b,inkling-UD-IQ1_S-00003-of-00007.gguf,blk.14.shortconv_attn.weight,4x6144,F32,98304,attention and recurrent state weights,GPU configured,0,98304
inkling-975b,inkling-UD-IQ1_S-00003-of-00007.gguf,blk.14.shortconv_k.weight,4x2048,F32,32768,attention and recurrent state weights,GPU configured,0,32768
inkling-975b,inkling-UD-IQ1_S-00003-of-00007.gguf,blk.14.shortconv_mlp.weight,4x6144,F32,98304,attention and recurrent state weights,GPU configured,0,98304
inkling-975b,inkling-UD-IQ1_S-00003-of-00007.gguf,blk.14.shortconv_v.weight,4x2048,F32,32768,attention and recurrent state weights,GPU configured,0,32768
inkling-975b,inkling-UD-IQ1_S-00003-of-00007.gguf,blk.15.attn_k.weight,6144x2048,Q5_K,8650752,attention and recurrent state weights,GPU configured,0,8650752
inkling-975b,inkling-UD-IQ1_S-00003-of-00007.gguf,blk.15.attn_k_norm.weight,128,F32,512,attention and recurrent state weights,GPU configured,0,512
inkling-975b,inkling-UD-IQ1_S-00003-of-00007.gguf,blk.15.attn_norm.weight,6144,F32,24576,attention and recurrent state weights,GPU configured,0,24576
inkling-975b,inkling-UD-IQ1_S-00003-of-00007.gguf,blk.15.attn_output.weight,8192x6144,Q5_K,34603008,attention and recurrent state weights,GPU configured,0,34603008
inkling-975b,inkling-UD-IQ1_S-00003-of-00007.gguf,blk.15.attn_q.weight,6144x8192,Q5_K,34603008,attention and recurrent state weights,GPU configured,0,34603008
inkling-975b,inkling-UD-IQ1_S-00003-of-00007.gguf,blk.15.attn_q_norm.weight,128,F32,512,attention and recurrent state weights,GPU configured,0,512
inkling-975b,inkling-UD-IQ1_S-00003-of-00007.gguf,blk.15.attn_r.weight,6144x1024,Q8_0,6684672,attention and recurrent state weights,GPU configured,0,6684672
inkling-975b,inkling-UD-IQ1_S-00003-of-00007.gguf,blk.15.attn_rel_proj.weight,512x16,F32,32768,attention and recurrent state weights,GPU configured,0,32768
inkling-975b,inkling-UD-IQ1_S-00003-of-00007.gguf,blk.15.attn_v.weight,6144x2048,Q5_K,8650752,attention and recurrent state weights,GPU configured,0,8650752
inkling-975b,inkling-UD-IQ1_S-00003-of-00007.gguf,blk.15.exp_probs_b.bias,256,F32,1024,"routing, norms and other weights",GPU configured,0,1024
inkling-975b,inkling-UD-IQ1_S-00003-of-00007.gguf,blk.15.ffn_down_exps.weight,3072x6144x256,IQ3_XXS,1849688064,routed experts,system RAM,43352064,43352064
inkling-975b,inkling-UD-IQ1_S-00003-of-00007.gguf,blk.15.ffn_down_shexp.weight,3072x6144x2,Q6_K,30965760,shared experts and shared gate,GPU configured,0,30965760
inkling-975b,inkling-UD-IQ1_S-00003-of-00007.gguf,blk.15.ffn_gate_exps.weight,6144x3072x256,IQ1_S,943718400,routed experts,system RAM,22118400,22118400
inkling-975b,inkling-UD-IQ1_S-00003-of-00007.gguf,blk.15.ffn_gate_inp.weight,6144x258,F32,6340608,"routing, norms and other weights",GPU configured,0,6340608
inkling-975b,inkling-UD-IQ1_S-00003-of-00007.gguf,blk.15.ffn_gate_shexp.weight,6144x3072x2,Q5_K,25952256,shared experts and shared gate,GPU configured,0,25952256
inkling-975b,inkling-UD-IQ1_S-00003-of-00007.gguf,blk.15.ffn_gscale.weight,1,F32,4,"routing, norms and other weights",GPU configured,0,4
inkling-975b,inkling-UD-IQ1_S-00003-of-00007.gguf,blk.15.ffn_norm.weight,6144,F32,24576,"routing, norms and other weights",GPU configured,0,24576
inkling-975b,inkling-UD-IQ1_S-00003-of-00007.gguf,blk.15.ffn_up_exps.weight,6144x3072x256,IQ1_S,943718400,routed experts,system RAM,22118400,22118400
inkling-975b,inkling-UD-IQ1_S-00003-of-00007.gguf,blk.15.ffn_up_shexp.weight,6144x3072x2,Q5_K,25952256,shared experts and shared gate,GPU configured,0,25952256
inkling-975b,inkling-UD-IQ1_S-00003-of-00007.gguf,blk.15.shortconv_attn.weight,4x6144,F32,98304,attention and recurrent state weights,GPU configured,0,98304
inkling-975b,inkling-UD-IQ1_S-00003-of-00007.gguf,blk.15.shortconv_k.weight,4x2048,F32,32768,attention and recurrent state weights,GPU configured,0,32768
inkling-975b,inkling-UD-IQ1_S-00003-of-00007.gguf,blk.15.shortconv_mlp.weight,4x6144,F32,98304,attention and recurrent state weights,GPU configured,0,98304
inkling-975b,inkling-UD-IQ1_S-00003-of-00007.gguf,blk.15.shortconv_v.weight,4x2048,F32,32768,attention and recurrent state weights,GPU configured,0,32768
inkling-975b,inkling-UD-IQ1_S-00003-of-00007.gguf,blk.16.attn_k.weight,6144x2048,Q5_K,8650752,attention and recurrent state weights,GPU configured,0,8650752
inkling-975b,inkling-UD-IQ1_S-00003-of-00007.gguf,blk.16.attn_k_norm.weight,128,F32,512,attention and recurrent state weights,GPU configured,0,512
inkling-975b,inkling-UD-IQ1_S-00003-of-00007.gguf,blk.16.attn_norm.weight,6144,F32,24576,attention and recurrent state weights,GPU configured,0,24576
inkling-975b,inkling-UD-IQ1_S-00003-of-00007.gguf,blk.16.attn_output.weight,8192x6144,Q5_K,34603008,attention and recurrent state weights,GPU configured,0,34603008
inkling-975b,inkling-UD-IQ1_S-00003-of-00007.gguf,blk.16.attn_q.weight,6144x8192,Q5_K,34603008,attention and recurrent state weights,GPU configured,0,34603008
inkling-975b,inkling-UD-IQ1_S-00003-of-00007.gguf,blk.16.attn_q_norm.weight,128,F32,512,attention and recurrent state weights,GPU configured,0,512
inkling-975b,inkling-UD-IQ1_S-00003-of-00007.gguf,blk.16.attn_r.weight,6144x1024,Q8_0,6684672,attention and recurrent state weights,GPU configured,0,6684672
inkling-975b,inkling-UD-IQ1_S-00003-of-00007.gguf,blk.16.attn_rel_proj.weight,512x16,F32,32768,attention and recurrent state weights,GPU configured,0,32768
inkling-975b,inkling-UD-IQ1_S-00003-of-00007.gguf,blk.16.attn_v.weight,6144x2048,Q5_K,8650752,attention and recurrent state weights,GPU configured,0,8650752
inkling-975b,inkling-UD-IQ1_S-00003-of-00007.gguf,blk.16.exp_probs_b.bias,256,F32,1024,"routing, norms and other weights",GPU configured,0,1024
inkling-975b,inkling-UD-IQ1_S-00003-of-00007.gguf,blk.16.ffn_down_exps.weight,3072x6144x256,IQ3_XXS,1849688064,routed experts,system RAM,43352064,43352064
inkling-975b,inkling-UD-IQ1_S-00003-of-00007.gguf,blk.16.ffn_down_shexp.weight,3072x6144x2,Q6_K,30965760,shared experts and shared gate,GPU configured,0,30965760
inkling-975b,inkling-UD-IQ1_S-00003-of-00007.gguf,blk.16.ffn_gate_exps.weight,6144x3072x256,IQ1_S,943718400,routed experts,system RAM,22118400,22118400
inkling-975b,inkling-UD-IQ1_S-00003-of-00007.gguf,blk.16.ffn_gate_inp.weight,6144x258,F32,6340608,"routing, norms and other weights",GPU configured,0,6340608
inkling-975b,inkling-UD-IQ1_S-00003-of-00007.gguf,blk.16.ffn_gate_shexp.weight,6144x3072x2,Q5_K,25952256,shared experts and shared gate,GPU configured,0,25952256
inkling-975b,inkling-UD-IQ1_S-00003-of-00007.gguf,blk.16.ffn_gscale.weight,1,F32,4,"routing, norms and other weights",GPU configured,0,4
inkling-975b,inkling-UD-IQ1_S-00003-of-00007.gguf,blk.16.ffn_norm.weight,6144,F32,24576,"routing, norms and other weights",GPU configured,0,24576
inkling-975b,inkling-UD-IQ1_S-00003-of-00007.gguf,blk.16.ffn_up_exps.weight,6144x3072x256,IQ1_S,943718400,routed experts,system RAM,22118400,22118400
inkling-975b,inkling-UD-IQ1_S-00003-of-00007.gguf,blk.16.ffn_up_shexp.weight,6144x3072x2,Q5_K,25952256,shared experts and shared gate,GPU configured,0,25952256
inkling-975b,inkling-UD-IQ1_S-00003-of-00007.gguf,blk.16.shortconv_attn.weight,4x6144,F32,98304,attention and recurrent state weights,GPU configured,0,98304
inkling-975b,inkling-UD-IQ1_S-00003-of-00007.gguf,blk.16.shortconv_k.weight,4x2048,F32,32768,attention and recurrent state weights,GPU configured,0,32768
inkling-975b,inkling-UD-IQ1_S-00003-of-00007.gguf,blk.16.shortconv_mlp.weight,4x6144,F32,98304,attention and recurrent state weights,GPU configured,0,98304
inkling-975b,inkling-UD-IQ1_S-00003-of-00007.gguf,blk.16.shortconv_v.weight,4x2048,F32,32768,attention and recurrent state weights,GPU configured,0,32768
inkling-975b,inkling-UD-IQ1_S-00003-of-00007.gguf,blk.17.attn_k.weight,6144x1024,Q5_K,4325376,attention and recurrent state weights,GPU configured,0,4325376
inkling-975b,inkling-UD-IQ1_S-00003-of-00007.gguf,blk.17.attn_k_norm.weight,128,F32,512,attention and recurrent state weights,GPU configured,0,512
inkling-975b,inkling-UD-IQ1_S-00003-of-00007.gguf,blk.17.attn_norm.weight,6144,F32,24576,attention and recurrent state weights,GPU configured,0,24576
inkling-975b,inkling-UD-IQ1_S-00003-of-00007.gguf,blk.17.attn_output.weight,8192x6144,Q5_K,34603008,attention and recurrent state weights,GPU configured,0,34603008
inkling-975b,inkling-UD-IQ1_S-00003-of-00007.gguf,blk.17.attn_q.weight,6144x8192,Q5_K,34603008,attention and recurrent state weights,GPU configured,0,34603008
inkling-975b,inkling-UD-IQ1_S-00003-of-00007.gguf,blk.17.attn_q_norm.weight,128,F32,512,attention and recurrent state weights,GPU configured,0,512
inkling-975b,inkling-UD-IQ1_S-00003-of-00007.gguf,blk.17.attn_r.weight,6144x1024,Q8_0,6684672,attention and recurrent state weights,GPU configured,0,6684672
inkling-975b,inkling-UD-IQ1_S-00003-of-00007.gguf,blk.17.attn_rel_proj.weight,1024x16,F32,65536,attention and recurrent state weights,GPU configured,0,65536
inkling-975b,inkling-UD-IQ1_S-00003-of-00007.gguf,blk.17.attn_v.weight,6144x1024,Q5_K,4325376,attention and recurrent state weights,GPU configured,0,4325376
inkling-975b,inkling-UD-IQ1_S-00003-of-00007.gguf,blk.17.exp_probs_b.bias,256,F32,1024,"routing, norms and other weights",GPU configured,0,1024
inkling-975b,inkling-UD-IQ1_S-00003-of-00007.gguf,blk.17.ffn_down_exps.weight,3072x6144x256,IQ3_XXS,1849688064,routed experts,system RAM,43352064,43352064
inkling-975b,inkling-UD-IQ1_S-00003-of-00007.gguf,blk.17.ffn_down_shexp.weight,3072x6144x2,Q6_K,30965760,shared experts and shared gate,GPU configured,0,30965760
inkling-975b,inkling-UD-IQ1_S-00003-of-00007.gguf,blk.17.ffn_gate_exps.weight,6144x3072x256,IQ1_S,943718400,routed experts,system RAM,22118400,22118400
inkling-975b,inkling-UD-IQ1_S-00003-of-00007.gguf,blk.17.ffn_gate_inp.weight,6144x258,F32,6340608,"routing, norms and other weights",GPU configured,0,6340608
inkling-975b,inkling-UD-IQ1_S-00003-of-00007.gguf,blk.17.ffn_gate_shexp.weight,6144x3072x2,Q5_K,25952256,shared experts and shared gate,GPU configured,0,25952256
inkling-975b,inkling-UD-IQ1_S-00003-of-00007.gguf,blk.17.ffn_gscale.weight,1,F32,4,"routing, norms and other weights",GPU configured,0,4
inkling-975b,inkling-UD-IQ1_S-00003-of-00007.gguf,blk.17.ffn_norm.weight,6144,F32,24576,"routing, norms and other weights",GPU configured,0,24576
inkling-975b,inkling-UD-IQ1_S-00003-of-00007.gguf,blk.17.ffn_up_exps.weight,6144x3072x256,IQ1_S,943718400,routed experts,system RAM,22118400,22118400
inkling-975b,inkling-UD-IQ1_S-00003-of-00007.gguf,blk.17.ffn_up_shexp.weight,6144x3072x2,Q5_K,25952256,shared experts and shared gate,GPU configured,0,25952256
inkling-975b,inkling-UD-IQ1_S-00003-of-00007.gguf,blk.17.shortconv_attn.weight,4x6144,F32,98304,attention and recurrent state weights,GPU configured,0,98304
inkling-975b,inkling-UD-IQ1_S-00003-of-00007.gguf,blk.17.shortconv_k.weight,4x1024,F32,16384,attention and recurrent state weights,GPU configured,0,16384
inkling-975b,inkling-UD-IQ1_S-00003-of-00007.gguf,blk.17.shortconv_mlp.weight,4x6144,F32,98304,attention and recurrent state weights,GPU configured,0,98304
inkling-975b,inkling-UD-IQ1_S-00003-of-00007.gguf,blk.17.shortconv_v.weight,4x1024,F32,16384,attention and recurrent state weights,GPU configured,0,16384
inkling-975b,inkling-UD-IQ1_S-00003-of-00007.gguf,blk.18.attn_k.weight,6144x2048,Q5_K,8650752,attention and recurrent state weights,GPU configured,0,8650752
inkling-975b,inkling-UD-IQ1_S-00003-of-00007.gguf,blk.18.attn_k_norm.weight,128,F32,512,attention and recurrent state weights,GPU configured,0,512
inkling-975b,inkling-UD-IQ1_S-00003-of-00007.gguf,blk.18.attn_norm.weight,6144,F32,24576,attention and recurrent state weights,GPU configured,0,24576
inkling-975b,inkling-UD-IQ1_S-00003-of-00007.gguf,blk.18.attn_output.weight,8192x6144,Q5_K,34603008,attention and recurrent state weights,GPU configured,0,34603008
inkling-975b,inkling-UD-IQ1_S-00003-of-00007.gguf,blk.18.attn_q.weight,6144x8192,Q5_K,34603008,attention and recurrent state weights,GPU configured,0,34603008
inkling-975b,inkling-UD-IQ1_S-00003-of-00007.gguf,blk.18.attn_q_norm.weight,128,F32,512,attention and recurrent state weights,GPU configured,0,512
inkling-975b,inkling-UD-IQ1_S-00003-of-00007.gguf,blk.18.attn_r.weight,6144x1024,Q8_0,6684672,attention and recurrent state weights,GPU configured,0,6684672
inkling-975b,inkling-UD-IQ1_S-00003-of-00007.gguf,blk.18.attn_rel_proj.weight,512x16,F32,32768,attention and recurrent state weights,GPU configured,0,32768
inkling-975b,inkling-UD-IQ1_S-00003-of-00007.gguf,blk.18.attn_v.weight,6144x2048,Q5_K,8650752,attention and recurrent state weights,GPU configured,0,8650752
inkling-975b,inkling-UD-IQ1_S-00003-of-00007.gguf,blk.18.exp_probs_b.bias,256,F32,1024,"routing, norms and other weights",GPU configured,0,1024
inkling-975b,inkling-UD-IQ1_S-00003-of-00007.gguf,blk.18.ffn_down_exps.weight,3072x6144x256,IQ3_XXS,1849688064,routed experts,system RAM,43352064,43352064
inkling-975b,inkling-UD-IQ1_S-00003-of-00007.gguf,blk.18.ffn_down_shexp.weight,3072x6144x2,Q6_K,30965760,shared experts and shared gate,GPU configured,0,30965760
inkling-975b,inkling-UD-IQ1_S-00003-of-00007.gguf,blk.18.ffn_gate_exps.weight,6144x3072x256,IQ1_S,943718400,routed experts,system RAM,22118400,22118400
inkling-975b,inkling-UD-IQ1_S-00003-of-00007.gguf,blk.18.ffn_gate_inp.weight,6144x258,F32,6340608,"routing, norms and other weights",GPU configured,0,6340608
inkling-975b,inkling-UD-IQ1_S-00003-of-00007.gguf,blk.18.ffn_gate_shexp.weight,6144x3072x2,Q5_K,25952256,shared experts and shared gate,GPU configured,0,25952256
inkling-975b,inkling-UD-IQ1_S-00003-of-00007.gguf,blk.18.ffn_gscale.weight,1,F32,4,"routing, norms and other weights",GPU configured,0,4
inkling-975b,inkling-UD-IQ1_S-00003-of-00007.gguf,blk.18.ffn_norm.weight,6144,F32,24576,"routing, norms and other weights",GPU configured,0,24576
inkling-975b,inkling-UD-IQ1_S-00003-of-00007.gguf,blk.18.ffn_up_exps.weight,6144x3072x256,IQ1_S,943718400,routed experts,system RAM,22118400,22118400
inkling-975b,inkling-UD-IQ1_S-00003-of-00007.gguf,blk.18.ffn_up_shexp.weight,6144x3072x2,Q5_K,25952256,shared experts and shared gate,GPU configured,0,25952256
inkling-975b,inkling-UD-IQ1_S-00003-of-00007.gguf,blk.18.shortconv_attn.weight,4x6144,F32,98304,attention and recurrent state weights,GPU configured,0,98304
inkling-975b,inkling-UD-IQ1_S-00003-of-00007.gguf,blk.18.shortconv_k.weight,4x2048,F32,32768,attention and recurrent state weights,GPU configured,0,32768
inkling-975b,inkling-UD-IQ1_S-00003-of-00007.gguf,blk.18.shortconv_mlp.weight,4x6144,F32,98304,attention and recurrent state weights,GPU configured,0,98304
inkling-975b,inkling-UD-IQ1_S-00003-of-00007.gguf,blk.18.shortconv_v.weight,4x2048,F32,32768,attention and recurrent state weights,GPU configured,0,32768
inkling-975b,inkling-UD-IQ1_S-00003-of-00007.gguf,blk.19.attn_k.weight,6144x2048,Q5_K,8650752,attention and recurrent state weights,GPU configured,0,8650752
inkling-975b,inkling-UD-IQ1_S-00003-of-00007.gguf,blk.19.attn_k_norm.weight,128,F32,512,attention and recurrent state weights,GPU configured,0,512
inkling-975b,inkling-UD-IQ1_S-00003-of-00007.gguf,blk.19.attn_norm.weight,6144,F32,24576,attention and recurrent state weights,GPU configured,0,24576
inkling-975b,inkling-UD-IQ1_S-00003-of-00007.gguf,blk.19.attn_output.weight,8192x6144,Q5_K,34603008,attention and recurrent state weights,GPU configured,0,34603008
inkling-975b,inkling-UD-IQ1_S-00003-of-00007.gguf,blk.19.attn_q.weight,6144x8192,Q5_K,34603008,attention and recurrent state weights,GPU configured,0,34603008
inkling-975b,inkling-UD-IQ1_S-00003-of-00007.gguf,blk.19.attn_q_norm.weight,128,F32,512,attention and recurrent state weights,GPU configured,0,512
inkling-975b,inkling-UD-IQ1_S-00003-of-00007.gguf,blk.19.attn_r.weight,6144x1024,Q8_0,6684672,attention and recurrent state weights,GPU configured,0,6684672
inkling-975b,inkling-UD-IQ1_S-00003-of-00007.gguf,blk.19.attn_rel_proj.weight,512x16,F32,32768,attention and recurrent state weights,GPU configured,0,32768
inkling-975b,inkling-UD-IQ1_S-00003-of-00007.gguf,blk.19.attn_v.weight,6144x2048,Q5_K,8650752,attention and recurrent state weights,GPU configured,0,8650752
inkling-975b,inkling-UD-IQ1_S-00003-of-00007.gguf,blk.19.exp_probs_b.bias,256,F32,1024,"routing, norms and other weights",GPU configured,0,1024
inkling-975b,inkling-UD-IQ1_S-00003-of-00007.gguf,blk.19.ffn_down_exps.weight,3072x6144x256,IQ3_XXS,1849688064,routed experts,system RAM,43352064,43352064
inkling-975b,inkling-UD-IQ1_S-00003-of-00007.gguf,blk.19.ffn_down_shexp.weight,3072x6144x2,Q6_K,30965760,shared experts and shared gate,GPU configured,0,30965760
inkling-975b,inkling-UD-IQ1_S-00003-of-00007.gguf,blk.19.ffn_gate_exps.weight,6144x3072x256,IQ1_S,943718400,routed experts,system RAM,22118400,22118400
inkling-975b,inkling-UD-IQ1_S-00003-of-00007.gguf,blk.19.ffn_gate_inp.weight,6144x258,F32,6340608,"routing, norms and other weights",GPU configured,0,6340608
inkling-975b,inkling-UD-IQ1_S-00003-of-00007.gguf,blk.19.ffn_gate_shexp.weight,6144x3072x2,Q5_K,25952256,shared experts and shared gate,GPU configured,0,25952256
inkling-975b,inkling-UD-IQ1_S-00003-of-00007.gguf,blk.19.ffn_gscale.weight,1,F32,4,"routing, norms and other weights",GPU configured,0,4
inkling-975b,inkling-UD-IQ1_S-00003-of-00007.gguf,blk.19.ffn_norm.weight,6144,F32,24576,"routing, norms and other weights",GPU configured,0,24576
inkling-975b,inkling-UD-IQ1_S-00003-of-00007.gguf,blk.19.ffn_up_exps.weight,6144x3072x256,IQ1_S,943718400,routed experts,system RAM,22118400,22118400
inkling-975b,inkling-UD-IQ1_S-00003-of-00007.gguf,blk.19.ffn_up_shexp.weight,6144x3072x2,Q5_K,25952256,shared experts and shared gate,GPU configured,0,25952256
inkling-975b,inkling-UD-IQ1_S-00003-of-00007.gguf,blk.19.shortconv_attn.weight,4x6144,F32,98304,attention and recurrent state weights,GPU configured,0,98304
inkling-975b,inkling-UD-IQ1_S-00003-of-00007.gguf,blk.19.shortconv_k.weight,4x2048,F32,32768,attention and recurrent state weights,GPU configured,0,32768
inkling-975b,inkling-UD-IQ1_S-00003-of-00007.gguf,blk.19.shortconv_mlp.weight,4x6144,F32,98304,attention and recurrent state weights,GPU configured,0,98304
inkling-975b,inkling-UD-IQ1_S-00003-of-00007.gguf,blk.19.shortconv_v.weight,4x2048,F32,32768,attention and recurrent state weights,GPU configured,0,32768
inkling-975b,inkling-UD-IQ1_S-00003-of-00007.gguf,blk.20.attn_k.weight,6144x2048,Q5_K,8650752,attention and recurrent state weights,GPU configured,0,8650752
inkling-975b,inkling-UD-IQ1_S-00003-of-00007.gguf,blk.20.attn_k_norm.weight,128,F32,512,attention and recurrent state weights,GPU configured,0,512
inkling-975b,inkling-UD-IQ1_S-00003-of-00007.gguf,blk.20.attn_norm.weight,6144,F32,24576,attention and recurrent state weights,GPU configured,0,24576
inkling-975b,inkling-UD-IQ1_S-00003-of-00007.gguf,blk.20.attn_output.weight,8192x6144,Q5_K,34603008,attention and recurrent state weights,GPU configured,0,34603008
inkling-975b,inkling-UD-IQ1_S-00003-of-00007.gguf,blk.20.attn_q.weight,6144x8192,Q5_K,34603008,attention and recurrent state weights,GPU configured,0,34603008
inkling-975b,inkling-UD-IQ1_S-00003-of-00007.gguf,blk.20.attn_q_norm.weight,128,F32,512,attention and recurrent state weights,GPU configured,0,512
inkling-975b,inkling-UD-IQ1_S-00003-of-00007.gguf,blk.20.attn_r.weight,6144x1024,Q8_0,6684672,attention and recurrent state weights,GPU configured,0,6684672
inkling-975b,inkling-UD-IQ1_S-00003-of-00007.gguf,blk.20.attn_rel_proj.weight,512x16,F32,32768,attention and recurrent state weights,GPU configured,0,32768
inkling-975b,inkling-UD-IQ1_S-00003-of-00007.gguf,blk.20.attn_v.weight,6144x2048,Q5_K,8650752,attention and recurrent state weights,GPU configured,0,8650752
inkling-975b,inkling-UD-IQ1_S-00003-of-00007.gguf,blk.20.exp_probs_b.bias,256,F32,1024,"routing, norms and other weights",GPU configured,0,1024
inkling-975b,inkling-UD-IQ1_S-00003-of-00007.gguf,blk.20.ffn_down_exps.weight,3072x6144x256,IQ3_XXS,1849688064,routed experts,system RAM,43352064,43352064
inkling-975b,inkling-UD-IQ1_S-00003-of-00007.gguf,blk.20.ffn_down_shexp.weight,3072x6144x2,Q6_K,30965760,shared experts and shared gate,GPU configured,0,30965760
inkling-975b,inkling-UD-IQ1_S-00003-of-00007.gguf,blk.20.ffn_gate_exps.weight,6144x3072x256,IQ1_S,943718400,routed experts,system RAM,22118400,22118400
inkling-975b,inkling-UD-IQ1_S-00003-of-00007.gguf,blk.20.ffn_gate_inp.weight,6144x258,F32,6340608,"routing, norms and other weights",GPU configured,0,6340608
inkling-975b,inkling-UD-IQ1_S-00003-of-00007.gguf,blk.20.ffn_gate_shexp.weight,6144x3072x2,Q5_K,25952256,shared experts and shared gate,GPU configured,0,25952256
inkling-975b,inkling-UD-IQ1_S-00003-of-00007.gguf,blk.20.ffn_gscale.weight,1,F32,4,"routing, norms and other weights",GPU configured,0,4
inkling-975b,inkling-UD-IQ1_S-00003-of-00007.gguf,blk.20.ffn_norm.weight,6144,F32,24576,"routing, norms and other weights",GPU configured,0,24576
inkling-975b,inkling-UD-IQ1_S-00003-of-00007.gguf,blk.20.ffn_up_exps.weight,6144x3072x256,IQ1_S,943718400,routed experts,system RAM,22118400,22118400
inkling-975b,inkling-UD-IQ1_S-00003-of-00007.gguf,blk.20.ffn_up_shexp.weight,6144x3072x2,Q5_K,25952256,shared experts and shared gate,GPU configured,0,25952256
inkling-975b,inkling-UD-IQ1_S-00003-of-00007.gguf,blk.20.shortconv_attn.weight,4x6144,F32,98304,attention and recurrent state weights,GPU configured,0,98304
inkling-975b,inkling-UD-IQ1_S-00003-of-00007.gguf,blk.20.shortconv_k.weight,4x2048,F32,32768,attention and recurrent state weights,GPU configured,0,32768
inkling-975b,inkling-UD-IQ1_S-00003-of-00007.gguf,blk.20.shortconv_mlp.weight,4x6144,F32,98304,attention and recurrent state weights,GPU configured,0,98304
inkling-975b,inkling-UD-IQ1_S-00003-of-00007.gguf,blk.20.shortconv_v.weight,4x2048,F32,32768,attention and recurrent state weights,GPU configured,0,32768
inkling-975b,inkling-UD-IQ1_S-00003-of-00007.gguf,blk.21.attn_k.weight,6144x2048,Q5_K,8650752,attention and recurrent state weights,GPU configured,0,8650752
inkling-975b,inkling-UD-IQ1_S-00003-of-00007.gguf,blk.21.attn_k_norm.weight,128,F32,512,attention and recurrent state weights,GPU configured,0,512
inkling-975b,inkling-UD-IQ1_S-00003-of-00007.gguf,blk.21.attn_norm.weight,6144,F32,24576,attention and recurrent state weights,GPU configured,0,24576
inkling-975b,inkling-UD-IQ1_S-00003-of-00007.gguf,blk.21.attn_output.weight,8192x6144,Q5_K,34603008,attention and recurrent state weights,GPU configured,0,34603008
inkling-975b,inkling-UD-IQ1_S-00003-of-00007.gguf,blk.21.attn_q.weight,6144x8192,Q5_K,34603008,attention and recurrent state weights,GPU configured,0,34603008
inkling-975b,inkling-UD-IQ1_S-00003-of-00007.gguf,blk.21.attn_q_norm.weight,128,F32,512,attention and recurrent state weights,GPU configured,0,512
inkling-975b,inkling-UD-IQ1_S-00003-of-00007.gguf,blk.21.attn_r.weight,6144x1024,Q8_0,6684672,attention and recurrent state weights,GPU configured,0,6684672
inkling-975b,inkling-UD-IQ1_S-00003-of-00007.gguf,blk.21.attn_rel_proj.weight,512x16,F32,32768,attention and recurrent state weights,GPU configured,0,32768
inkling-975b,inkling-UD-IQ1_S-00003-of-00007.gguf,blk.21.attn_v.weight,6144x2048,Q5_K,8650752,attention and recurrent state weights,GPU configured,0,8650752
inkling-975b,inkling-UD-IQ1_S-00003-of-00007.gguf,blk.21.exp_probs_b.bias,256,F32,1024,"routing, norms and other weights",GPU configured,0,1024
inkling-975b,inkling-UD-IQ1_S-00003-of-00007.gguf,blk.21.ffn_down_exps.weight,3072x6144x256,IQ3_XXS,1849688064,routed experts,system RAM,43352064,43352064
inkling-975b,inkling-UD-IQ1_S-00003-of-00007.gguf,blk.21.ffn_down_shexp.weight,3072x6144x2,Q6_K,30965760,shared experts and shared gate,GPU configured,0,30965760
inkling-975b,inkling-UD-IQ1_S-00003-of-00007.gguf,blk.21.ffn_gate_exps.weight,6144x3072x256,IQ1_S,943718400,routed experts,system RAM,22118400,22118400
inkling-975b,inkling-UD-IQ1_S-00003-of-00007.gguf,blk.21.ffn_gate_inp.weight,6144x258,F32,6340608,"routing, norms and other weights",GPU configured,0,6340608
inkling-975b,inkling-UD-IQ1_S-00003-of-00007.gguf,blk.21.ffn_gate_shexp.weight,6144x3072x2,Q5_K,25952256,shared experts and shared gate,GPU configured,0,25952256
inkling-975b,inkling-UD-IQ1_S-00003-of-00007.gguf,blk.21.ffn_gscale.weight,1,F32,4,"routing, norms and other weights",GPU configured,0,4
inkling-975b,inkling-UD-IQ1_S-00003-of-00007.gguf,blk.21.ffn_norm.weight,6144,F32,24576,"routing, norms and other weights",GPU configured,0,24576
inkling-975b,inkling-UD-IQ1_S-00003-of-00007.gguf,blk.21.ffn_up_exps.weight,6144x3072x256,IQ1_S,943718400,routed experts,system RAM,22118400,22118400
inkling-975b,inkling-UD-IQ1_S-00003-of-00007.gguf,blk.21.ffn_up_shexp.weight,6144x3072x2,Q5_K,25952256,shared experts and shared gate,GPU configured,0,25952256
inkling-975b,inkling-UD-IQ1_S-00003-of-00007.gguf,blk.21.shortconv_attn.weight,4x6144,F32,98304,attention and recurrent state weights,GPU configured,0,98304
inkling-975b,inkling-UD-IQ1_S-00003-of-00007.gguf,blk.21.shortconv_k.weight,4x2048,F32,32768,attention and recurrent state weights,GPU configured,0,32768
inkling-975b,inkling-UD-IQ1_S-00003-of-00007.gguf,blk.21.shortconv_mlp.weight,4x6144,F32,98304,attention and recurrent state weights,GPU configured,0,98304
inkling-975b,inkling-UD-IQ1_S-00003-of-00007.gguf,blk.21.shortconv_v.weight,4x2048,F32,32768,attention and recurrent state weights,GPU configured,0,32768
inkling-975b,inkling-UD-IQ1_S-00003-of-00007.gguf,blk.22.attn_k.weight,6144x2048,Q5_K,8650752,attention and recurrent state weights,GPU configured,0,8650752
inkling-975b,inkling-UD-IQ1_S-00003-of-00007.gguf,blk.22.attn_k_norm.weight,128,F32,512,attention and recurrent state weights,GPU configured,0,512
inkling-975b,inkling-UD-IQ1_S-00003-of-00007.gguf,blk.22.attn_norm.weight,6144,F32,24576,attention and recurrent state weights,GPU configured,0,24576
inkling-975b,inkling-UD-IQ1_S-00003-of-00007.gguf,blk.22.attn_output.weight,8192x6144,Q5_K,34603008,attention and recurrent state weights,GPU configured,0,34603008
inkling-975b,inkling-UD-IQ1_S-00003-of-00007.gguf,blk.22.attn_q.weight,6144x8192,Q5_K,34603008,attention and recurrent state weights,GPU configured,0,34603008
inkling-975b,inkling-UD-IQ1_S-00003-of-00007.gguf,blk.22.attn_q_norm.weight,128,F32,512,attention and recurrent state weights,GPU configured,0,512
inkling-975b,inkling-UD-IQ1_S-00003-of-00007.gguf,blk.22.attn_r.weight,6144x1024,Q8_0,6684672,attention and recurrent state weights,GPU configured,0,6684672
inkling-975b,inkling-UD-IQ1_S-00003-of-00007.gguf,blk.22.attn_rel_proj.weight,512x16,F32,32768,attention and recurrent state weights,GPU configured,0,32768
inkling-975b,inkling-UD-IQ1_S-00003-of-00007.gguf,blk.22.attn_v.weight,6144x2048,Q5_K,8650752,attention and recurrent state weights,GPU configured,0,8650752
inkling-975b,inkling-UD-IQ1_S-00003-of-00007.gguf,blk.22.exp_probs_b.bias,256,F32,1024,"routing, norms and other weights",GPU configured,0,1024
inkling-975b,inkling-UD-IQ1_S-00003-of-00007.gguf,blk.22.ffn_down_exps.weight,3072x6144x256,IQ3_XXS,1849688064,routed experts,system RAM,43352064,43352064
inkling-975b,inkling-UD-IQ1_S-00003-of-00007.gguf,blk.22.ffn_down_shexp.weight,3072x6144x2,Q6_K,30965760,shared experts and shared gate,GPU configured,0,30965760
inkling-975b,inkling-UD-IQ1_S-00003-of-00007.gguf,blk.22.ffn_gate_exps.weight,6144x3072x256,IQ1_S,943718400,routed experts,system RAM,22118400,22118400
inkling-975b,inkling-UD-IQ1_S-00003-of-00007.gguf,blk.22.ffn_gate_inp.weight,6144x258,F32,6340608,"routing, norms and other weights",GPU configured,0,6340608
inkling-975b,inkling-UD-IQ1_S-00003-of-00007.gguf,blk.22.ffn_gate_shexp.weight,6144x3072x2,Q5_K,25952256,shared experts and shared gate,GPU configured,0,25952256
inkling-975b,inkling-UD-IQ1_S-00003-of-00007.gguf,blk.22.ffn_gscale.weight,1,F32,4,"routing, norms and other weights",GPU configured,0,4
inkling-975b,inkling-UD-IQ1_S-00003-of-00007.gguf,blk.22.ffn_norm.weight,6144,F32,24576,"routing, norms and other weights",GPU configured,0,24576
inkling-975b,inkling-UD-IQ1_S-00003-of-00007.gguf,blk.22.ffn_up_exps.weight,6144x3072x256,IQ1_S,943718400,routed experts,system RAM,22118400,22118400
inkling-975b,inkling-UD-IQ1_S-00003-of-00007.gguf,blk.22.ffn_up_shexp.weight,6144x3072x2,Q5_K,25952256,shared experts and shared gate,GPU configured,0,25952256
inkling-975b,inkling-UD-IQ1_S-00003-of-00007.gguf,blk.22.shortconv_attn.weight,4x6144,F32,98304,attention and recurrent state weights,GPU configured,0,98304
inkling-975b,inkling-UD-IQ1_S-00003-of-00007.gguf,blk.22.shortconv_k.weight,4x2048,F32,32768,attention and recurrent state weights,GPU configured,0,32768
inkling-975b,inkling-UD-IQ1_S-00003-of-00007.gguf,blk.22.shortconv_mlp.weight,4x6144,F32,98304,attention and recurrent state weights,GPU configured,0,98304
inkling-975b,inkling-UD-IQ1_S-00003-of-00007.gguf,blk.22.shortconv_v.weight,4x2048,F32,32768,attention and recurrent state weights,GPU configured,0,32768
inkling-975b,inkling-UD-IQ1_S-00003-of-00007.gguf,blk.23.attn_k.weight,6144x1024,Q5_K,4325376,attention and recurrent state weights,GPU configured,0,4325376
inkling-975b,inkling-UD-IQ1_S-00003-of-00007.gguf,blk.23.attn_k_norm.weight,128,F32,512,attention and recurrent state weights,GPU configured,0,512
inkling-975b,inkling-UD-IQ1_S-00003-of-00007.gguf,blk.23.attn_norm.weight,6144,F32,24576,attention and recurrent state weights,GPU configured,0,24576
inkling-975b,inkling-UD-IQ1_S-00003-of-00007.gguf,blk.23.attn_output.weight,8192x6144,Q5_K,34603008,attention and recurrent state weights,GPU configured,0,34603008
inkling-975b,inkling-UD-IQ1_S-00003-of-00007.gguf,blk.23.attn_q.weight,6144x8192,Q5_K,34603008,attention and recurrent state weights,GPU configured,0,34603008
inkling-975b,inkling-UD-IQ1_S-00003-of-00007.gguf,blk.23.attn_q_norm.weight,128,F32,512,attention and recurrent state weights,GPU configured,0,512
inkling-975b,inkling-UD-IQ1_S-00003-of-00007.gguf,blk.23.attn_r.weight,6144x1024,Q8_0,6684672,attention and recurrent state weights,GPU configured,0,6684672
inkling-975b,inkling-UD-IQ1_S-00003-of-00007.gguf,blk.23.attn_rel_proj.weight,1024x16,F32,65536,attention and recurrent state weights,GPU configured,0,65536
inkling-975b,inkling-UD-IQ1_S-00003-of-00007.gguf,blk.23.attn_v.weight,6144x1024,Q5_K,4325376,attention and recurrent state weights,GPU configured,0,4325376
inkling-975b,inkling-UD-IQ1_S-00003-of-00007.gguf,blk.23.exp_probs_b.bias,256,F32,1024,"routing, norms and other weights",GPU configured,0,1024
inkling-975b,inkling-UD-IQ1_S-00003-of-00007.gguf,blk.23.ffn_down_exps.weight,3072x6144x256,IQ3_XXS,1849688064,routed experts,system RAM,43352064,43352064
inkling-975b,inkling-UD-IQ1_S-00003-of-00007.gguf,blk.23.ffn_down_shexp.weight,3072x6144x2,Q6_K,30965760,shared experts and shared gate,GPU configured,0,30965760
inkling-975b,inkling-UD-IQ1_S-00003-of-00007.gguf,blk.23.ffn_gate_exps.weight,6144x3072x256,IQ1_S,943718400,routed experts,system RAM,22118400,22118400
inkling-975b,inkling-UD-IQ1_S-00003-of-00007.gguf,blk.23.ffn_gate_inp.weight,6144x258,F32,6340608,"routing, norms and other weights",GPU configured,0,6340608
inkling-975b,inkling-UD-IQ1_S-00003-of-00007.gguf,blk.23.ffn_gate_shexp.weight,6144x3072x2,Q5_K,25952256,shared experts and shared gate,GPU configured,0,25952256
inkling-975b,inkling-UD-IQ1_S-00003-of-00007.gguf,blk.23.ffn_gscale.weight,1,F32,4,"routing, norms and other weights",GPU configured,0,4
inkling-975b,inkling-UD-IQ1_S-00003-of-00007.gguf,blk.23.ffn_norm.weight,6144,F32,24576,"routing, norms and other weights",GPU configured,0,24576
inkling-975b,inkling-UD-IQ1_S-00003-of-00007.gguf,blk.23.ffn_up_exps.weight,6144x3072x256,IQ1_S,943718400,routed experts,system RAM,22118400,22118400
inkling-975b,inkling-UD-IQ1_S-00003-of-00007.gguf,blk.23.ffn_up_shexp.weight,6144x3072x2,Q5_K,25952256,shared experts and shared gate,GPU configured,0,25952256
inkling-975b,inkling-UD-IQ1_S-00003-of-00007.gguf,blk.23.shortconv_attn.weight,4x6144,F32,98304,attention and recurrent state weights,GPU configured,0,98304
inkling-975b,inkling-UD-IQ1_S-00003-of-00007.gguf,blk.23.shortconv_k.weight,4x1024,F32,16384,attention and recurrent state weights,GPU configured,0,16384
inkling-975b,inkling-UD-IQ1_S-00003-of-00007.gguf,blk.23.shortconv_mlp.weight,4x6144,F32,98304,attention and recurrent state weights,GPU configured,0,98304
inkling-975b,inkling-UD-IQ1_S-00003-of-00007.gguf,blk.23.shortconv_v.weight,4x1024,F32,16384,attention and recurrent state weights,GPU configured,0,16384
inkling-975b,inkling-UD-IQ1_S-00003-of-00007.gguf,blk.24.attn_k.weight,6144x2048,Q5_K,8650752,attention and recurrent state weights,GPU configured,0,8650752
inkling-975b,inkling-UD-IQ1_S-00003-of-00007.gguf,blk.24.attn_k_norm.weight,128,F32,512,attention and recurrent state weights,GPU configured,0,512
inkling-975b,inkling-UD-IQ1_S-00003-of-00007.gguf,blk.24.attn_norm.weight,6144,F32,24576,attention and recurrent state weights,GPU configured,0,24576
inkling-975b,inkling-UD-IQ1_S-00003-of-00007.gguf,blk.24.attn_output.weight,8192x6144,Q5_K,34603008,attention and recurrent state weights,GPU configured,0,34603008
inkling-975b,inkling-UD-IQ1_S-00003-of-00007.gguf,blk.24.attn_q.weight,6144x8192,Q5_K,34603008,attention and recurrent state weights,GPU configured,0,34603008
inkling-975b,inkling-UD-IQ1_S-00003-of-00007.gguf,blk.24.attn_q_norm.weight,128,F32,512,attention and recurrent state weights,GPU configured,0,512
inkling-975b,inkling-UD-IQ1_S-00003-of-00007.gguf,blk.24.attn_r.weight,6144x1024,Q8_0,6684672,attention and recurrent state weights,GPU configured,0,6684672
inkling-975b,inkling-UD-IQ1_S-00003-of-00007.gguf,blk.24.attn_rel_proj.weight,512x16,F32,32768,attention and recurrent state weights,GPU configured,0,32768
inkling-975b,inkling-UD-IQ1_S-00003-of-00007.gguf,blk.24.attn_v.weight,6144x2048,Q5_K,8650752,attention and recurrent state weights,GPU configured,0,8650752
inkling-975b,inkling-UD-IQ1_S-00003-of-00007.gguf,blk.24.exp_probs_b.bias,256,F32,1024,"routing, norms and other weights",GPU configured,0,1024
inkling-975b,inkling-UD-IQ1_S-00003-of-00007.gguf,blk.24.ffn_down_exps.weight,3072x6144x256,IQ3_XXS,1849688064,routed experts,system RAM,43352064,43352064
inkling-975b,inkling-UD-IQ1_S-00003-of-00007.gguf,blk.24.ffn_down_shexp.weight,3072x6144x2,Q6_K,30965760,shared experts and shared gate,GPU configured,0,30965760
inkling-975b,inkling-UD-IQ1_S-00003-of-00007.gguf,blk.24.ffn_gate_exps.weight,6144x3072x256,IQ1_S,943718400,routed experts,system RAM,22118400,22118400
inkling-975b,inkling-UD-IQ1_S-00003-of-00007.gguf,blk.24.ffn_gate_inp.weight,6144x258,F32,6340608,"routing, norms and other weights",GPU configured,0,6340608
inkling-975b,inkling-UD-IQ1_S-00003-of-00007.gguf,blk.24.ffn_gate_shexp.weight,6144x3072x2,Q5_K,25952256,shared experts and shared gate,GPU configured,0,25952256
inkling-975b,inkling-UD-IQ1_S-00003-of-00007.gguf,blk.24.ffn_gscale.weight,1,F32,4,"routing, norms and other weights",GPU configured,0,4
inkling-975b,inkling-UD-IQ1_S-00003-of-00007.gguf,blk.24.ffn_norm.weight,6144,F32,24576,"routing, norms and other weights",GPU configured,0,24576
inkling-975b,inkling-UD-IQ1_S-00003-of-00007.gguf,blk.24.ffn_up_exps.weight,6144x3072x256,IQ1_S,943718400,routed experts,system RAM,22118400,22118400
inkling-975b,inkling-UD-IQ1_S-00003-of-00007.gguf,blk.24.ffn_up_shexp.weight,6144x3072x2,Q5_K,25952256,shared experts and shared gate,GPU configured,0,25952256
inkling-975b,inkling-UD-IQ1_S-00003-of-00007.gguf,blk.24.shortconv_attn.weight,4x6144,F32,98304,attention and recurrent state weights,GPU configured,0,98304
inkling-975b,inkling-UD-IQ1_S-00003-of-00007.gguf,blk.24.shortconv_k.weight,4x2048,F32,32768,attention and recurrent state weights,GPU configured,0,32768
inkling-975b,inkling-UD-IQ1_S-00003-of-00007.gguf,blk.24.shortconv_mlp.weight,4x6144,F32,98304,attention and recurrent state weights,GPU configured,0,98304
inkling-975b,inkling-UD-IQ1_S-00003-of-00007.gguf,blk.24.shortconv_v.weight,4x2048,F32,32768,attention and recurrent state weights,GPU configured,0,32768
inkling-975b,inkling-UD-IQ1_S-00003-of-00007.gguf,blk.25.attn_k.weight,6144x2048,Q5_K,8650752,attention and recurrent state weights,GPU configured,0,8650752
inkling-975b,inkling-UD-IQ1_S-00003-of-00007.gguf,blk.25.attn_k_norm.weight,128,F32,512,attention and recurrent state weights,GPU configured,0,512
inkling-975b,inkling-UD-IQ1_S-00003-of-00007.gguf,blk.25.attn_norm.weight,6144,F32,24576,attention and recurrent state weights,GPU configured,0,24576
inkling-975b,inkling-UD-IQ1_S-00003-of-00007.gguf,blk.25.attn_output.weight,8192x6144,Q5_K,34603008,attention and recurrent state weights,GPU configured,0,34603008
inkling-975b,inkling-UD-IQ1_S-00003-of-00007.gguf,blk.25.attn_q.weight,6144x8192,Q5_K,34603008,attention and recurrent state weights,GPU configured,0,34603008
inkling-975b,inkling-UD-IQ1_S-00003-of-00007.gguf,blk.25.attn_q_norm.weight,128,F32,512,attention and recurrent state weights,GPU configured,0,512
inkling-975b,inkling-UD-IQ1_S-00003-of-00007.gguf,blk.25.attn_r.weight,6144x1024,Q8_0,6684672,attention and recurrent state weights,GPU configured,0,6684672
inkling-975b,inkling-UD-IQ1_S-00003-of-00007.gguf,blk.25.attn_rel_proj.weight,512x16,F32,32768,attention and recurrent state weights,GPU configured,0,32768
inkling-975b,inkling-UD-IQ1_S-00003-of-00007.gguf,blk.25.attn_v.weight,6144x2048,Q5_K,8650752,attention and recurrent state weights,GPU configured,0,8650752
inkling-975b,inkling-UD-IQ1_S-00003-of-00007.gguf,blk.25.exp_probs_b.bias,256,F32,1024,"routing, norms and other weights",GPU configured,0,1024
inkling-975b,inkling-UD-IQ1_S-00003-of-00007.gguf,blk.25.ffn_down_exps.weight,3072x6144x256,IQ3_XXS,1849688064,routed experts,system RAM,43352064,43352064
inkling-975b,inkling-UD-IQ1_S-00003-of-00007.gguf,blk.25.ffn_down_shexp.weight,3072x6144x2,Q6_K,30965760,shared experts and shared gate,GPU configured,0,30965760
inkling-975b,inkling-UD-IQ1_S-00003-of-00007.gguf,blk.25.ffn_gate_exps.weight,6144x3072x256,IQ1_S,943718400,routed experts,system RAM,22118400,22118400
inkling-975b,inkling-UD-IQ1_S-00003-of-00007.gguf,blk.25.ffn_gate_inp.weight,6144x258,F32,6340608,"routing, norms and other weights",GPU configured,0,6340608
inkling-975b,inkling-UD-IQ1_S-00003-of-00007.gguf,blk.25.ffn_gate_shexp.weight,6144x3072x2,Q5_K,25952256,shared experts and shared gate,GPU configured,0,25952256
inkling-975b,inkling-UD-IQ1_S-00003-of-00007.gguf,blk.25.ffn_gscale.weight,1,F32,4,"routing, norms and other weights",GPU configured,0,4
inkling-975b,inkling-UD-IQ1_S-00003-of-00007.gguf,blk.25.ffn_norm.weight,6144,F32,24576,"routing, norms and other weights",GPU configured,0,24576
inkling-975b,inkling-UD-IQ1_S-00003-of-00007.gguf,blk.25.ffn_up_exps.weight,6144x3072x256,IQ1_S,943718400,routed experts,system RAM,22118400,22118400
inkling-975b,inkling-UD-IQ1_S-00003-of-00007.gguf,blk.25.ffn_up_shexp.weight,6144x3072x2,Q5_K,25952256,shared experts and shared gate,GPU configured,0,25952256
inkling-975b,inkling-UD-IQ1_S-00003-of-00007.gguf,blk.25.shortconv_attn.weight,4x6144,F32,98304,attention and recurrent state weights,GPU configured,0,98304
inkling-975b,inkling-UD-IQ1_S-00003-of-00007.gguf,blk.25.shortconv_k.weight,4x2048,F32,32768,attention and recurrent state weights,GPU configured,0,32768
inkling-975b,inkling-UD-IQ1_S-00003-of-00007.gguf,blk.25.shortconv_mlp.weight,4x6144,F32,98304,attention and recurrent state weights,GPU configured,0,98304
inkling-975b,inkling-UD-IQ1_S-00003-of-00007.gguf,blk.25.shortconv_v.weight,4x2048,F32,32768,attention and recurrent state weights,GPU configured,0,32768
inkling-975b,inkling-UD-IQ1_S-00003-of-00007.gguf,blk.26.attn_k.weight,6144x2048,Q5_K,8650752,attention and recurrent state weights,GPU configured,0,8650752
inkling-975b,inkling-UD-IQ1_S-00003-of-00007.gguf,blk.26.attn_k_norm.weight,128,F32,512,attention and recurrent state weights,GPU configured,0,512
inkling-975b,inkling-UD-IQ1_S-00003-of-00007.gguf,blk.26.attn_norm.weight,6144,F32,24576,attention and recurrent state weights,GPU configured,0,24576
inkling-975b,inkling-UD-IQ1_S-00003-of-00007.gguf,blk.26.attn_output.weight,8192x6144,Q5_K,34603008,attention and recurrent state weights,GPU configured,0,34603008
inkling-975b,inkling-UD-IQ1_S-00003-of-00007.gguf,blk.26.attn_q.weight,6144x8192,Q5_K,34603008,attention and recurrent state weights,GPU configured,0,34603008
inkling-975b,inkling-UD-IQ1_S-00003-of-00007.gguf,blk.26.attn_q_norm.weight,128,F32,512,attention and recurrent state weights,GPU configured,0,512
inkling-975b,inkling-UD-IQ1_S-00003-of-00007.gguf,blk.26.attn_r.weight,6144x1024,Q8_0,6684672,attention and recurrent state weights,GPU configured,0,6684672
inkling-975b,inkling-UD-IQ1_S-00003-of-00007.gguf,blk.26.attn_rel_proj.weight,512x16,F32,32768,attention and recurrent state weights,GPU configured,0,32768
inkling-975b,inkling-UD-IQ1_S-00003-of-00007.gguf,blk.26.attn_v.weight,6144x2048,Q5_K,8650752,attention and recurrent state weights,GPU configured,0,8650752
inkling-975b,inkling-UD-IQ1_S-00003-of-00007.gguf,blk.26.exp_probs_b.bias,256,F32,1024,"routing, norms and other weights",GPU configured,0,1024
inkling-975b,inkling-UD-IQ1_S-00003-of-00007.gguf,blk.26.ffn_down_exps.weight,3072x6144x256,IQ3_XXS,1849688064,routed experts,system RAM,43352064,43352064
inkling-975b,inkling-UD-IQ1_S-00003-of-00007.gguf,blk.26.ffn_down_shexp.weight,3072x6144x2,Q6_K,30965760,shared experts and shared gate,GPU configured,0,30965760
inkling-975b,inkling-UD-IQ1_S-00003-of-00007.gguf,blk.26.ffn_gate_exps.weight,6144x3072x256,IQ1_S,943718400,routed experts,system RAM,22118400,22118400
inkling-975b,inkling-UD-IQ1_S-00003-of-00007.gguf,blk.26.ffn_gate_inp.weight,6144x258,F32,6340608,"routing, norms and other weights",GPU configured,0,6340608
inkling-975b,inkling-UD-IQ1_S-00003-of-00007.gguf,blk.26.ffn_gate_shexp.weight,6144x3072x2,Q5_K,25952256,shared experts and shared gate,GPU configured,0,25952256
inkling-975b,inkling-UD-IQ1_S-00003-of-00007.gguf,blk.26.ffn_gscale.weight,1,F32,4,"routing, norms and other weights",GPU configured,0,4
inkling-975b,inkling-UD-IQ1_S-00003-of-00007.gguf,blk.26.ffn_norm.weight,6144,F32,24576,"routing, norms and other weights",GPU configured,0,24576
inkling-975b,inkling-UD-IQ1_S-00004-of-00007.gguf,blk.26.ffn_up_exps.weight,6144x3072x256,IQ1_S,943718400,routed experts,system RAM,22118400,22118400
inkling-975b,inkling-UD-IQ1_S-00004-of-00007.gguf,blk.26.ffn_up_shexp.weight,6144x3072x2,Q5_K,25952256,shared experts and shared gate,GPU configured,0,25952256
inkling-975b,inkling-UD-IQ1_S-00004-of-00007.gguf,blk.26.shortconv_attn.weight,4x6144,F32,98304,attention and recurrent state weights,GPU configured,0,98304
inkling-975b,inkling-UD-IQ1_S-00004-of-00007.gguf,blk.26.shortconv_k.weight,4x2048,F32,32768,attention and recurrent state weights,GPU configured,0,32768
inkling-975b,inkling-UD-IQ1_S-00004-of-00007.gguf,blk.26.shortconv_mlp.weight,4x6144,F32,98304,attention and recurrent state weights,GPU configured,0,98304
inkling-975b,inkling-UD-IQ1_S-00004-of-00007.gguf,blk.26.shortconv_v.weight,4x2048,F32,32768,attention and recurrent state weights,GPU configured,0,32768
inkling-975b,inkling-UD-IQ1_S-00004-of-00007.gguf,blk.27.attn_k.weight,6144x2048,Q5_K,8650752,attention and recurrent state weights,GPU configured,0,8650752
inkling-975b,inkling-UD-IQ1_S-00004-of-00007.gguf,blk.27.attn_k_norm.weight,128,F32,512,attention and recurrent state weights,GPU configured,0,512
inkling-975b,inkling-UD-IQ1_S-00004-of-00007.gguf,blk.27.attn_norm.weight,6144,F32,24576,attention and recurrent state weights,GPU configured,0,24576
inkling-975b,inkling-UD-IQ1_S-00004-of-00007.gguf,blk.27.attn_output.weight,8192x6144,Q5_K,34603008,attention and recurrent state weights,GPU configured,0,34603008
inkling-975b,inkling-UD-IQ1_S-00004-of-00007.gguf,blk.27.attn_q.weight,6144x8192,Q5_K,34603008,attention and recurrent state weights,GPU configured,0,34603008
inkling-975b,inkling-UD-IQ1_S-00004-of-00007.gguf,blk.27.attn_q_norm.weight,128,F32,512,attention and recurrent state weights,GPU configured,0,512
inkling-975b,inkling-UD-IQ1_S-00004-of-00007.gguf,blk.27.attn_r.weight,6144x1024,Q8_0,6684672,attention and recurrent state weights,GPU configured,0,6684672
inkling-975b,inkling-UD-IQ1_S-00004-of-00007.gguf,blk.27.attn_rel_proj.weight,512x16,F32,32768,attention and recurrent state weights,GPU configured,0,32768
inkling-975b,inkling-UD-IQ1_S-00004-of-00007.gguf,blk.27.attn_v.weight,6144x2048,Q5_K,8650752,attention and recurrent state weights,GPU configured,0,8650752
inkling-975b,inkling-UD-IQ1_S-00004-of-00007.gguf,blk.27.exp_probs_b.bias,256,F32,1024,"routing, norms and other weights",GPU configured,0,1024
inkling-975b,inkling-UD-IQ1_S-00004-of-00007.gguf,blk.27.ffn_down_exps.weight,3072x6144x256,IQ3_XXS,1849688064,routed experts,system RAM,43352064,43352064
inkling-975b,inkling-UD-IQ1_S-00004-of-00007.gguf,blk.27.ffn_down_shexp.weight,3072x6144x2,Q6_K,30965760,shared experts and shared gate,GPU configured,0,30965760
inkling-975b,inkling-UD-IQ1_S-00004-of-00007.gguf,blk.27.ffn_gate_exps.weight,6144x3072x256,IQ1_S,943718400,routed experts,system RAM,22118400,22118400
inkling-975b,inkling-UD-IQ1_S-00004-of-00007.gguf,blk.27.ffn_gate_inp.weight,6144x258,F32,6340608,"routing, norms and other weights",GPU configured,0,6340608
inkling-975b,inkling-UD-IQ1_S-00004-of-00007.gguf,blk.27.ffn_gate_shexp.weight,6144x3072x2,Q5_K,25952256,shared experts and shared gate,GPU configured,0,25952256
inkling-975b,inkling-UD-IQ1_S-00004-of-00007.gguf,blk.27.ffn_gscale.weight,1,F32,4,"routing, norms and other weights",GPU configured,0,4
inkling-975b,inkling-UD-IQ1_S-00004-of-00007.gguf,blk.27.ffn_norm.weight,6144,F32,24576,"routing, norms and other weights",GPU configured,0,24576
inkling-975b,inkling-UD-IQ1_S-00004-of-00007.gguf,blk.27.ffn_up_exps.weight,6144x3072x256,IQ1_S,943718400,routed experts,system RAM,22118400,22118400
inkling-975b,inkling-UD-IQ1_S-00004-of-00007.gguf,blk.27.ffn_up_shexp.weight,6144x3072x2,Q5_K,25952256,shared experts and shared gate,GPU configured,0,25952256
inkling-975b,inkling-UD-IQ1_S-00004-of-00007.gguf,blk.27.shortconv_attn.weight,4x6144,F32,98304,attention and recurrent state weights,GPU configured,0,98304
inkling-975b,inkling-UD-IQ1_S-00004-of-00007.gguf,blk.27.shortconv_k.weight,4x2048,F32,32768,attention and recurrent state weights,GPU configured,0,32768
inkling-975b,inkling-UD-IQ1_S-00004-of-00007.gguf,blk.27.shortconv_mlp.weight,4x6144,F32,98304,attention and recurrent state weights,GPU configured,0,98304
inkling-975b,inkling-UD-IQ1_S-00004-of-00007.gguf,blk.27.shortconv_v.weight,4x2048,F32,32768,attention and recurrent state weights,GPU configured,0,32768
inkling-975b,inkling-UD-IQ1_S-00004-of-00007.gguf,blk.28.attn_k.weight,6144x2048,Q5_K,8650752,attention and recurrent state weights,GPU configured,0,8650752
inkling-975b,inkling-UD-IQ1_S-00004-of-00007.gguf,blk.28.attn_k_norm.weight,128,F32,512,attention and recurrent state weights,GPU configured,0,512
inkling-975b,inkling-UD-IQ1_S-00004-of-00007.gguf,blk.28.attn_norm.weight,6144,F32,24576,attention and recurrent state weights,GPU configured,0,24576
inkling-975b,inkling-UD-IQ1_S-00004-of-00007.gguf,blk.28.attn_output.weight,8192x6144,Q5_K,34603008,attention and recurrent state weights,GPU configured,0,34603008
inkling-975b,inkling-UD-IQ1_S-00004-of-00007.gguf,blk.28.attn_q.weight,6144x8192,Q5_K,34603008,attention and recurrent state weights,GPU configured,0,34603008
inkling-975b,inkling-UD-IQ1_S-00004-of-00007.gguf,blk.28.attn_q_norm.weight,128,F32,512,attention and recurrent state weights,GPU configured,0,512
inkling-975b,inkling-UD-IQ1_S-00004-of-00007.gguf,blk.28.attn_r.weight,6144x1024,Q8_0,6684672,attention and recurrent state weights,GPU configured,0,6684672
inkling-975b,inkling-UD-IQ1_S-00004-of-00007.gguf,blk.28.attn_rel_proj.weight,512x16,F32,32768,attention and recurrent state weights,GPU configured,0,32768
inkling-975b,inkling-UD-IQ1_S-00004-of-00007.gguf,blk.28.attn_v.weight,6144x2048,Q5_K,8650752,attention and recurrent state weights,GPU configured,0,8650752
inkling-975b,inkling-UD-IQ1_S-00004-of-00007.gguf,blk.28.exp_probs_b.bias,256,F32,1024,"routing, norms and other weights",GPU configured,0,1024
inkling-975b,inkling-UD-IQ1_S-00004-of-00007.gguf,blk.28.ffn_down_exps.weight,3072x6144x256,IQ3_XXS,1849688064,routed experts,system RAM,43352064,43352064
inkling-975b,inkling-UD-IQ1_S-00004-of-00007.gguf,blk.28.ffn_down_shexp.weight,3072x6144x2,Q6_K,30965760,shared experts and shared gate,GPU configured,0,30965760
inkling-975b,inkling-UD-IQ1_S-00004-of-00007.gguf,blk.28.ffn_gate_exps.weight,6144x3072x256,IQ1_S,943718400,routed experts,system RAM,22118400,22118400
inkling-975b,inkling-UD-IQ1_S-00004-of-00007.gguf,blk.28.ffn_gate_inp.weight,6144x258,F32,6340608,"routing, norms and other weights",GPU configured,0,6340608
inkling-975b,inkling-UD-IQ1_S-00004-of-00007.gguf,blk.28.ffn_gate_shexp.weight,6144x3072x2,Q5_K,25952256,shared experts and shared gate,GPU configured,0,25952256
inkling-975b,inkling-UD-IQ1_S-00004-of-00007.gguf,blk.28.ffn_gscale.weight,1,F32,4,"routing, norms and other weights",GPU configured,0,4
inkling-975b,inkling-UD-IQ1_S-00004-of-00007.gguf,blk.28.ffn_norm.weight,6144,F32,24576,"routing, norms and other weights",GPU configured,0,24576
inkling-975b,inkling-UD-IQ1_S-00004-of-00007.gguf,blk.28.ffn_up_exps.weight,6144x3072x256,IQ1_S,943718400,routed experts,system RAM,22118400,22118400
inkling-975b,inkling-UD-IQ1_S-00004-of-00007.gguf,blk.28.ffn_up_shexp.weight,6144x3072x2,Q5_K,25952256,shared experts and shared gate,GPU configured,0,25952256
inkling-975b,inkling-UD-IQ1_S-00004-of-00007.gguf,blk.28.shortconv_attn.weight,4x6144,F32,98304,attention and recurrent state weights,GPU configured,0,98304
inkling-975b,inkling-UD-IQ1_S-00004-of-00007.gguf,blk.28.shortconv_k.weight,4x2048,F32,32768,attention and recurrent state weights,GPU configured,0,32768
inkling-975b,inkling-UD-IQ1_S-00004-of-00007.gguf,blk.28.shortconv_mlp.weight,4x6144,F32,98304,attention and recurrent state weights,GPU configured,0,98304
inkling-975b,inkling-UD-IQ1_S-00004-of-00007.gguf,blk.28.shortconv_v.weight,4x2048,F32,32768,attention and recurrent state weights,GPU configured,0,32768
inkling-975b,inkling-UD-IQ1_S-00004-of-00007.gguf,blk.29.attn_k.weight,6144x1024,Q5_K,4325376,attention and recurrent state weights,GPU configured,0,4325376
inkling-975b,inkling-UD-IQ1_S-00004-of-00007.gguf,blk.29.attn_k_norm.weight,128,F32,512,attention and recurrent state weights,GPU configured,0,512
inkling-975b,inkling-UD-IQ1_S-00004-of-00007.gguf,blk.29.attn_norm.weight,6144,F32,24576,attention and recurrent state weights,GPU configured,0,24576
inkling-975b,inkling-UD-IQ1_S-00004-of-00007.gguf,blk.29.attn_output.weight,8192x6144,Q5_K,34603008,attention and recurrent state weights,GPU configured,0,34603008
inkling-975b,inkling-UD-IQ1_S-00004-of-00007.gguf,blk.29.attn_q.weight,6144x8192,Q5_K,34603008,attention and recurrent state weights,GPU configured,0,34603008
inkling-975b,inkling-UD-IQ1_S-00004-of-00007.gguf,blk.29.attn_q_norm.weight,128,F32,512,attention and recurrent state weights,GPU configured,0,512
inkling-975b,inkling-UD-IQ1_S-00004-of-00007.gguf,blk.29.attn_r.weight,6144x1024,Q8_0,6684672,attention and recurrent state weights,GPU configured,0,6684672
inkling-975b,inkling-UD-IQ1_S-00004-of-00007.gguf,blk.29.attn_rel_proj.weight,1024x16,F32,65536,attention and recurrent state weights,GPU configured,0,65536
inkling-975b,inkling-UD-IQ1_S-00004-of-00007.gguf,blk.29.attn_v.weight,6144x1024,Q5_K,4325376,attention and recurrent state weights,GPU configured,0,4325376
inkling-975b,inkling-UD-IQ1_S-00004-of-00007.gguf,blk.29.exp_probs_b.bias,256,F32,1024,"routing, norms and other weights",GPU configured,0,1024
inkling-975b,inkling-UD-IQ1_S-00004-of-00007.gguf,blk.29.ffn_down_exps.weight,3072x6144x256,IQ3_XXS,1849688064,routed experts,system RAM,43352064,43352064
inkling-975b,inkling-UD-IQ1_S-00004-of-00007.gguf,blk.29.ffn_down_shexp.weight,3072x6144x2,Q6_K,30965760,shared experts and shared gate,GPU configured,0,30965760
inkling-975b,inkling-UD-IQ1_S-00004-of-00007.gguf,blk.29.ffn_gate_exps.weight,6144x3072x256,IQ2_XXS,1245708288,routed experts,system RAM,29196288,29196288
inkling-975b,inkling-UD-IQ1_S-00004-of-00007.gguf,blk.29.ffn_gate_inp.weight,6144x258,F32,6340608,"routing, norms and other weights",GPU configured,0,6340608
inkling-975b,inkling-UD-IQ1_S-00004-of-00007.gguf,blk.29.ffn_gate_shexp.weight,6144x3072x2,Q5_K,25952256,shared experts and shared gate,GPU configured,0,25952256
inkling-975b,inkling-UD-IQ1_S-00004-of-00007.gguf,blk.29.ffn_gscale.weight,1,F32,4,"routing, norms and other weights",GPU configured,0,4
inkling-975b,inkling-UD-IQ1_S-00004-of-00007.gguf,blk.29.ffn_norm.weight,6144,F32,24576,"routing, norms and other weights",GPU configured,0,24576
inkling-975b,inkling-UD-IQ1_S-00004-of-00007.gguf,blk.29.ffn_up_exps.weight,6144x3072x256,IQ2_XXS,1245708288,routed experts,system RAM,29196288,29196288
inkling-975b,inkling-UD-IQ1_S-00004-of-00007.gguf,blk.29.ffn_up_shexp.weight,6144x3072x2,Q5_K,25952256,shared experts and shared gate,GPU configured,0,25952256
inkling-975b,inkling-UD-IQ1_S-00004-of-00007.gguf,blk.29.shortconv_attn.weight,4x6144,F32,98304,attention and recurrent state weights,GPU configured,0,98304
inkling-975b,inkling-UD-IQ1_S-00004-of-00007.gguf,blk.29.shortconv_k.weight,4x1024,F32,16384,attention and recurrent state weights,GPU configured,0,16384
inkling-975b,inkling-UD-IQ1_S-00004-of-00007.gguf,blk.29.shortconv_mlp.weight,4x6144,F32,98304,attention and recurrent state weights,GPU configured,0,98304
inkling-975b,inkling-UD-IQ1_S-00004-of-00007.gguf,blk.29.shortconv_v.weight,4x1024,F32,16384,attention and recurrent state weights,GPU configured,0,16384
inkling-975b,inkling-UD-IQ1_S-00004-of-00007.gguf,blk.30.attn_k.weight,6144x2048,Q5_K,8650752,attention and recurrent state weights,GPU configured,0,8650752
inkling-975b,inkling-UD-IQ1_S-00004-of-00007.gguf,blk.30.attn_k_norm.weight,128,F32,512,attention and recurrent state weights,GPU configured,0,512
inkling-975b,inkling-UD-IQ1_S-00004-of-00007.gguf,blk.30.attn_norm.weight,6144,F32,24576,attention and recurrent state weights,GPU configured,0,24576
inkling-975b,inkling-UD-IQ1_S-00004-of-00007.gguf,blk.30.attn_output.weight,8192x6144,Q5_K,34603008,attention and recurrent state weights,GPU configured,0,34603008
inkling-975b,inkling-UD-IQ1_S-00004-of-00007.gguf,blk.30.attn_q.weight,6144x8192,Q5_K,34603008,attention and recurrent state weights,GPU configured,0,34603008
inkling-975b,inkling-UD-IQ1_S-00004-of-00007.gguf,blk.30.attn_q_norm.weight,128,F32,512,attention and recurrent state weights,GPU configured,0,512
inkling-975b,inkling-UD-IQ1_S-00004-of-00007.gguf,blk.30.attn_r.weight,6144x1024,Q8_0,6684672,attention and recurrent state weights,GPU configured,0,6684672
inkling-975b,inkling-UD-IQ1_S-00004-of-00007.gguf,blk.30.attn_rel_proj.weight,512x16,F32,32768,attention and recurrent state weights,GPU configured,0,32768
inkling-975b,inkling-UD-IQ1_S-00004-of-00007.gguf,blk.30.attn_v.weight,6144x2048,Q5_K,8650752,attention and recurrent state weights,GPU configured,0,8650752
inkling-975b,inkling-UD-IQ1_S-00004-of-00007.gguf,blk.30.exp_probs_b.bias,256,F32,1024,"routing, norms and other weights",GPU configured,0,1024
inkling-975b,inkling-UD-IQ1_S-00004-of-00007.gguf,blk.30.ffn_down_exps.weight,3072x6144x256,IQ3_XXS,1849688064,routed experts,system RAM,43352064,43352064
inkling-975b,inkling-UD-IQ1_S-00004-of-00007.gguf,blk.30.ffn_down_shexp.weight,3072x6144x2,Q6_K,30965760,shared experts and shared gate,GPU configured,0,30965760
inkling-975b,inkling-UD-IQ1_S-00004-of-00007.gguf,blk.30.ffn_gate_exps.weight,6144x3072x256,IQ1_S,943718400,routed experts,system RAM,22118400,22118400
inkling-975b,inkling-UD-IQ1_S-00004-of-00007.gguf,blk.30.ffn_gate_inp.weight,6144x258,F32,6340608,"routing, norms and other weights",GPU configured,0,6340608
inkling-975b,inkling-UD-IQ1_S-00004-of-00007.gguf,blk.30.ffn_gate_shexp.weight,6144x3072x2,Q5_K,25952256,shared experts and shared gate,GPU configured,0,25952256
inkling-975b,inkling-UD-IQ1_S-00004-of-00007.gguf,blk.30.ffn_gscale.weight,1,F32,4,"routing, norms and other weights",GPU configured,0,4
inkling-975b,inkling-UD-IQ1_S-00004-of-00007.gguf,blk.30.ffn_norm.weight,6144,F32,24576,"routing, norms and other weights",GPU configured,0,24576
inkling-975b,inkling-UD-IQ1_S-00004-of-00007.gguf,blk.30.ffn_up_exps.weight,6144x3072x256,IQ1_S,943718400,routed experts,system RAM,22118400,22118400
inkling-975b,inkling-UD-IQ1_S-00004-of-00007.gguf,blk.30.ffn_up_shexp.weight,6144x3072x2,Q5_K,25952256,shared experts and shared gate,GPU configured,0,25952256
inkling-975b,inkling-UD-IQ1_S-00004-of-00007.gguf,blk.30.shortconv_attn.weight,4x6144,F32,98304,attention and recurrent state weights,GPU configured,0,98304
inkling-975b,inkling-UD-IQ1_S-00004-of-00007.gguf,blk.30.shortconv_k.weight,4x2048,F32,32768,attention and recurrent state weights,GPU configured,0,32768
inkling-975b,inkling-UD-IQ1_S-00004-of-00007.gguf,blk.30.shortconv_mlp.weight,4x6144,F32,98304,attention and recurrent state weights,GPU configured,0,98304
inkling-975b,inkling-UD-IQ1_S-00004-of-00007.gguf,blk.30.shortconv_v.weight,4x2048,F32,32768,attention and recurrent state weights,GPU configured,0,32768
inkling-975b,inkling-UD-IQ1_S-00004-of-00007.gguf,blk.31.attn_k.weight,6144x2048,Q5_K,8650752,attention and recurrent state weights,GPU configured,0,8650752
inkling-975b,inkling-UD-IQ1_S-00004-of-00007.gguf,blk.31.attn_k_norm.weight,128,F32,512,attention and recurrent state weights,GPU configured,0,512
inkling-975b,inkling-UD-IQ1_S-00004-of-00007.gguf,blk.31.attn_norm.weight,6144,F32,24576,attention and recurrent state weights,GPU configured,0,24576
inkling-975b,inkling-UD-IQ1_S-00004-of-00007.gguf,blk.31.attn_output.weight,8192x6144,Q5_K,34603008,attention and recurrent state weights,GPU configured,0,34603008
inkling-975b,inkling-UD-IQ1_S-00004-of-00007.gguf,blk.31.attn_q.weight,6144x8192,Q5_K,34603008,attention and recurrent state weights,GPU configured,0,34603008
inkling-975b,inkling-UD-IQ1_S-00004-of-00007.gguf,blk.31.attn_q_norm.weight,128,F32,512,attention and recurrent state weights,GPU configured,0,512
inkling-975b,inkling-UD-IQ1_S-00004-of-00007.gguf,blk.31.attn_r.weight,6144x1024,Q8_0,6684672,attention and recurrent state weights,GPU configured,0,6684672
inkling-975b,inkling-UD-IQ1_S-00004-of-00007.gguf,blk.31.attn_rel_proj.weight,512x16,F32,32768,attention and recurrent state weights,GPU configured,0,32768
inkling-975b,inkling-UD-IQ1_S-00004-of-00007.gguf,blk.31.attn_v.weight,6144x2048,Q5_K,8650752,attention and recurrent state weights,GPU configured,0,8650752
inkling-975b,inkling-UD-IQ1_S-00004-of-00007.gguf,blk.31.exp_probs_b.bias,256,F32,1024,"routing, norms and other weights",GPU configured,0,1024
inkling-975b,inkling-UD-IQ1_S-00004-of-00007.gguf,blk.31.ffn_down_exps.weight,3072x6144x256,IQ3_XXS,1849688064,routed experts,system RAM,43352064,43352064
inkling-975b,inkling-UD-IQ1_S-00004-of-00007.gguf,blk.31.ffn_down_shexp.weight,3072x6144x2,Q6_K,30965760,shared experts and shared gate,GPU configured,0,30965760
inkling-975b,inkling-UD-IQ1_S-00004-of-00007.gguf,blk.31.ffn_gate_exps.weight,6144x3072x256,IQ1_S,943718400,routed experts,system RAM,22118400,22118400
inkling-975b,inkling-UD-IQ1_S-00004-of-00007.gguf,blk.31.ffn_gate_inp.weight,6144x258,F32,6340608,"routing, norms and other weights",GPU configured,0,6340608
inkling-975b,inkling-UD-IQ1_S-00004-of-00007.gguf,blk.31.ffn_gate_shexp.weight,6144x3072x2,Q5_K,25952256,shared experts and shared gate,GPU configured,0,25952256
inkling-975b,inkling-UD-IQ1_S-00004-of-00007.gguf,blk.31.ffn_gscale.weight,1,F32,4,"routing, norms and other weights",GPU configured,0,4
inkling-975b,inkling-UD-IQ1_S-00004-of-00007.gguf,blk.31.ffn_norm.weight,6144,F32,24576,"routing, norms and other weights",GPU configured,0,24576
inkling-975b,inkling-UD-IQ1_S-00004-of-00007.gguf,blk.31.ffn_up_exps.weight,6144x3072x256,IQ1_S,943718400,routed experts,system RAM,22118400,22118400
inkling-975b,inkling-UD-IQ1_S-00004-of-00007.gguf,blk.31.ffn_up_shexp.weight,6144x3072x2,Q5_K,25952256,shared experts and shared gate,GPU configured,0,25952256
inkling-975b,inkling-UD-IQ1_S-00004-of-00007.gguf,blk.31.shortconv_attn.weight,4x6144,F32,98304,attention and recurrent state weights,GPU configured,0,98304
inkling-975b,inkling-UD-IQ1_S-00004-of-00007.gguf,blk.31.shortconv_k.weight,4x2048,F32,32768,attention and recurrent state weights,GPU configured,0,32768
inkling-975b,inkling-UD-IQ1_S-00004-of-00007.gguf,blk.31.shortconv_mlp.weight,4x6144,F32,98304,attention and recurrent state weights,GPU configured,0,98304
inkling-975b,inkling-UD-IQ1_S-00004-of-00007.gguf,blk.31.shortconv_v.weight,4x2048,F32,32768,attention and recurrent state weights,GPU configured,0,32768
inkling-975b,inkling-UD-IQ1_S-00004-of-00007.gguf,blk.32.attn_k.weight,6144x2048,Q5_K,8650752,attention and recurrent state weights,GPU configured,0,8650752
inkling-975b,inkling-UD-IQ1_S-00004-of-00007.gguf,blk.32.attn_k_norm.weight,128,F32,512,attention and recurrent state weights,GPU configured,0,512
inkling-975b,inkling-UD-IQ1_S-00004-of-00007.gguf,blk.32.attn_norm.weight,6144,F32,24576,attention and recurrent state weights,GPU configured,0,24576
inkling-975b,inkling-UD-IQ1_S-00004-of-00007.gguf,blk.32.attn_output.weight,8192x6144,Q5_K,34603008,attention and recurrent state weights,GPU configured,0,34603008
inkling-975b,inkling-UD-IQ1_S-00004-of-00007.gguf,blk.32.attn_q.weight,6144x8192,Q5_K,34603008,attention and recurrent state weights,GPU configured,0,34603008
inkling-975b,inkling-UD-IQ1_S-00004-of-00007.gguf,blk.32.attn_q_norm.weight,128,F32,512,attention and recurrent state weights,GPU configured,0,512
inkling-975b,inkling-UD-IQ1_S-00004-of-00007.gguf,blk.32.attn_r.weight,6144x1024,Q8_0,6684672,attention and recurrent state weights,GPU configured,0,6684672
inkling-975b,inkling-UD-IQ1_S-00004-of-00007.gguf,blk.32.attn_rel_proj.weight,512x16,F32,32768,attention and recurrent state weights,GPU configured,0,32768
inkling-975b,inkling-UD-IQ1_S-00004-of-00007.gguf,blk.32.attn_v.weight,6144x2048,Q5_K,8650752,attention and recurrent state weights,GPU configured,0,8650752
inkling-975b,inkling-UD-IQ1_S-00004-of-00007.gguf,blk.32.exp_probs_b.bias,256,F32,1024,"routing, norms and other weights",GPU configured,0,1024
inkling-975b,inkling-UD-IQ1_S-00004-of-00007.gguf,blk.32.ffn_down_exps.weight,3072x6144x256,IQ3_XXS,1849688064,routed experts,system RAM,43352064,43352064
inkling-975b,inkling-UD-IQ1_S-00004-of-00007.gguf,blk.32.ffn_down_shexp.weight,3072x6144x2,Q6_K,30965760,shared experts and shared gate,GPU configured,0,30965760
inkling-975b,inkling-UD-IQ1_S-00004-of-00007.gguf,blk.32.ffn_gate_exps.weight,6144x3072x256,IQ1_S,943718400,routed experts,system RAM,22118400,22118400
inkling-975b,inkling-UD-IQ1_S-00004-of-00007.gguf,blk.32.ffn_gate_inp.weight,6144x258,F32,6340608,"routing, norms and other weights",GPU configured,0,6340608
inkling-975b,inkling-UD-IQ1_S-00004-of-00007.gguf,blk.32.ffn_gate_shexp.weight,6144x3072x2,Q5_K,25952256,shared experts and shared gate,GPU configured,0,25952256
inkling-975b,inkling-UD-IQ1_S-00004-of-00007.gguf,blk.32.ffn_gscale.weight,1,F32,4,"routing, norms and other weights",GPU configured,0,4
inkling-975b,inkling-UD-IQ1_S-00004-of-00007.gguf,blk.32.ffn_norm.weight,6144,F32,24576,"routing, norms and other weights",GPU configured,0,24576
inkling-975b,inkling-UD-IQ1_S-00004-of-00007.gguf,blk.32.ffn_up_exps.weight,6144x3072x256,IQ1_S,943718400,routed experts,system RAM,22118400,22118400
inkling-975b,inkling-UD-IQ1_S-00004-of-00007.gguf,blk.32.ffn_up_shexp.weight,6144x3072x2,Q5_K,25952256,shared experts and shared gate,GPU configured,0,25952256
inkling-975b,inkling-UD-IQ1_S-00004-of-00007.gguf,blk.32.shortconv_attn.weight,4x6144,F32,98304,attention and recurrent state weights,GPU configured,0,98304
inkling-975b,inkling-UD-IQ1_S-00004-of-00007.gguf,blk.32.shortconv_k.weight,4x2048,F32,32768,attention and recurrent state weights,GPU configured,0,32768
inkling-975b,inkling-UD-IQ1_S-00004-of-00007.gguf,blk.32.shortconv_mlp.weight,4x6144,F32,98304,attention and recurrent state weights,GPU configured,0,98304
inkling-975b,inkling-UD-IQ1_S-00004-of-00007.gguf,blk.32.shortconv_v.weight,4x2048,F32,32768,attention and recurrent state weights,GPU configured,0,32768
inkling-975b,inkling-UD-IQ1_S-00004-of-00007.gguf,blk.33.attn_k.weight,6144x2048,Q5_K,8650752,attention and recurrent state weights,GPU configured,0,8650752
inkling-975b,inkling-UD-IQ1_S-00004-of-00007.gguf,blk.33.attn_k_norm.weight,128,F32,512,attention and recurrent state weights,GPU configured,0,512
inkling-975b,inkling-UD-IQ1_S-00004-of-00007.gguf,blk.33.attn_norm.weight,6144,F32,24576,attention and recurrent state weights,GPU configured,0,24576
inkling-975b,inkling-UD-IQ1_S-00004-of-00007.gguf,blk.33.attn_output.weight,8192x6144,Q5_K,34603008,attention and recurrent state weights,GPU configured,0,34603008
inkling-975b,inkling-UD-IQ1_S-00004-of-00007.gguf,blk.33.attn_q.weight,6144x8192,Q5_K,34603008,attention and recurrent state weights,GPU configured,0,34603008
inkling-975b,inkling-UD-IQ1_S-00004-of-00007.gguf,blk.33.attn_q_norm.weight,128,F32,512,attention and recurrent state weights,GPU configured,0,512
inkling-975b,inkling-UD-IQ1_S-00004-of-00007.gguf,blk.33.attn_r.weight,6144x1024,Q8_0,6684672,attention and recurrent state weights,GPU configured,0,6684672
inkling-975b,inkling-UD-IQ1_S-00004-of-00007.gguf,blk.33.attn_rel_proj.weight,512x16,F32,32768,attention and recurrent state weights,GPU configured,0,32768
inkling-975b,inkling-UD-IQ1_S-00004-of-00007.gguf,blk.33.attn_v.weight,6144x2048,Q5_K,8650752,attention and recurrent state weights,GPU configured,0,8650752
inkling-975b,inkling-UD-IQ1_S-00004-of-00007.gguf,blk.33.exp_probs_b.bias,256,F32,1024,"routing, norms and other weights",GPU configured,0,1024
inkling-975b,inkling-UD-IQ1_S-00004-of-00007.gguf,blk.33.ffn_down_exps.weight,3072x6144x256,IQ3_XXS,1849688064,routed experts,system RAM,43352064,43352064
inkling-975b,inkling-UD-IQ1_S-00004-of-00007.gguf,blk.33.ffn_down_shexp.weight,3072x6144x2,Q6_K,30965760,shared experts and shared gate,GPU configured,0,30965760
inkling-975b,inkling-UD-IQ1_S-00004-of-00007.gguf,blk.33.ffn_gate_exps.weight,6144x3072x256,IQ1_S,943718400,routed experts,system RAM,22118400,22118400
inkling-975b,inkling-UD-IQ1_S-00004-of-00007.gguf,blk.33.ffn_gate_inp.weight,6144x258,F32,6340608,"routing, norms and other weights",GPU configured,0,6340608
inkling-975b,inkling-UD-IQ1_S-00004-of-00007.gguf,blk.33.ffn_gate_shexp.weight,6144x3072x2,Q5_K,25952256,shared experts and shared gate,GPU configured,0,25952256
inkling-975b,inkling-UD-IQ1_S-00004-of-00007.gguf,blk.33.ffn_gscale.weight,1,F32,4,"routing, norms and other weights",GPU configured,0,4
inkling-975b,inkling-UD-IQ1_S-00004-of-00007.gguf,blk.33.ffn_norm.weight,6144,F32,24576,"routing, norms and other weights",GPU configured,0,24576
inkling-975b,inkling-UD-IQ1_S-00004-of-00007.gguf,blk.33.ffn_up_exps.weight,6144x3072x256,IQ1_S,943718400,routed experts,system RAM,22118400,22118400
inkling-975b,inkling-UD-IQ1_S-00004-of-00007.gguf,blk.33.ffn_up_shexp.weight,6144x3072x2,Q5_K,25952256,shared experts and shared gate,GPU configured,0,25952256
inkling-975b,inkling-UD-IQ1_S-00004-of-00007.gguf,blk.33.shortconv_attn.weight,4x6144,F32,98304,attention and recurrent state weights,GPU configured,0,98304
inkling-975b,inkling-UD-IQ1_S-00004-of-00007.gguf,blk.33.shortconv_k.weight,4x2048,F32,32768,attention and recurrent state weights,GPU configured,0,32768
inkling-975b,inkling-UD-IQ1_S-00004-of-00007.gguf,blk.33.shortconv_mlp.weight,4x6144,F32,98304,attention and recurrent state weights,GPU configured,0,98304
inkling-975b,inkling-UD-IQ1_S-00004-of-00007.gguf,blk.33.shortconv_v.weight,4x2048,F32,32768,attention and recurrent state weights,GPU configured,0,32768
inkling-975b,inkling-UD-IQ1_S-00004-of-00007.gguf,blk.34.attn_k.weight,6144x2048,Q5_K,8650752,attention and recurrent state weights,GPU configured,0,8650752
inkling-975b,inkling-UD-IQ1_S-00004-of-00007.gguf,blk.34.attn_k_norm.weight,128,F32,512,attention and recurrent state weights,GPU configured,0,512
inkling-975b,inkling-UD-IQ1_S-00004-of-00007.gguf,blk.34.attn_norm.weight,6144,F32,24576,attention and recurrent state weights,GPU configured,0,24576
inkling-975b,inkling-UD-IQ1_S-00004-of-00007.gguf,blk.34.attn_output.weight,8192x6144,Q5_K,34603008,attention and recurrent state weights,GPU configured,0,34603008
inkling-975b,inkling-UD-IQ1_S-00004-of-00007.gguf,blk.34.attn_q.weight,6144x8192,Q5_K,34603008,attention and recurrent state weights,GPU configured,0,34603008
inkling-975b,inkling-UD-IQ1_S-00004-of-00007.gguf,blk.34.attn_q_norm.weight,128,F32,512,attention and recurrent state weights,GPU configured,0,512
inkling-975b,inkling-UD-IQ1_S-00004-of-00007.gguf,blk.34.attn_r.weight,6144x1024,Q8_0,6684672,attention and recurrent state weights,GPU configured,0,6684672
inkling-975b,inkling-UD-IQ1_S-00004-of-00007.gguf,blk.34.attn_rel_proj.weight,512x16,F32,32768,attention and recurrent state weights,GPU configured,0,32768
inkling-975b,inkling-UD-IQ1_S-00004-of-00007.gguf,blk.34.attn_v.weight,6144x2048,Q5_K,8650752,attention and recurrent state weights,GPU configured,0,8650752
inkling-975b,inkling-UD-IQ1_S-00004-of-00007.gguf,blk.34.exp_probs_b.bias,256,F32,1024,"routing, norms and other weights",GPU configured,0,1024
inkling-975b,inkling-UD-IQ1_S-00004-of-00007.gguf,blk.34.ffn_down_exps.weight,3072x6144x256,IQ3_XXS,1849688064,routed experts,system RAM,43352064,43352064
inkling-975b,inkling-UD-IQ1_S-00004-of-00007.gguf,blk.34.ffn_down_shexp.weight,3072x6144x2,Q6_K,30965760,shared experts and shared gate,GPU configured,0,30965760
inkling-975b,inkling-UD-IQ1_S-00004-of-00007.gguf,blk.34.ffn_gate_exps.weight,6144x3072x256,IQ2_XXS,1245708288,routed experts,system RAM,29196288,29196288
inkling-975b,inkling-UD-IQ1_S-00004-of-00007.gguf,blk.34.ffn_gate_inp.weight,6144x258,F32,6340608,"routing, norms and other weights",GPU configured,0,6340608
inkling-975b,inkling-UD-IQ1_S-00004-of-00007.gguf,blk.34.ffn_gate_shexp.weight,6144x3072x2,Q5_K,25952256,shared experts and shared gate,GPU configured,0,25952256
inkling-975b,inkling-UD-IQ1_S-00004-of-00007.gguf,blk.34.ffn_gscale.weight,1,F32,4,"routing, norms and other weights",GPU configured,0,4
inkling-975b,inkling-UD-IQ1_S-00004-of-00007.gguf,blk.34.ffn_norm.weight,6144,F32,24576,"routing, norms and other weights",GPU configured,0,24576
inkling-975b,inkling-UD-IQ1_S-00004-of-00007.gguf,blk.34.ffn_up_exps.weight,6144x3072x256,IQ2_XXS,1245708288,routed experts,system RAM,29196288,29196288
inkling-975b,inkling-UD-IQ1_S-00004-of-00007.gguf,blk.34.ffn_up_shexp.weight,6144x3072x2,Q5_K,25952256,shared experts and shared gate,GPU configured,0,25952256
inkling-975b,inkling-UD-IQ1_S-00004-of-00007.gguf,blk.34.shortconv_attn.weight,4x6144,F32,98304,attention and recurrent state weights,GPU configured,0,98304
inkling-975b,inkling-UD-IQ1_S-00004-of-00007.gguf,blk.34.shortconv_k.weight,4x2048,F32,32768,attention and recurrent state weights,GPU configured,0,32768
inkling-975b,inkling-UD-IQ1_S-00004-of-00007.gguf,blk.34.shortconv_mlp.weight,4x6144,F32,98304,attention and recurrent state weights,GPU configured,0,98304
inkling-975b,inkling-UD-IQ1_S-00004-of-00007.gguf,blk.34.shortconv_v.weight,4x2048,F32,32768,attention and recurrent state weights,GPU configured,0,32768
inkling-975b,inkling-UD-IQ1_S-00004-of-00007.gguf,blk.35.attn_k.weight,6144x1024,Q5_K,4325376,attention and recurrent state weights,GPU configured,0,4325376
inkling-975b,inkling-UD-IQ1_S-00004-of-00007.gguf,blk.35.attn_k_norm.weight,128,F32,512,attention and recurrent state weights,GPU configured,0,512
inkling-975b,inkling-UD-IQ1_S-00004-of-00007.gguf,blk.35.attn_norm.weight,6144,F32,24576,attention and recurrent state weights,GPU configured,0,24576
inkling-975b,inkling-UD-IQ1_S-00004-of-00007.gguf,blk.35.attn_output.weight,8192x6144,Q5_K,34603008,attention and recurrent state weights,GPU configured,0,34603008
inkling-975b,inkling-UD-IQ1_S-00004-of-00007.gguf,blk.35.attn_q.weight,6144x8192,Q5_K,34603008,attention and recurrent state weights,GPU configured,0,34603008
inkling-975b,inkling-UD-IQ1_S-00004-of-00007.gguf,blk.35.attn_q_norm.weight,128,F32,512,attention and recurrent state weights,GPU configured,0,512
inkling-975b,inkling-UD-IQ1_S-00004-of-00007.gguf,blk.35.attn_r.weight,6144x1024,Q8_0,6684672,attention and recurrent state weights,GPU configured,0,6684672
inkling-975b,inkling-UD-IQ1_S-00004-of-00007.gguf,blk.35.attn_rel_proj.weight,1024x16,F32,65536,attention and recurrent state weights,GPU configured,0,65536
inkling-975b,inkling-UD-IQ1_S-00004-of-00007.gguf,blk.35.attn_v.weight,6144x1024,Q5_K,4325376,attention and recurrent state weights,GPU configured,0,4325376
inkling-975b,inkling-UD-IQ1_S-00004-of-00007.gguf,blk.35.exp_probs_b.bias,256,F32,1024,"routing, norms and other weights",GPU configured,0,1024
inkling-975b,inkling-UD-IQ1_S-00004-of-00007.gguf,blk.35.ffn_down_exps.weight,3072x6144x256,IQ3_XXS,1849688064,routed experts,system RAM,43352064,43352064
inkling-975b,inkling-UD-IQ1_S-00004-of-00007.gguf,blk.35.ffn_down_shexp.weight,3072x6144x2,Q6_K,30965760,shared experts and shared gate,GPU configured,0,30965760
inkling-975b,inkling-UD-IQ1_S-00004-of-00007.gguf,blk.35.ffn_gate_exps.weight,6144x3072x256,IQ2_XXS,1245708288,routed experts,system RAM,29196288,29196288
inkling-975b,inkling-UD-IQ1_S-00004-of-00007.gguf,blk.35.ffn_gate_inp.weight,6144x258,F32,6340608,"routing, norms and other weights",GPU configured,0,6340608
inkling-975b,inkling-UD-IQ1_S-00004-of-00007.gguf,blk.35.ffn_gate_shexp.weight,6144x3072x2,Q5_K,25952256,shared experts and shared gate,GPU configured,0,25952256
inkling-975b,inkling-UD-IQ1_S-00004-of-00007.gguf,blk.35.ffn_gscale.weight,1,F32,4,"routing, norms and other weights",GPU configured,0,4
inkling-975b,inkling-UD-IQ1_S-00004-of-00007.gguf,blk.35.ffn_norm.weight,6144,F32,24576,"routing, norms and other weights",GPU configured,0,24576
inkling-975b,inkling-UD-IQ1_S-00004-of-00007.gguf,blk.35.ffn_up_exps.weight,6144x3072x256,IQ2_XXS,1245708288,routed experts,system RAM,29196288,29196288
inkling-975b,inkling-UD-IQ1_S-00004-of-00007.gguf,blk.35.ffn_up_shexp.weight,6144x3072x2,Q5_K,25952256,shared experts and shared gate,GPU configured,0,25952256
inkling-975b,inkling-UD-IQ1_S-00004-of-00007.gguf,blk.35.shortconv_attn.weight,4x6144,F32,98304,attention and recurrent state weights,GPU configured,0,98304
inkling-975b,inkling-UD-IQ1_S-00004-of-00007.gguf,blk.35.shortconv_k.weight,4x1024,F32,16384,attention and recurrent state weights,GPU configured,0,16384
inkling-975b,inkling-UD-IQ1_S-00004-of-00007.gguf,blk.35.shortconv_mlp.weight,4x6144,F32,98304,attention and recurrent state weights,GPU configured,0,98304
inkling-975b,inkling-UD-IQ1_S-00004-of-00007.gguf,blk.35.shortconv_v.weight,4x1024,F32,16384,attention and recurrent state weights,GPU configured,0,16384
inkling-975b,inkling-UD-IQ1_S-00004-of-00007.gguf,blk.36.attn_k.weight,6144x2048,Q5_K,8650752,attention and recurrent state weights,GPU configured,0,8650752
inkling-975b,inkling-UD-IQ1_S-00004-of-00007.gguf,blk.36.attn_k_norm.weight,128,F32,512,attention and recurrent state weights,GPU configured,0,512
inkling-975b,inkling-UD-IQ1_S-00004-of-00007.gguf,blk.36.attn_norm.weight,6144,F32,24576,attention and recurrent state weights,GPU configured,0,24576
inkling-975b,inkling-UD-IQ1_S-00004-of-00007.gguf,blk.36.attn_output.weight,8192x6144,Q5_K,34603008,attention and recurrent state weights,GPU configured,0,34603008
inkling-975b,inkling-UD-IQ1_S-00004-of-00007.gguf,blk.36.attn_q.weight,6144x8192,Q5_K,34603008,attention and recurrent state weights,GPU configured,0,34603008
inkling-975b,inkling-UD-IQ1_S-00004-of-00007.gguf,blk.36.attn_q_norm.weight,128,F32,512,attention and recurrent state weights,GPU configured,0,512
inkling-975b,inkling-UD-IQ1_S-00004-of-00007.gguf,blk.36.attn_r.weight,6144x1024,Q8_0,6684672,attention and recurrent state weights,GPU configured,0,6684672
inkling-975b,inkling-UD-IQ1_S-00004-of-00007.gguf,blk.36.attn_rel_proj.weight,512x16,F32,32768,attention and recurrent state weights,GPU configured,0,32768
inkling-975b,inkling-UD-IQ1_S-00004-of-00007.gguf,blk.36.attn_v.weight,6144x2048,Q5_K,8650752,attention and recurrent state weights,GPU configured,0,8650752
inkling-975b,inkling-UD-IQ1_S-00004-of-00007.gguf,blk.36.exp_probs_b.bias,256,F32,1024,"routing, norms and other weights",GPU configured,0,1024
inkling-975b,inkling-UD-IQ1_S-00004-of-00007.gguf,blk.36.ffn_down_exps.weight,3072x6144x256,IQ3_XXS,1849688064,routed experts,system RAM,43352064,43352064
inkling-975b,inkling-UD-IQ1_S-00004-of-00007.gguf,blk.36.ffn_down_shexp.weight,3072x6144x2,Q6_K,30965760,shared experts and shared gate,GPU configured,0,30965760
inkling-975b,inkling-UD-IQ1_S-00004-of-00007.gguf,blk.36.ffn_gate_exps.weight,6144x3072x256,IQ2_XXS,1245708288,routed experts,system RAM,29196288,29196288
inkling-975b,inkling-UD-IQ1_S-00004-of-00007.gguf,blk.36.ffn_gate_inp.weight,6144x258,F32,6340608,"routing, norms and other weights",GPU configured,0,6340608
inkling-975b,inkling-UD-IQ1_S-00004-of-00007.gguf,blk.36.ffn_gate_shexp.weight,6144x3072x2,Q5_K,25952256,shared experts and shared gate,GPU configured,0,25952256
inkling-975b,inkling-UD-IQ1_S-00004-of-00007.gguf,blk.36.ffn_gscale.weight,1,F32,4,"routing, norms and other weights",GPU configured,0,4
inkling-975b,inkling-UD-IQ1_S-00004-of-00007.gguf,blk.36.ffn_norm.weight,6144,F32,24576,"routing, norms and other weights",GPU configured,0,24576
inkling-975b,inkling-UD-IQ1_S-00004-of-00007.gguf,blk.36.ffn_up_exps.weight,6144x3072x256,IQ2_XXS,1245708288,routed experts,system RAM,29196288,29196288
inkling-975b,inkling-UD-IQ1_S-00004-of-00007.gguf,blk.36.ffn_up_shexp.weight,6144x3072x2,Q5_K,25952256,shared experts and shared gate,GPU configured,0,25952256
inkling-975b,inkling-UD-IQ1_S-00004-of-00007.gguf,blk.36.shortconv_attn.weight,4x6144,F32,98304,attention and recurrent state weights,GPU configured,0,98304
inkling-975b,inkling-UD-IQ1_S-00004-of-00007.gguf,blk.36.shortconv_k.weight,4x2048,F32,32768,attention and recurrent state weights,GPU configured,0,32768
inkling-975b,inkling-UD-IQ1_S-00004-of-00007.gguf,blk.36.shortconv_mlp.weight,4x6144,F32,98304,attention and recurrent state weights,GPU configured,0,98304
inkling-975b,inkling-UD-IQ1_S-00004-of-00007.gguf,blk.36.shortconv_v.weight,4x2048,F32,32768,attention and recurrent state weights,GPU configured,0,32768
inkling-975b,inkling-UD-IQ1_S-00004-of-00007.gguf,blk.37.attn_k.weight,6144x2048,Q5_K,8650752,attention and recurrent state weights,GPU configured,0,8650752
inkling-975b,inkling-UD-IQ1_S-00004-of-00007.gguf,blk.37.attn_k_norm.weight,128,F32,512,attention and recurrent state weights,GPU configured,0,512
inkling-975b,inkling-UD-IQ1_S-00004-of-00007.gguf,blk.37.attn_norm.weight,6144,F32,24576,attention and recurrent state weights,GPU configured,0,24576
inkling-975b,inkling-UD-IQ1_S-00004-of-00007.gguf,blk.37.attn_output.weight,8192x6144,Q5_K,34603008,attention and recurrent state weights,GPU configured,0,34603008
inkling-975b,inkling-UD-IQ1_S-00004-of-00007.gguf,blk.37.attn_q.weight,6144x8192,Q5_K,34603008,attention and recurrent state weights,GPU configured,0,34603008
inkling-975b,inkling-UD-IQ1_S-00004-of-00007.gguf,blk.37.attn_q_norm.weight,128,F32,512,attention and recurrent state weights,GPU configured,0,512
inkling-975b,inkling-UD-IQ1_S-00004-of-00007.gguf,blk.37.attn_r.weight,6144x1024,Q8_0,6684672,attention and recurrent state weights,GPU configured,0,6684672
inkling-975b,inkling-UD-IQ1_S-00004-of-00007.gguf,blk.37.attn_rel_proj.weight,512x16,F32,32768,attention and recurrent state weights,GPU configured,0,32768
inkling-975b,inkling-UD-IQ1_S-00004-of-00007.gguf,blk.37.attn_v.weight,6144x2048,Q5_K,8650752,attention and recurrent state weights,GPU configured,0,8650752
inkling-975b,inkling-UD-IQ1_S-00004-of-00007.gguf,blk.37.exp_probs_b.bias,256,F32,1024,"routing, norms and other weights",GPU configured,0,1024
inkling-975b,inkling-UD-IQ1_S-00004-of-00007.gguf,blk.37.ffn_down_exps.weight,3072x6144x256,IQ3_XXS,1849688064,routed experts,system RAM,43352064,43352064
inkling-975b,inkling-UD-IQ1_S-00004-of-00007.gguf,blk.37.ffn_down_shexp.weight,3072x6144x2,Q6_K,30965760,shared experts and shared gate,GPU configured,0,30965760
inkling-975b,inkling-UD-IQ1_S-00004-of-00007.gguf,blk.37.ffn_gate_exps.weight,6144x3072x256,IQ2_XXS,1245708288,routed experts,system RAM,29196288,29196288
inkling-975b,inkling-UD-IQ1_S-00004-of-00007.gguf,blk.37.ffn_gate_inp.weight,6144x258,F32,6340608,"routing, norms and other weights",GPU configured,0,6340608
inkling-975b,inkling-UD-IQ1_S-00004-of-00007.gguf,blk.37.ffn_gate_shexp.weight,6144x3072x2,Q5_K,25952256,shared experts and shared gate,GPU configured,0,25952256
inkling-975b,inkling-UD-IQ1_S-00004-of-00007.gguf,blk.37.ffn_gscale.weight,1,F32,4,"routing, norms and other weights",GPU configured,0,4
inkling-975b,inkling-UD-IQ1_S-00004-of-00007.gguf,blk.37.ffn_norm.weight,6144,F32,24576,"routing, norms and other weights",GPU configured,0,24576
inkling-975b,inkling-UD-IQ1_S-00004-of-00007.gguf,blk.37.ffn_up_exps.weight,6144x3072x256,IQ2_XXS,1245708288,routed experts,system RAM,29196288,29196288
inkling-975b,inkling-UD-IQ1_S-00004-of-00007.gguf,blk.37.ffn_up_shexp.weight,6144x3072x2,Q5_K,25952256,shared experts and shared gate,GPU configured,0,25952256
inkling-975b,inkling-UD-IQ1_S-00004-of-00007.gguf,blk.37.shortconv_attn.weight,4x6144,F32,98304,attention and recurrent state weights,GPU configured,0,98304
inkling-975b,inkling-UD-IQ1_S-00004-of-00007.gguf,blk.37.shortconv_k.weight,4x2048,F32,32768,attention and recurrent state weights,GPU configured,0,32768
inkling-975b,inkling-UD-IQ1_S-00004-of-00007.gguf,blk.37.shortconv_mlp.weight,4x6144,F32,98304,attention and recurrent state weights,GPU configured,0,98304
inkling-975b,inkling-UD-IQ1_S-00004-of-00007.gguf,blk.37.shortconv_v.weight,4x2048,F32,32768,attention and recurrent state weights,GPU configured,0,32768
inkling-975b,inkling-UD-IQ1_S-00004-of-00007.gguf,blk.38.attn_k.weight,6144x2048,Q5_K,8650752,attention and recurrent state weights,GPU configured,0,8650752
inkling-975b,inkling-UD-IQ1_S-00004-of-00007.gguf,blk.38.attn_k_norm.weight,128,F32,512,attention and recurrent state weights,GPU configured,0,512
inkling-975b,inkling-UD-IQ1_S-00004-of-00007.gguf,blk.38.attn_norm.weight,6144,F32,24576,attention and recurrent state weights,GPU configured,0,24576
inkling-975b,inkling-UD-IQ1_S-00004-of-00007.gguf,blk.38.attn_output.weight,8192x6144,Q5_K,34603008,attention and recurrent state weights,GPU configured,0,34603008
inkling-975b,inkling-UD-IQ1_S-00004-of-00007.gguf,blk.38.attn_q.weight,6144x8192,Q5_K,34603008,attention and recurrent state weights,GPU configured,0,34603008
inkling-975b,inkling-UD-IQ1_S-00004-of-00007.gguf,blk.38.attn_q_norm.weight,128,F32,512,attention and recurrent state weights,GPU configured,0,512
inkling-975b,inkling-UD-IQ1_S-00004-of-00007.gguf,blk.38.attn_r.weight,6144x1024,Q8_0,6684672,attention and recurrent state weights,GPU configured,0,6684672
inkling-975b,inkling-UD-IQ1_S-00004-of-00007.gguf,blk.38.attn_rel_proj.weight,512x16,F32,32768,attention and recurrent state weights,GPU configured,0,32768
inkling-975b,inkling-UD-IQ1_S-00004-of-00007.gguf,blk.38.attn_v.weight,6144x2048,Q5_K,8650752,attention and recurrent state weights,GPU configured,0,8650752
inkling-975b,inkling-UD-IQ1_S-00004-of-00007.gguf,blk.38.exp_probs_b.bias,256,F32,1024,"routing, norms and other weights",GPU configured,0,1024
inkling-975b,inkling-UD-IQ1_S-00004-of-00007.gguf,blk.38.ffn_down_exps.weight,3072x6144x256,IQ3_XXS,1849688064,routed experts,system RAM,43352064,43352064
inkling-975b,inkling-UD-IQ1_S-00004-of-00007.gguf,blk.38.ffn_down_shexp.weight,3072x6144x2,Q6_K,30965760,shared experts and shared gate,GPU configured,0,30965760
inkling-975b,inkling-UD-IQ1_S-00005-of-00007.gguf,blk.38.ffn_gate_exps.weight,6144x3072x256,IQ1_S,943718400,routed experts,system RAM,22118400,22118400
inkling-975b,inkling-UD-IQ1_S-00005-of-00007.gguf,blk.38.ffn_gate_inp.weight,6144x258,F32,6340608,"routing, norms and other weights",GPU configured,0,6340608
inkling-975b,inkling-UD-IQ1_S-00005-of-00007.gguf,blk.38.ffn_gate_shexp.weight,6144x3072x2,Q5_K,25952256,shared experts and shared gate,GPU configured,0,25952256
inkling-975b,inkling-UD-IQ1_S-00005-of-00007.gguf,blk.38.ffn_gscale.weight,1,F32,4,"routing, norms and other weights",GPU configured,0,4
inkling-975b,inkling-UD-IQ1_S-00005-of-00007.gguf,blk.38.ffn_norm.weight,6144,F32,24576,"routing, norms and other weights",GPU configured,0,24576
inkling-975b,inkling-UD-IQ1_S-00005-of-00007.gguf,blk.38.ffn_up_exps.weight,6144x3072x256,IQ1_S,943718400,routed experts,system RAM,22118400,22118400
inkling-975b,inkling-UD-IQ1_S-00005-of-00007.gguf,blk.38.ffn_up_shexp.weight,6144x3072x2,Q5_K,25952256,shared experts and shared gate,GPU configured,0,25952256
inkling-975b,inkling-UD-IQ1_S-00005-of-00007.gguf,blk.38.shortconv_attn.weight,4x6144,F32,98304,attention and recurrent state weights,GPU configured,0,98304
inkling-975b,inkling-UD-IQ1_S-00005-of-00007.gguf,blk.38.shortconv_k.weight,4x2048,F32,32768,attention and recurrent state weights,GPU configured,0,32768
inkling-975b,inkling-UD-IQ1_S-00005-of-00007.gguf,blk.38.shortconv_mlp.weight,4x6144,F32,98304,attention and recurrent state weights,GPU configured,0,98304
inkling-975b,inkling-UD-IQ1_S-00005-of-00007.gguf,blk.38.shortconv_v.weight,4x2048,F32,32768,attention and recurrent state weights,GPU configured,0,32768
inkling-975b,inkling-UD-IQ1_S-00005-of-00007.gguf,blk.39.attn_k.weight,6144x2048,Q5_K,8650752,attention and recurrent state weights,GPU configured,0,8650752
inkling-975b,inkling-UD-IQ1_S-00005-of-00007.gguf,blk.39.attn_k_norm.weight,128,F32,512,attention and recurrent state weights,GPU configured,0,512
inkling-975b,inkling-UD-IQ1_S-00005-of-00007.gguf,blk.39.attn_norm.weight,6144,F32,24576,attention and recurrent state weights,GPU configured,0,24576
inkling-975b,inkling-UD-IQ1_S-00005-of-00007.gguf,blk.39.attn_output.weight,8192x6144,Q5_K,34603008,attention and recurrent state weights,GPU configured,0,34603008
inkling-975b,inkling-UD-IQ1_S-00005-of-00007.gguf,blk.39.attn_q.weight,6144x8192,Q5_K,34603008,attention and recurrent state weights,GPU configured,0,34603008
inkling-975b,inkling-UD-IQ1_S-00005-of-00007.gguf,blk.39.attn_q_norm.weight,128,F32,512,attention and recurrent state weights,GPU configured,0,512
inkling-975b,inkling-UD-IQ1_S-00005-of-00007.gguf,blk.39.attn_r.weight,6144x1024,Q8_0,6684672,attention and recurrent state weights,GPU configured,0,6684672
inkling-975b,inkling-UD-IQ1_S-00005-of-00007.gguf,blk.39.attn_rel_proj.weight,512x16,F32,32768,attention and recurrent state weights,GPU configured,0,32768
inkling-975b,inkling-UD-IQ1_S-00005-of-00007.gguf,blk.39.attn_v.weight,6144x2048,Q5_K,8650752,attention and recurrent state weights,GPU configured,0,8650752
inkling-975b,inkling-UD-IQ1_S-00005-of-00007.gguf,blk.39.exp_probs_b.bias,256,F32,1024,"routing, norms and other weights",GPU configured,0,1024
inkling-975b,inkling-UD-IQ1_S-00005-of-00007.gguf,blk.39.ffn_down_exps.weight,3072x6144x256,IQ3_XXS,1849688064,routed experts,system RAM,43352064,43352064
inkling-975b,inkling-UD-IQ1_S-00005-of-00007.gguf,blk.39.ffn_down_shexp.weight,3072x6144x2,Q6_K,30965760,shared experts and shared gate,GPU configured,0,30965760
inkling-975b,inkling-UD-IQ1_S-00005-of-00007.gguf,blk.39.ffn_gate_exps.weight,6144x3072x256,IQ2_XXS,1245708288,routed experts,system RAM,29196288,29196288
inkling-975b,inkling-UD-IQ1_S-00005-of-00007.gguf,blk.39.ffn_gate_inp.weight,6144x258,F32,6340608,"routing, norms and other weights",GPU configured,0,6340608
inkling-975b,inkling-UD-IQ1_S-00005-of-00007.gguf,blk.39.ffn_gate_shexp.weight,6144x3072x2,Q5_K,25952256,shared experts and shared gate,GPU configured,0,25952256
inkling-975b,inkling-UD-IQ1_S-00005-of-00007.gguf,blk.39.ffn_gscale.weight,1,F32,4,"routing, norms and other weights",GPU configured,0,4
inkling-975b,inkling-UD-IQ1_S-00005-of-00007.gguf,blk.39.ffn_norm.weight,6144,F32,24576,"routing, norms and other weights",GPU configured,0,24576
inkling-975b,inkling-UD-IQ1_S-00005-of-00007.gguf,blk.39.ffn_up_exps.weight,6144x3072x256,IQ2_XXS,1245708288,routed experts,system RAM,29196288,29196288
inkling-975b,inkling-UD-IQ1_S-00005-of-00007.gguf,blk.39.ffn_up_shexp.weight,6144x3072x2,Q5_K,25952256,shared experts and shared gate,GPU configured,0,25952256
inkling-975b,inkling-UD-IQ1_S-00005-of-00007.gguf,blk.39.shortconv_attn.weight,4x6144,F32,98304,attention and recurrent state weights,GPU configured,0,98304
inkling-975b,inkling-UD-IQ1_S-00005-of-00007.gguf,blk.39.shortconv_k.weight,4x2048,F32,32768,attention and recurrent state weights,GPU configured,0,32768
inkling-975b,inkling-UD-IQ1_S-00005-of-00007.gguf,blk.39.shortconv_mlp.weight,4x6144,F32,98304,attention and recurrent state weights,GPU configured,0,98304
inkling-975b,inkling-UD-IQ1_S-00005-of-00007.gguf,blk.39.shortconv_v.weight,4x2048,F32,32768,attention and recurrent state weights,GPU configured,0,32768
inkling-975b,inkling-UD-IQ1_S-00005-of-00007.gguf,blk.40.attn_k.weight,6144x2048,Q5_K,8650752,attention and recurrent state weights,GPU configured,0,8650752
inkling-975b,inkling-UD-IQ1_S-00005-of-00007.gguf,blk.40.attn_k_norm.weight,128,F32,512,attention and recurrent state weights,GPU configured,0,512
inkling-975b,inkling-UD-IQ1_S-00005-of-00007.gguf,blk.40.attn_norm.weight,6144,F32,24576,attention and recurrent state weights,GPU configured,0,24576
inkling-975b,inkling-UD-IQ1_S-00005-of-00007.gguf,blk.40.attn_output.weight,8192x6144,Q5_K,34603008,attention and recurrent state weights,GPU configured,0,34603008
inkling-975b,inkling-UD-IQ1_S-00005-of-00007.gguf,blk.40.attn_q.weight,6144x8192,Q5_K,34603008,attention and recurrent state weights,GPU configured,0,34603008
inkling-975b,inkling-UD-IQ1_S-00005-of-00007.gguf,blk.40.attn_q_norm.weight,128,F32,512,attention and recurrent state weights,GPU configured,0,512
inkling-975b,inkling-UD-IQ1_S-00005-of-00007.gguf,blk.40.attn_r.weight,6144x1024,Q8_0,6684672,attention and recurrent state weights,GPU configured,0,6684672
inkling-975b,inkling-UD-IQ1_S-00005-of-00007.gguf,blk.40.attn_rel_proj.weight,512x16,F32,32768,attention and recurrent state weights,GPU configured,0,32768
inkling-975b,inkling-UD-IQ1_S-00005-of-00007.gguf,blk.40.attn_v.weight,6144x2048,Q5_K,8650752,attention and recurrent state weights,GPU configured,0,8650752
inkling-975b,inkling-UD-IQ1_S-00005-of-00007.gguf,blk.40.exp_probs_b.bias,256,F32,1024,"routing, norms and other weights",GPU configured,0,1024
inkling-975b,inkling-UD-IQ1_S-00005-of-00007.gguf,blk.40.ffn_down_exps.weight,3072x6144x256,IQ4_XS,2566914048,routed experts,system RAM,60162048,60162048
inkling-975b,inkling-UD-IQ1_S-00005-of-00007.gguf,blk.40.ffn_down_shexp.weight,3072x6144x2,Q6_K,30965760,shared experts and shared gate,GPU configured,0,30965760
inkling-975b,inkling-UD-IQ1_S-00005-of-00007.gguf,blk.40.ffn_gate_exps.weight,6144x3072x256,IQ2_XXS,1245708288,routed experts,system RAM,29196288,29196288
inkling-975b,inkling-UD-IQ1_S-00005-of-00007.gguf,blk.40.ffn_gate_inp.weight,6144x258,F32,6340608,"routing, norms and other weights",GPU configured,0,6340608
inkling-975b,inkling-UD-IQ1_S-00005-of-00007.gguf,blk.40.ffn_gate_shexp.weight,6144x3072x2,Q5_K,25952256,shared experts and shared gate,GPU configured,0,25952256
inkling-975b,inkling-UD-IQ1_S-00005-of-00007.gguf,blk.40.ffn_gscale.weight,1,F32,4,"routing, norms and other weights",GPU configured,0,4
inkling-975b,inkling-UD-IQ1_S-00005-of-00007.gguf,blk.40.ffn_norm.weight,6144,F32,24576,"routing, norms and other weights",GPU configured,0,24576
inkling-975b,inkling-UD-IQ1_S-00005-of-00007.gguf,blk.40.ffn_up_exps.weight,6144x3072x256,IQ2_XXS,1245708288,routed experts,system RAM,29196288,29196288
inkling-975b,inkling-UD-IQ1_S-00005-of-00007.gguf,blk.40.ffn_up_shexp.weight,6144x3072x2,Q5_K,25952256,shared experts and shared gate,GPU configured,0,25952256
inkling-975b,inkling-UD-IQ1_S-00005-of-00007.gguf,blk.40.shortconv_attn.weight,4x6144,F32,98304,attention and recurrent state weights,GPU configured,0,98304
inkling-975b,inkling-UD-IQ1_S-00005-of-00007.gguf,blk.40.shortconv_k.weight,4x2048,F32,32768,attention and recurrent state weights,GPU configured,0,32768
inkling-975b,inkling-UD-IQ1_S-00005-of-00007.gguf,blk.40.shortconv_mlp.weight,4x6144,F32,98304,attention and recurrent state weights,GPU configured,0,98304
inkling-975b,inkling-UD-IQ1_S-00005-of-00007.gguf,blk.40.shortconv_v.weight,4x2048,F32,32768,attention and recurrent state weights,GPU configured,0,32768
inkling-975b,inkling-UD-IQ1_S-00005-of-00007.gguf,blk.41.attn_k.weight,6144x1024,Q5_K,4325376,attention and recurrent state weights,GPU configured,0,4325376
inkling-975b,inkling-UD-IQ1_S-00005-of-00007.gguf,blk.41.attn_k_norm.weight,128,F32,512,attention and recurrent state weights,GPU configured,0,512
inkling-975b,inkling-UD-IQ1_S-00005-of-00007.gguf,blk.41.attn_norm.weight,6144,F32,24576,attention and recurrent state weights,GPU configured,0,24576
inkling-975b,inkling-UD-IQ1_S-00005-of-00007.gguf,blk.41.attn_output.weight,8192x6144,Q5_K,34603008,attention and recurrent state weights,GPU configured,0,34603008
inkling-975b,inkling-UD-IQ1_S-00005-of-00007.gguf,blk.41.attn_q.weight,6144x8192,Q5_K,34603008,attention and recurrent state weights,GPU configured,0,34603008
inkling-975b,inkling-UD-IQ1_S-00005-of-00007.gguf,blk.41.attn_q_norm.weight,128,F32,512,attention and recurrent state weights,GPU configured,0,512
inkling-975b,inkling-UD-IQ1_S-00005-of-00007.gguf,blk.41.attn_r.weight,6144x1024,Q8_0,6684672,attention and recurrent state weights,GPU configured,0,6684672
inkling-975b,inkling-UD-IQ1_S-00005-of-00007.gguf,blk.41.attn_rel_proj.weight,1024x16,F32,65536,attention and recurrent state weights,GPU configured,0,65536
inkling-975b,inkling-UD-IQ1_S-00005-of-00007.gguf,blk.41.attn_v.weight,6144x1024,Q5_K,4325376,attention and recurrent state weights,GPU configured,0,4325376
inkling-975b,inkling-UD-IQ1_S-00005-of-00007.gguf,blk.41.exp_probs_b.bias,256,F32,1024,"routing, norms and other weights",GPU configured,0,1024
inkling-975b,inkling-UD-IQ1_S-00005-of-00007.gguf,blk.41.ffn_down_exps.weight,3072x6144x256,IQ3_XXS,1849688064,routed experts,system RAM,43352064,43352064
inkling-975b,inkling-UD-IQ1_S-00005-of-00007.gguf,blk.41.ffn_down_shexp.weight,3072x6144x2,Q6_K,30965760,shared experts and shared gate,GPU configured,0,30965760
inkling-975b,inkling-UD-IQ1_S-00005-of-00007.gguf,blk.41.ffn_gate_exps.weight,6144x3072x256,IQ2_XXS,1245708288,routed experts,system RAM,29196288,29196288
inkling-975b,inkling-UD-IQ1_S-00005-of-00007.gguf,blk.41.ffn_gate_inp.weight,6144x258,F32,6340608,"routing, norms and other weights",GPU configured,0,6340608
inkling-975b,inkling-UD-IQ1_S-00005-of-00007.gguf,blk.41.ffn_gate_shexp.weight,6144x3072x2,Q5_K,25952256,shared experts and shared gate,GPU configured,0,25952256
inkling-975b,inkling-UD-IQ1_S-00005-of-00007.gguf,blk.41.ffn_gscale.weight,1,F32,4,"routing, norms and other weights",GPU configured,0,4
inkling-975b,inkling-UD-IQ1_S-00005-of-00007.gguf,blk.41.ffn_norm.weight,6144,F32,24576,"routing, norms and other weights",GPU configured,0,24576
inkling-975b,inkling-UD-IQ1_S-00005-of-00007.gguf,blk.41.ffn_up_exps.weight,6144x3072x256,IQ2_XXS,1245708288,routed experts,system RAM,29196288,29196288
inkling-975b,inkling-UD-IQ1_S-00005-of-00007.gguf,blk.41.ffn_up_shexp.weight,6144x3072x2,Q5_K,25952256,shared experts and shared gate,GPU configured,0,25952256
inkling-975b,inkling-UD-IQ1_S-00005-of-00007.gguf,blk.41.shortconv_attn.weight,4x6144,F32,98304,attention and recurrent state weights,GPU configured,0,98304
inkling-975b,inkling-UD-IQ1_S-00005-of-00007.gguf,blk.41.shortconv_k.weight,4x1024,F32,16384,attention and recurrent state weights,GPU configured,0,16384
inkling-975b,inkling-UD-IQ1_S-00005-of-00007.gguf,blk.41.shortconv_mlp.weight,4x6144,F32,98304,attention and recurrent state weights,GPU configured,0,98304
inkling-975b,inkling-UD-IQ1_S-00005-of-00007.gguf,blk.41.shortconv_v.weight,4x1024,F32,16384,attention and recurrent state weights,GPU configured,0,16384
inkling-975b,inkling-UD-IQ1_S-00005-of-00007.gguf,blk.42.attn_k.weight,6144x2048,Q5_K,8650752,attention and recurrent state weights,GPU configured,0,8650752
inkling-975b,inkling-UD-IQ1_S-00005-of-00007.gguf,blk.42.attn_k_norm.weight,128,F32,512,attention and recurrent state weights,GPU configured,0,512
inkling-975b,inkling-UD-IQ1_S-00005-of-00007.gguf,blk.42.attn_norm.weight,6144,F32,24576,attention and recurrent state weights,GPU configured,0,24576
inkling-975b,inkling-UD-IQ1_S-00005-of-00007.gguf,blk.42.attn_output.weight,8192x6144,Q5_K,34603008,attention and recurrent state weights,GPU configured,0,34603008
inkling-975b,inkling-UD-IQ1_S-00005-of-00007.gguf,blk.42.attn_q.weight,6144x8192,Q5_K,34603008,attention and recurrent state weights,GPU configured,0,34603008
inkling-975b,inkling-UD-IQ1_S-00005-of-00007.gguf,blk.42.attn_q_norm.weight,128,F32,512,attention and recurrent state weights,GPU configured,0,512
inkling-975b,inkling-UD-IQ1_S-00005-of-00007.gguf,blk.42.attn_r.weight,6144x1024,Q8_0,6684672,attention and recurrent state weights,GPU configured,0,6684672
inkling-975b,inkling-UD-IQ1_S-00005-of-00007.gguf,blk.42.attn_rel_proj.weight,512x16,F32,32768,attention and recurrent state weights,GPU configured,0,32768
inkling-975b,inkling-UD-IQ1_S-00005-of-00007.gguf,blk.42.attn_v.weight,6144x2048,Q5_K,8650752,attention and recurrent state weights,GPU configured,0,8650752
inkling-975b,inkling-UD-IQ1_S-00005-of-00007.gguf,blk.42.exp_probs_b.bias,256,F32,1024,"routing, norms and other weights",GPU configured,0,1024
inkling-975b,inkling-UD-IQ1_S-00005-of-00007.gguf,blk.42.ffn_down_exps.weight,3072x6144x256,IQ3_XXS,1849688064,routed experts,system RAM,43352064,43352064
inkling-975b,inkling-UD-IQ1_S-00005-of-00007.gguf,blk.42.ffn_down_shexp.weight,3072x6144x2,Q6_K,30965760,shared experts and shared gate,GPU configured,0,30965760
inkling-975b,inkling-UD-IQ1_S-00005-of-00007.gguf,blk.42.ffn_gate_exps.weight,6144x3072x256,IQ1_S,943718400,routed experts,system RAM,22118400,22118400
inkling-975b,inkling-UD-IQ1_S-00005-of-00007.gguf,blk.42.ffn_gate_inp.weight,6144x258,F32,6340608,"routing, norms and other weights",GPU configured,0,6340608
inkling-975b,inkling-UD-IQ1_S-00005-of-00007.gguf,blk.42.ffn_gate_shexp.weight,6144x3072x2,Q5_K,25952256,shared experts and shared gate,GPU configured,0,25952256
inkling-975b,inkling-UD-IQ1_S-00005-of-00007.gguf,blk.42.ffn_gscale.weight,1,F32,4,"routing, norms and other weights",GPU configured,0,4
inkling-975b,inkling-UD-IQ1_S-00005-of-00007.gguf,blk.42.ffn_norm.weight,6144,F32,24576,"routing, norms and other weights",GPU configured,0,24576
inkling-975b,inkling-UD-IQ1_S-00005-of-00007.gguf,blk.42.ffn_up_exps.weight,6144x3072x256,IQ1_S,943718400,routed experts,system RAM,22118400,22118400
inkling-975b,inkling-UD-IQ1_S-00005-of-00007.gguf,blk.42.ffn_up_shexp.weight,6144x3072x2,Q5_K,25952256,shared experts and shared gate,GPU configured,0,25952256
inkling-975b,inkling-UD-IQ1_S-00005-of-00007.gguf,blk.42.shortconv_attn.weight,4x6144,F32,98304,attention and recurrent state weights,GPU configured,0,98304
inkling-975b,inkling-UD-IQ1_S-00005-of-00007.gguf,blk.42.shortconv_k.weight,4x2048,F32,32768,attention and recurrent state weights,GPU configured,0,32768
inkling-975b,inkling-UD-IQ1_S-00005-of-00007.gguf,blk.42.shortconv_mlp.weight,4x6144,F32,98304,attention and recurrent state weights,GPU configured,0,98304
inkling-975b,inkling-UD-IQ1_S-00005-of-00007.gguf,blk.42.shortconv_v.weight,4x2048,F32,32768,attention and recurrent state weights,GPU configured,0,32768
inkling-975b,inkling-UD-IQ1_S-00005-of-00007.gguf,blk.43.attn_k.weight,6144x2048,Q5_K,8650752,attention and recurrent state weights,GPU configured,0,8650752
inkling-975b,inkling-UD-IQ1_S-00005-of-00007.gguf,blk.43.attn_k_norm.weight,128,F32,512,attention and recurrent state weights,GPU configured,0,512
inkling-975b,inkling-UD-IQ1_S-00005-of-00007.gguf,blk.43.attn_norm.weight,6144,F32,24576,attention and recurrent state weights,GPU configured,0,24576
inkling-975b,inkling-UD-IQ1_S-00005-of-00007.gguf,blk.43.attn_output.weight,8192x6144,Q5_K,34603008,attention and recurrent state weights,GPU configured,0,34603008
inkling-975b,inkling-UD-IQ1_S-00005-of-00007.gguf,blk.43.attn_q.weight,6144x8192,Q5_K,34603008,attention and recurrent state weights,GPU configured,0,34603008
inkling-975b,inkling-UD-IQ1_S-00005-of-00007.gguf,blk.43.attn_q_norm.weight,128,F32,512,attention and recurrent state weights,GPU configured,0,512
inkling-975b,inkling-UD-IQ1_S-00005-of-00007.gguf,blk.43.attn_r.weight,6144x1024,Q8_0,6684672,attention and recurrent state weights,GPU configured,0,6684672
inkling-975b,inkling-UD-IQ1_S-00005-of-00007.gguf,blk.43.attn_rel_proj.weight,512x16,F32,32768,attention and recurrent state weights,GPU configured,0,32768
inkling-975b,inkling-UD-IQ1_S-00005-of-00007.gguf,blk.43.attn_v.weight,6144x2048,Q5_K,8650752,attention and recurrent state weights,GPU configured,0,8650752
inkling-975b,inkling-UD-IQ1_S-00005-of-00007.gguf,blk.43.exp_probs_b.bias,256,F32,1024,"routing, norms and other weights",GPU configured,0,1024
inkling-975b,inkling-UD-IQ1_S-00005-of-00007.gguf,blk.43.ffn_down_exps.weight,3072x6144x256,IQ3_XXS,1849688064,routed experts,system RAM,43352064,43352064
inkling-975b,inkling-UD-IQ1_S-00005-of-00007.gguf,blk.43.ffn_down_shexp.weight,3072x6144x2,Q6_K,30965760,shared experts and shared gate,GPU configured,0,30965760
inkling-975b,inkling-UD-IQ1_S-00005-of-00007.gguf,blk.43.ffn_gate_exps.weight,6144x3072x256,IQ1_S,943718400,routed experts,system RAM,22118400,22118400
inkling-975b,inkling-UD-IQ1_S-00005-of-00007.gguf,blk.43.ffn_gate_inp.weight,6144x258,F32,6340608,"routing, norms and other weights",GPU configured,0,6340608
inkling-975b,inkling-UD-IQ1_S-00005-of-00007.gguf,blk.43.ffn_gate_shexp.weight,6144x3072x2,Q5_K,25952256,shared experts and shared gate,GPU configured,0,25952256
inkling-975b,inkling-UD-IQ1_S-00005-of-00007.gguf,blk.43.ffn_gscale.weight,1,F32,4,"routing, norms and other weights",GPU configured,0,4
inkling-975b,inkling-UD-IQ1_S-00005-of-00007.gguf,blk.43.ffn_norm.weight,6144,F32,24576,"routing, norms and other weights",GPU configured,0,24576
inkling-975b,inkling-UD-IQ1_S-00005-of-00007.gguf,blk.43.ffn_up_exps.weight,6144x3072x256,IQ1_S,943718400,routed experts,system RAM,22118400,22118400
inkling-975b,inkling-UD-IQ1_S-00005-of-00007.gguf,blk.43.ffn_up_shexp.weight,6144x3072x2,Q5_K,25952256,shared experts and shared gate,GPU configured,0,25952256
inkling-975b,inkling-UD-IQ1_S-00005-of-00007.gguf,blk.43.shortconv_attn.weight,4x6144,F32,98304,attention and recurrent state weights,GPU configured,0,98304
inkling-975b,inkling-UD-IQ1_S-00005-of-00007.gguf,blk.43.shortconv_k.weight,4x2048,F32,32768,attention and recurrent state weights,GPU configured,0,32768
inkling-975b,inkling-UD-IQ1_S-00005-of-00007.gguf,blk.43.shortconv_mlp.weight,4x6144,F32,98304,attention and recurrent state weights,GPU configured,0,98304
inkling-975b,inkling-UD-IQ1_S-00005-of-00007.gguf,blk.43.shortconv_v.weight,4x2048,F32,32768,attention and recurrent state weights,GPU configured,0,32768
inkling-975b,inkling-UD-IQ1_S-00005-of-00007.gguf,blk.44.attn_k.weight,6144x2048,Q5_K,8650752,attention and recurrent state weights,GPU configured,0,8650752
inkling-975b,inkling-UD-IQ1_S-00005-of-00007.gguf,blk.44.attn_k_norm.weight,128,F32,512,attention and recurrent state weights,GPU configured,0,512
inkling-975b,inkling-UD-IQ1_S-00005-of-00007.gguf,blk.44.attn_norm.weight,6144,F32,24576,attention and recurrent state weights,GPU configured,0,24576
inkling-975b,inkling-UD-IQ1_S-00005-of-00007.gguf,blk.44.attn_output.weight,8192x6144,Q5_K,34603008,attention and recurrent state weights,GPU configured,0,34603008
inkling-975b,inkling-UD-IQ1_S-00005-of-00007.gguf,blk.44.attn_q.weight,6144x8192,Q5_K,34603008,attention and recurrent state weights,GPU configured,0,34603008
inkling-975b,inkling-UD-IQ1_S-00005-of-00007.gguf,blk.44.attn_q_norm.weight,128,F32,512,attention and recurrent state weights,GPU configured,0,512
inkling-975b,inkling-UD-IQ1_S-00005-of-00007.gguf,blk.44.attn_r.weight,6144x1024,Q8_0,6684672,attention and recurrent state weights,GPU configured,0,6684672
inkling-975b,inkling-UD-IQ1_S-00005-of-00007.gguf,blk.44.attn_rel_proj.weight,512x16,F32,32768,attention and recurrent state weights,GPU configured,0,32768
inkling-975b,inkling-UD-IQ1_S-00005-of-00007.gguf,blk.44.attn_v.weight,6144x2048,Q5_K,8650752,attention and recurrent state weights,GPU configured,0,8650752
inkling-975b,inkling-UD-IQ1_S-00005-of-00007.gguf,blk.44.exp_probs_b.bias,256,F32,1024,"routing, norms and other weights",GPU configured,0,1024
inkling-975b,inkling-UD-IQ1_S-00005-of-00007.gguf,blk.44.ffn_down_exps.weight,3072x6144x256,IQ3_XXS,1849688064,routed experts,system RAM,43352064,43352064
inkling-975b,inkling-UD-IQ1_S-00005-of-00007.gguf,blk.44.ffn_down_shexp.weight,3072x6144x2,Q6_K,30965760,shared experts and shared gate,GPU configured,0,30965760
inkling-975b,inkling-UD-IQ1_S-00005-of-00007.gguf,blk.44.ffn_gate_exps.weight,6144x3072x256,IQ1_S,943718400,routed experts,system RAM,22118400,22118400
inkling-975b,inkling-UD-IQ1_S-00005-of-00007.gguf,blk.44.ffn_gate_inp.weight,6144x258,F32,6340608,"routing, norms and other weights",GPU configured,0,6340608
inkling-975b,inkling-UD-IQ1_S-00005-of-00007.gguf,blk.44.ffn_gate_shexp.weight,6144x3072x2,Q5_K,25952256,shared experts and shared gate,GPU configured,0,25952256
inkling-975b,inkling-UD-IQ1_S-00005-of-00007.gguf,blk.44.ffn_gscale.weight,1,F32,4,"routing, norms and other weights",GPU configured,0,4
inkling-975b,inkling-UD-IQ1_S-00005-of-00007.gguf,blk.44.ffn_norm.weight,6144,F32,24576,"routing, norms and other weights",GPU configured,0,24576
inkling-975b,inkling-UD-IQ1_S-00005-of-00007.gguf,blk.44.ffn_up_exps.weight,6144x3072x256,IQ1_S,943718400,routed experts,system RAM,22118400,22118400
inkling-975b,inkling-UD-IQ1_S-00005-of-00007.gguf,blk.44.ffn_up_shexp.weight,6144x3072x2,Q5_K,25952256,shared experts and shared gate,GPU configured,0,25952256
inkling-975b,inkling-UD-IQ1_S-00005-of-00007.gguf,blk.44.shortconv_attn.weight,4x6144,F32,98304,attention and recurrent state weights,GPU configured,0,98304
inkling-975b,inkling-UD-IQ1_S-00005-of-00007.gguf,blk.44.shortconv_k.weight,4x2048,F32,32768,attention and recurrent state weights,GPU configured,0,32768
inkling-975b,inkling-UD-IQ1_S-00005-of-00007.gguf,blk.44.shortconv_mlp.weight,4x6144,F32,98304,attention and recurrent state weights,GPU configured,0,98304
inkling-975b,inkling-UD-IQ1_S-00005-of-00007.gguf,blk.44.shortconv_v.weight,4x2048,F32,32768,attention and recurrent state weights,GPU configured,0,32768
inkling-975b,inkling-UD-IQ1_S-00005-of-00007.gguf,blk.45.attn_k.weight,6144x2048,Q5_K,8650752,attention and recurrent state weights,GPU configured,0,8650752
inkling-975b,inkling-UD-IQ1_S-00005-of-00007.gguf,blk.45.attn_k_norm.weight,128,F32,512,attention and recurrent state weights,GPU configured,0,512
inkling-975b,inkling-UD-IQ1_S-00005-of-00007.gguf,blk.45.attn_norm.weight,6144,F32,24576,attention and recurrent state weights,GPU configured,0,24576
inkling-975b,inkling-UD-IQ1_S-00005-of-00007.gguf,blk.45.attn_output.weight,8192x6144,Q5_K,34603008,attention and recurrent state weights,GPU configured,0,34603008
inkling-975b,inkling-UD-IQ1_S-00005-of-00007.gguf,blk.45.attn_q.weight,6144x8192,Q5_K,34603008,attention and recurrent state weights,GPU configured,0,34603008
inkling-975b,inkling-UD-IQ1_S-00005-of-00007.gguf,blk.45.attn_q_norm.weight,128,F32,512,attention and recurrent state weights,GPU configured,0,512
inkling-975b,inkling-UD-IQ1_S-00005-of-00007.gguf,blk.45.attn_r.weight,6144x1024,Q8_0,6684672,attention and recurrent state weights,GPU configured,0,6684672
inkling-975b,inkling-UD-IQ1_S-00005-of-00007.gguf,blk.45.attn_rel_proj.weight,512x16,F32,32768,attention and recurrent state weights,GPU configured,0,32768
inkling-975b,inkling-UD-IQ1_S-00005-of-00007.gguf,blk.45.attn_v.weight,6144x2048,Q5_K,8650752,attention and recurrent state weights,GPU configured,0,8650752
inkling-975b,inkling-UD-IQ1_S-00005-of-00007.gguf,blk.45.exp_probs_b.bias,256,F32,1024,"routing, norms and other weights",GPU configured,0,1024
inkling-975b,inkling-UD-IQ1_S-00005-of-00007.gguf,blk.45.ffn_down_exps.weight,3072x6144x256,IQ3_XXS,1849688064,routed experts,system RAM,43352064,43352064
inkling-975b,inkling-UD-IQ1_S-00005-of-00007.gguf,blk.45.ffn_down_shexp.weight,3072x6144x2,Q6_K,30965760,shared experts and shared gate,GPU configured,0,30965760
inkling-975b,inkling-UD-IQ1_S-00005-of-00007.gguf,blk.45.ffn_gate_exps.weight,6144x3072x256,IQ1_S,943718400,routed experts,system RAM,22118400,22118400
inkling-975b,inkling-UD-IQ1_S-00005-of-00007.gguf,blk.45.ffn_gate_inp.weight,6144x258,F32,6340608,"routing, norms and other weights",GPU configured,0,6340608
inkling-975b,inkling-UD-IQ1_S-00005-of-00007.gguf,blk.45.ffn_gate_shexp.weight,6144x3072x2,Q5_K,25952256,shared experts and shared gate,GPU configured,0,25952256
inkling-975b,inkling-UD-IQ1_S-00005-of-00007.gguf,blk.45.ffn_gscale.weight,1,F32,4,"routing, norms and other weights",GPU configured,0,4
inkling-975b,inkling-UD-IQ1_S-00005-of-00007.gguf,blk.45.ffn_norm.weight,6144,F32,24576,"routing, norms and other weights",GPU configured,0,24576
inkling-975b,inkling-UD-IQ1_S-00005-of-00007.gguf,blk.45.ffn_up_exps.weight,6144x3072x256,IQ1_S,943718400,routed experts,system RAM,22118400,22118400
inkling-975b,inkling-UD-IQ1_S-00005-of-00007.gguf,blk.45.ffn_up_shexp.weight,6144x3072x2,Q5_K,25952256,shared experts and shared gate,GPU configured,0,25952256
inkling-975b,inkling-UD-IQ1_S-00005-of-00007.gguf,blk.45.shortconv_attn.weight,4x6144,F32,98304,attention and recurrent state weights,GPU configured,0,98304
inkling-975b,inkling-UD-IQ1_S-00005-of-00007.gguf,blk.45.shortconv_k.weight,4x2048,F32,32768,attention and recurrent state weights,GPU configured,0,32768
inkling-975b,inkling-UD-IQ1_S-00005-of-00007.gguf,blk.45.shortconv_mlp.weight,4x6144,F32,98304,attention and recurrent state weights,GPU configured,0,98304
inkling-975b,inkling-UD-IQ1_S-00005-of-00007.gguf,blk.45.shortconv_v.weight,4x2048,F32,32768,attention and recurrent state weights,GPU configured,0,32768
inkling-975b,inkling-UD-IQ1_S-00005-of-00007.gguf,blk.46.attn_k.weight,6144x2048,Q5_K,8650752,attention and recurrent state weights,GPU configured,0,8650752
inkling-975b,inkling-UD-IQ1_S-00005-of-00007.gguf,blk.46.attn_k_norm.weight,128,F32,512,attention and recurrent state weights,GPU configured,0,512
inkling-975b,inkling-UD-IQ1_S-00005-of-00007.gguf,blk.46.attn_norm.weight,6144,F32,24576,attention and recurrent state weights,GPU configured,0,24576
inkling-975b,inkling-UD-IQ1_S-00005-of-00007.gguf,blk.46.attn_output.weight,8192x6144,Q5_K,34603008,attention and recurrent state weights,GPU configured,0,34603008
inkling-975b,inkling-UD-IQ1_S-00005-of-00007.gguf,blk.46.attn_q.weight,6144x8192,Q5_K,34603008,attention and recurrent state weights,GPU configured,0,34603008
inkling-975b,inkling-UD-IQ1_S-00005-of-00007.gguf,blk.46.attn_q_norm.weight,128,F32,512,attention and recurrent state weights,GPU configured,0,512
inkling-975b,inkling-UD-IQ1_S-00005-of-00007.gguf,blk.46.attn_r.weight,6144x1024,Q8_0,6684672,attention and recurrent state weights,GPU configured,0,6684672
inkling-975b,inkling-UD-IQ1_S-00005-of-00007.gguf,blk.46.attn_rel_proj.weight,512x16,F32,32768,attention and recurrent state weights,GPU configured,0,32768
inkling-975b,inkling-UD-IQ1_S-00005-of-00007.gguf,blk.46.attn_v.weight,6144x2048,Q5_K,8650752,attention and recurrent state weights,GPU configured,0,8650752
inkling-975b,inkling-UD-IQ1_S-00005-of-00007.gguf,blk.46.exp_probs_b.bias,256,F32,1024,"routing, norms and other weights",GPU configured,0,1024
inkling-975b,inkling-UD-IQ1_S-00005-of-00007.gguf,blk.46.ffn_down_exps.weight,3072x6144x256,IQ3_XXS,1849688064,routed experts,system RAM,43352064,43352064
inkling-975b,inkling-UD-IQ1_S-00005-of-00007.gguf,blk.46.ffn_down_shexp.weight,3072x6144x2,Q6_K,30965760,shared experts and shared gate,GPU configured,0,30965760
inkling-975b,inkling-UD-IQ1_S-00005-of-00007.gguf,blk.46.ffn_gate_exps.weight,6144x3072x256,IQ2_XXS,1245708288,routed experts,system RAM,29196288,29196288
inkling-975b,inkling-UD-IQ1_S-00005-of-00007.gguf,blk.46.ffn_gate_inp.weight,6144x258,F32,6340608,"routing, norms and other weights",GPU configured,0,6340608
inkling-975b,inkling-UD-IQ1_S-00005-of-00007.gguf,blk.46.ffn_gate_shexp.weight,6144x3072x2,Q5_K,25952256,shared experts and shared gate,GPU configured,0,25952256
inkling-975b,inkling-UD-IQ1_S-00005-of-00007.gguf,blk.46.ffn_gscale.weight,1,F32,4,"routing, norms and other weights",GPU configured,0,4
inkling-975b,inkling-UD-IQ1_S-00005-of-00007.gguf,blk.46.ffn_norm.weight,6144,F32,24576,"routing, norms and other weights",GPU configured,0,24576
inkling-975b,inkling-UD-IQ1_S-00005-of-00007.gguf,blk.46.ffn_up_exps.weight,6144x3072x256,IQ2_XXS,1245708288,routed experts,system RAM,29196288,29196288
inkling-975b,inkling-UD-IQ1_S-00005-of-00007.gguf,blk.46.ffn_up_shexp.weight,6144x3072x2,Q5_K,25952256,shared experts and shared gate,GPU configured,0,25952256
inkling-975b,inkling-UD-IQ1_S-00005-of-00007.gguf,blk.46.shortconv_attn.weight,4x6144,F32,98304,attention and recurrent state weights,GPU configured,0,98304
inkling-975b,inkling-UD-IQ1_S-00005-of-00007.gguf,blk.46.shortconv_k.weight,4x2048,F32,32768,attention and recurrent state weights,GPU configured,0,32768
inkling-975b,inkling-UD-IQ1_S-00005-of-00007.gguf,blk.46.shortconv_mlp.weight,4x6144,F32,98304,attention and recurrent state weights,GPU configured,0,98304
inkling-975b,inkling-UD-IQ1_S-00005-of-00007.gguf,blk.46.shortconv_v.weight,4x2048,F32,32768,attention and recurrent state weights,GPU configured,0,32768
inkling-975b,inkling-UD-IQ1_S-00005-of-00007.gguf,blk.47.attn_k.weight,6144x1024,Q5_K,4325376,attention and recurrent state weights,GPU configured,0,4325376
inkling-975b,inkling-UD-IQ1_S-00005-of-00007.gguf,blk.47.attn_k_norm.weight,128,F32,512,attention and recurrent state weights,GPU configured,0,512
inkling-975b,inkling-UD-IQ1_S-00005-of-00007.gguf,blk.47.attn_norm.weight,6144,F32,24576,attention and recurrent state weights,GPU configured,0,24576
inkling-975b,inkling-UD-IQ1_S-00005-of-00007.gguf,blk.47.attn_output.weight,8192x6144,Q5_K,34603008,attention and recurrent state weights,GPU configured,0,34603008
inkling-975b,inkling-UD-IQ1_S-00005-of-00007.gguf,blk.47.attn_q.weight,6144x8192,Q5_K,34603008,attention and recurrent state weights,GPU configured,0,34603008
inkling-975b,inkling-UD-IQ1_S-00005-of-00007.gguf,blk.47.attn_q_norm.weight,128,F32,512,attention and recurrent state weights,GPU configured,0,512
inkling-975b,inkling-UD-IQ1_S-00005-of-00007.gguf,blk.47.attn_r.weight,6144x1024,Q8_0,6684672,attention and recurrent state weights,GPU configured,0,6684672
inkling-975b,inkling-UD-IQ1_S-00005-of-00007.gguf,blk.47.attn_rel_proj.weight,1024x16,F32,65536,attention and recurrent state weights,GPU configured,0,65536
inkling-975b,inkling-UD-IQ1_S-00005-of-00007.gguf,blk.47.attn_v.weight,6144x1024,Q5_K,4325376,attention and recurrent state weights,GPU configured,0,4325376
inkling-975b,inkling-UD-IQ1_S-00005-of-00007.gguf,blk.47.exp_probs_b.bias,256,F32,1024,"routing, norms and other weights",GPU configured,0,1024
inkling-975b,inkling-UD-IQ1_S-00005-of-00007.gguf,blk.47.ffn_down_exps.weight,3072x6144x256,IQ3_XXS,1849688064,routed experts,system RAM,43352064,43352064
inkling-975b,inkling-UD-IQ1_S-00005-of-00007.gguf,blk.47.ffn_down_shexp.weight,3072x6144x2,Q6_K,30965760,shared experts and shared gate,GPU configured,0,30965760
inkling-975b,inkling-UD-IQ1_S-00005-of-00007.gguf,blk.47.ffn_gate_exps.weight,6144x3072x256,IQ2_XXS,1245708288,routed experts,system RAM,29196288,29196288
inkling-975b,inkling-UD-IQ1_S-00005-of-00007.gguf,blk.47.ffn_gate_inp.weight,6144x258,F32,6340608,"routing, norms and other weights",GPU configured,0,6340608
inkling-975b,inkling-UD-IQ1_S-00005-of-00007.gguf,blk.47.ffn_gate_shexp.weight,6144x3072x2,Q5_K,25952256,shared experts and shared gate,GPU configured,0,25952256
inkling-975b,inkling-UD-IQ1_S-00005-of-00007.gguf,blk.47.ffn_gscale.weight,1,F32,4,"routing, norms and other weights",GPU configured,0,4
inkling-975b,inkling-UD-IQ1_S-00005-of-00007.gguf,blk.47.ffn_norm.weight,6144,F32,24576,"routing, norms and other weights",GPU configured,0,24576
inkling-975b,inkling-UD-IQ1_S-00005-of-00007.gguf,blk.47.ffn_up_exps.weight,6144x3072x256,IQ2_XXS,1245708288,routed experts,system RAM,29196288,29196288
inkling-975b,inkling-UD-IQ1_S-00005-of-00007.gguf,blk.47.ffn_up_shexp.weight,6144x3072x2,Q5_K,25952256,shared experts and shared gate,GPU configured,0,25952256
inkling-975b,inkling-UD-IQ1_S-00005-of-00007.gguf,blk.47.shortconv_attn.weight,4x6144,F32,98304,attention and recurrent state weights,GPU configured,0,98304
inkling-975b,inkling-UD-IQ1_S-00005-of-00007.gguf,blk.47.shortconv_k.weight,4x1024,F32,16384,attention and recurrent state weights,GPU configured,0,16384
inkling-975b,inkling-UD-IQ1_S-00005-of-00007.gguf,blk.47.shortconv_mlp.weight,4x6144,F32,98304,attention and recurrent state weights,GPU configured,0,98304
inkling-975b,inkling-UD-IQ1_S-00005-of-00007.gguf,blk.47.shortconv_v.weight,4x1024,F32,16384,attention and recurrent state weights,GPU configured,0,16384
inkling-975b,inkling-UD-IQ1_S-00005-of-00007.gguf,blk.48.attn_k.weight,6144x2048,Q5_K,8650752,attention and recurrent state weights,GPU configured,0,8650752
inkling-975b,inkling-UD-IQ1_S-00005-of-00007.gguf,blk.48.attn_k_norm.weight,128,F32,512,attention and recurrent state weights,GPU configured,0,512
inkling-975b,inkling-UD-IQ1_S-00005-of-00007.gguf,blk.48.attn_norm.weight,6144,F32,24576,attention and recurrent state weights,GPU configured,0,24576
inkling-975b,inkling-UD-IQ1_S-00005-of-00007.gguf,blk.48.attn_output.weight,8192x6144,Q5_K,34603008,attention and recurrent state weights,GPU configured,0,34603008
inkling-975b,inkling-UD-IQ1_S-00005-of-00007.gguf,blk.48.attn_q.weight,6144x8192,Q5_K,34603008,attention and recurrent state weights,GPU configured,0,34603008
inkling-975b,inkling-UD-IQ1_S-00005-of-00007.gguf,blk.48.attn_q_norm.weight,128,F32,512,attention and recurrent state weights,GPU configured,0,512
inkling-975b,inkling-UD-IQ1_S-00005-of-00007.gguf,blk.48.attn_r.weight,6144x1024,Q8_0,6684672,attention and recurrent state weights,GPU configured,0,6684672
inkling-975b,inkling-UD-IQ1_S-00005-of-00007.gguf,blk.48.attn_rel_proj.weight,512x16,F32,32768,attention and recurrent state weights,GPU configured,0,32768
inkling-975b,inkling-UD-IQ1_S-00005-of-00007.gguf,blk.48.attn_v.weight,6144x2048,Q5_K,8650752,attention and recurrent state weights,GPU configured,0,8650752
inkling-975b,inkling-UD-IQ1_S-00005-of-00007.gguf,blk.48.exp_probs_b.bias,256,F32,1024,"routing, norms and other weights",GPU configured,0,1024
inkling-975b,inkling-UD-IQ1_S-00005-of-00007.gguf,blk.48.ffn_down_exps.weight,3072x6144x256,IQ3_XXS,1849688064,routed experts,system RAM,43352064,43352064
inkling-975b,inkling-UD-IQ1_S-00005-of-00007.gguf,blk.48.ffn_down_shexp.weight,3072x6144x2,Q6_K,30965760,shared experts and shared gate,GPU configured,0,30965760
inkling-975b,inkling-UD-IQ1_S-00005-of-00007.gguf,blk.48.ffn_gate_exps.weight,6144x3072x256,IQ1_S,943718400,routed experts,system RAM,22118400,22118400
inkling-975b,inkling-UD-IQ1_S-00005-of-00007.gguf,blk.48.ffn_gate_inp.weight,6144x258,F32,6340608,"routing, norms and other weights",GPU configured,0,6340608
inkling-975b,inkling-UD-IQ1_S-00005-of-00007.gguf,blk.48.ffn_gate_shexp.weight,6144x3072x2,Q5_K,25952256,shared experts and shared gate,GPU configured,0,25952256
inkling-975b,inkling-UD-IQ1_S-00005-of-00007.gguf,blk.48.ffn_gscale.weight,1,F32,4,"routing, norms and other weights",GPU configured,0,4
inkling-975b,inkling-UD-IQ1_S-00005-of-00007.gguf,blk.48.ffn_norm.weight,6144,F32,24576,"routing, norms and other weights",GPU configured,0,24576
inkling-975b,inkling-UD-IQ1_S-00005-of-00007.gguf,blk.48.ffn_up_exps.weight,6144x3072x256,IQ1_S,943718400,routed experts,system RAM,22118400,22118400
inkling-975b,inkling-UD-IQ1_S-00005-of-00007.gguf,blk.48.ffn_up_shexp.weight,6144x3072x2,Q5_K,25952256,shared experts and shared gate,GPU configured,0,25952256
inkling-975b,inkling-UD-IQ1_S-00005-of-00007.gguf,blk.48.shortconv_attn.weight,4x6144,F32,98304,attention and recurrent state weights,GPU configured,0,98304
inkling-975b,inkling-UD-IQ1_S-00005-of-00007.gguf,blk.48.shortconv_k.weight,4x2048,F32,32768,attention and recurrent state weights,GPU configured,0,32768
inkling-975b,inkling-UD-IQ1_S-00005-of-00007.gguf,blk.48.shortconv_mlp.weight,4x6144,F32,98304,attention and recurrent state weights,GPU configured,0,98304
inkling-975b,inkling-UD-IQ1_S-00005-of-00007.gguf,blk.48.shortconv_v.weight,4x2048,F32,32768,attention and recurrent state weights,GPU configured,0,32768
inkling-975b,inkling-UD-IQ1_S-00005-of-00007.gguf,blk.49.attn_k.weight,6144x2048,Q5_K,8650752,attention and recurrent state weights,GPU configured,0,8650752
inkling-975b,inkling-UD-IQ1_S-00005-of-00007.gguf,blk.49.attn_k_norm.weight,128,F32,512,attention and recurrent state weights,GPU configured,0,512
inkling-975b,inkling-UD-IQ1_S-00005-of-00007.gguf,blk.49.attn_norm.weight,6144,F32,24576,attention and recurrent state weights,GPU configured,0,24576
inkling-975b,inkling-UD-IQ1_S-00005-of-00007.gguf,blk.49.attn_output.weight,8192x6144,Q5_K,34603008,attention and recurrent state weights,GPU configured,0,34603008
inkling-975b,inkling-UD-IQ1_S-00005-of-00007.gguf,blk.49.attn_q.weight,6144x8192,Q5_K,34603008,attention and recurrent state weights,GPU configured,0,34603008
inkling-975b,inkling-UD-IQ1_S-00005-of-00007.gguf,blk.49.attn_q_norm.weight,128,F32,512,attention and recurrent state weights,GPU configured,0,512
inkling-975b,inkling-UD-IQ1_S-00005-of-00007.gguf,blk.49.attn_r.weight,6144x1024,Q8_0,6684672,attention and recurrent state weights,GPU configured,0,6684672
inkling-975b,inkling-UD-IQ1_S-00005-of-00007.gguf,blk.49.attn_rel_proj.weight,512x16,F32,32768,attention and recurrent state weights,GPU configured,0,32768
inkling-975b,inkling-UD-IQ1_S-00005-of-00007.gguf,blk.49.attn_v.weight,6144x2048,Q5_K,8650752,attention and recurrent state weights,GPU configured,0,8650752
inkling-975b,inkling-UD-IQ1_S-00005-of-00007.gguf,blk.49.exp_probs_b.bias,256,F32,1024,"routing, norms and other weights",GPU configured,0,1024
inkling-975b,inkling-UD-IQ1_S-00005-of-00007.gguf,blk.49.ffn_down_exps.weight,3072x6144x256,IQ3_XXS,1849688064,routed experts,system RAM,43352064,43352064
inkling-975b,inkling-UD-IQ1_S-00005-of-00007.gguf,blk.49.ffn_down_shexp.weight,3072x6144x2,Q6_K,30965760,shared experts and shared gate,GPU configured,0,30965760
inkling-975b,inkling-UD-IQ1_S-00005-of-00007.gguf,blk.49.ffn_gate_exps.weight,6144x3072x256,IQ1_S,943718400,routed experts,system RAM,22118400,22118400
inkling-975b,inkling-UD-IQ1_S-00005-of-00007.gguf,blk.49.ffn_gate_inp.weight,6144x258,F32,6340608,"routing, norms and other weights",GPU configured,0,6340608
inkling-975b,inkling-UD-IQ1_S-00005-of-00007.gguf,blk.49.ffn_gate_shexp.weight,6144x3072x2,Q5_K,25952256,shared experts and shared gate,GPU configured,0,25952256
inkling-975b,inkling-UD-IQ1_S-00005-of-00007.gguf,blk.49.ffn_gscale.weight,1,F32,4,"routing, norms and other weights",GPU configured,0,4
inkling-975b,inkling-UD-IQ1_S-00005-of-00007.gguf,blk.49.ffn_norm.weight,6144,F32,24576,"routing, norms and other weights",GPU configured,0,24576
inkling-975b,inkling-UD-IQ1_S-00005-of-00007.gguf,blk.49.ffn_up_exps.weight,6144x3072x256,IQ1_S,943718400,routed experts,system RAM,22118400,22118400
inkling-975b,inkling-UD-IQ1_S-00005-of-00007.gguf,blk.49.ffn_up_shexp.weight,6144x3072x2,Q5_K,25952256,shared experts and shared gate,GPU configured,0,25952256
inkling-975b,inkling-UD-IQ1_S-00005-of-00007.gguf,blk.49.shortconv_attn.weight,4x6144,F32,98304,attention and recurrent state weights,GPU configured,0,98304
inkling-975b,inkling-UD-IQ1_S-00005-of-00007.gguf,blk.49.shortconv_k.weight,4x2048,F32,32768,attention and recurrent state weights,GPU configured,0,32768
inkling-975b,inkling-UD-IQ1_S-00005-of-00007.gguf,blk.49.shortconv_mlp.weight,4x6144,F32,98304,attention and recurrent state weights,GPU configured,0,98304
inkling-975b,inkling-UD-IQ1_S-00005-of-00007.gguf,blk.49.shortconv_v.weight,4x2048,F32,32768,attention and recurrent state weights,GPU configured,0,32768
inkling-975b,inkling-UD-IQ1_S-00005-of-00007.gguf,blk.50.attn_k.weight,6144x2048,Q5_K,8650752,attention and recurrent state weights,GPU configured,0,8650752
inkling-975b,inkling-UD-IQ1_S-00005-of-00007.gguf,blk.50.attn_k_norm.weight,128,F32,512,attention and recurrent state weights,GPU configured,0,512
inkling-975b,inkling-UD-IQ1_S-00005-of-00007.gguf,blk.50.attn_norm.weight,6144,F32,24576,attention and recurrent state weights,GPU configured,0,24576
inkling-975b,inkling-UD-IQ1_S-00005-of-00007.gguf,blk.50.attn_output.weight,8192x6144,Q5_K,34603008,attention and recurrent state weights,GPU configured,0,34603008
inkling-975b,inkling-UD-IQ1_S-00005-of-00007.gguf,blk.50.attn_q.weight,6144x8192,Q5_K,34603008,attention and recurrent state weights,GPU configured,0,34603008
inkling-975b,inkling-UD-IQ1_S-00005-of-00007.gguf,blk.50.attn_q_norm.weight,128,F32,512,attention and recurrent state weights,GPU configured,0,512
inkling-975b,inkling-UD-IQ1_S-00005-of-00007.gguf,blk.50.attn_r.weight,6144x1024,Q8_0,6684672,attention and recurrent state weights,GPU configured,0,6684672
inkling-975b,inkling-UD-IQ1_S-00005-of-00007.gguf,blk.50.attn_rel_proj.weight,512x16,F32,32768,attention and recurrent state weights,GPU configured,0,32768
inkling-975b,inkling-UD-IQ1_S-00005-of-00007.gguf,blk.50.attn_v.weight,6144x2048,Q5_K,8650752,attention and recurrent state weights,GPU configured,0,8650752
inkling-975b,inkling-UD-IQ1_S-00005-of-00007.gguf,blk.50.exp_probs_b.bias,256,F32,1024,"routing, norms and other weights",GPU configured,0,1024
inkling-975b,inkling-UD-IQ1_S-00006-of-00007.gguf,blk.50.ffn_down_exps.weight,3072x6144x256,IQ3_XXS,1849688064,routed experts,system RAM,43352064,43352064
inkling-975b,inkling-UD-IQ1_S-00006-of-00007.gguf,blk.50.ffn_down_shexp.weight,3072x6144x2,Q6_K,30965760,shared experts and shared gate,GPU configured,0,30965760
inkling-975b,inkling-UD-IQ1_S-00006-of-00007.gguf,blk.50.ffn_gate_exps.weight,6144x3072x256,IQ1_S,943718400,routed experts,system RAM,22118400,22118400
inkling-975b,inkling-UD-IQ1_S-00006-of-00007.gguf,blk.50.ffn_gate_inp.weight,6144x258,F32,6340608,"routing, norms and other weights",GPU configured,0,6340608
inkling-975b,inkling-UD-IQ1_S-00006-of-00007.gguf,blk.50.ffn_gate_shexp.weight,6144x3072x2,Q5_K,25952256,shared experts and shared gate,GPU configured,0,25952256
inkling-975b,inkling-UD-IQ1_S-00006-of-00007.gguf,blk.50.ffn_gscale.weight,1,F32,4,"routing, norms and other weights",GPU configured,0,4
inkling-975b,inkling-UD-IQ1_S-00006-of-00007.gguf,blk.50.ffn_norm.weight,6144,F32,24576,"routing, norms and other weights",GPU configured,0,24576
inkling-975b,inkling-UD-IQ1_S-00006-of-00007.gguf,blk.50.ffn_up_exps.weight,6144x3072x256,IQ1_S,943718400,routed experts,system RAM,22118400,22118400
inkling-975b,inkling-UD-IQ1_S-00006-of-00007.gguf,blk.50.ffn_up_shexp.weight,6144x3072x2,Q5_K,25952256,shared experts and shared gate,GPU configured,0,25952256
inkling-975b,inkling-UD-IQ1_S-00006-of-00007.gguf,blk.50.shortconv_attn.weight,4x6144,F32,98304,attention and recurrent state weights,GPU configured,0,98304
inkling-975b,inkling-UD-IQ1_S-00006-of-00007.gguf,blk.50.shortconv_k.weight,4x2048,F32,32768,attention and recurrent state weights,GPU configured,0,32768
inkling-975b,inkling-UD-IQ1_S-00006-of-00007.gguf,blk.50.shortconv_mlp.weight,4x6144,F32,98304,attention and recurrent state weights,GPU configured,0,98304
inkling-975b,inkling-UD-IQ1_S-00006-of-00007.gguf,blk.50.shortconv_v.weight,4x2048,F32,32768,attention and recurrent state weights,GPU configured,0,32768
inkling-975b,inkling-UD-IQ1_S-00006-of-00007.gguf,blk.51.attn_k.weight,6144x2048,Q5_K,8650752,attention and recurrent state weights,GPU configured,0,8650752
inkling-975b,inkling-UD-IQ1_S-00006-of-00007.gguf,blk.51.attn_k_norm.weight,128,F32,512,attention and recurrent state weights,GPU configured,0,512
inkling-975b,inkling-UD-IQ1_S-00006-of-00007.gguf,blk.51.attn_norm.weight,6144,F32,24576,attention and recurrent state weights,GPU configured,0,24576
inkling-975b,inkling-UD-IQ1_S-00006-of-00007.gguf,blk.51.attn_output.weight,8192x6144,Q5_K,34603008,attention and recurrent state weights,GPU configured,0,34603008
inkling-975b,inkling-UD-IQ1_S-00006-of-00007.gguf,blk.51.attn_q.weight,6144x8192,Q5_K,34603008,attention and recurrent state weights,GPU configured,0,34603008
inkling-975b,inkling-UD-IQ1_S-00006-of-00007.gguf,blk.51.attn_q_norm.weight,128,F32,512,attention and recurrent state weights,GPU configured,0,512
inkling-975b,inkling-UD-IQ1_S-00006-of-00007.gguf,blk.51.attn_r.weight,6144x1024,Q8_0,6684672,attention and recurrent state weights,GPU configured,0,6684672
inkling-975b,inkling-UD-IQ1_S-00006-of-00007.gguf,blk.51.attn_rel_proj.weight,512x16,F32,32768,attention and recurrent state weights,GPU configured,0,32768
inkling-975b,inkling-UD-IQ1_S-00006-of-00007.gguf,blk.51.attn_v.weight,6144x2048,Q5_K,8650752,attention and recurrent state weights,GPU configured,0,8650752
inkling-975b,inkling-UD-IQ1_S-00006-of-00007.gguf,blk.51.exp_probs_b.bias,256,F32,1024,"routing, norms and other weights",GPU configured,0,1024
inkling-975b,inkling-UD-IQ1_S-00006-of-00007.gguf,blk.51.ffn_down_exps.weight,3072x6144x256,IQ3_XXS,1849688064,routed experts,system RAM,43352064,43352064
inkling-975b,inkling-UD-IQ1_S-00006-of-00007.gguf,blk.51.ffn_down_shexp.weight,3072x6144x2,Q6_K,30965760,shared experts and shared gate,GPU configured,0,30965760
inkling-975b,inkling-UD-IQ1_S-00006-of-00007.gguf,blk.51.ffn_gate_exps.weight,6144x3072x256,IQ1_S,943718400,routed experts,system RAM,22118400,22118400
inkling-975b,inkling-UD-IQ1_S-00006-of-00007.gguf,blk.51.ffn_gate_inp.weight,6144x258,F32,6340608,"routing, norms and other weights",GPU configured,0,6340608
inkling-975b,inkling-UD-IQ1_S-00006-of-00007.gguf,blk.51.ffn_gate_shexp.weight,6144x3072x2,Q5_K,25952256,shared experts and shared gate,GPU configured,0,25952256
inkling-975b,inkling-UD-IQ1_S-00006-of-00007.gguf,blk.51.ffn_gscale.weight,1,F32,4,"routing, norms and other weights",GPU configured,0,4
inkling-975b,inkling-UD-IQ1_S-00006-of-00007.gguf,blk.51.ffn_norm.weight,6144,F32,24576,"routing, norms and other weights",GPU configured,0,24576
inkling-975b,inkling-UD-IQ1_S-00006-of-00007.gguf,blk.51.ffn_up_exps.weight,6144x3072x256,IQ1_S,943718400,routed experts,system RAM,22118400,22118400
inkling-975b,inkling-UD-IQ1_S-00006-of-00007.gguf,blk.51.ffn_up_shexp.weight,6144x3072x2,Q5_K,25952256,shared experts and shared gate,GPU configured,0,25952256
inkling-975b,inkling-UD-IQ1_S-00006-of-00007.gguf,blk.51.shortconv_attn.weight,4x6144,F32,98304,attention and recurrent state weights,GPU configured,0,98304
inkling-975b,inkling-UD-IQ1_S-00006-of-00007.gguf,blk.51.shortconv_k.weight,4x2048,F32,32768,attention and recurrent state weights,GPU configured,0,32768
inkling-975b,inkling-UD-IQ1_S-00006-of-00007.gguf,blk.51.shortconv_mlp.weight,4x6144,F32,98304,attention and recurrent state weights,GPU configured,0,98304
inkling-975b,inkling-UD-IQ1_S-00006-of-00007.gguf,blk.51.shortconv_v.weight,4x2048,F32,32768,attention and recurrent state weights,GPU configured,0,32768
inkling-975b,inkling-UD-IQ1_S-00006-of-00007.gguf,blk.52.attn_k.weight,6144x2048,Q5_K,8650752,attention and recurrent state weights,GPU configured,0,8650752
inkling-975b,inkling-UD-IQ1_S-00006-of-00007.gguf,blk.52.attn_k_norm.weight,128,F32,512,attention and recurrent state weights,GPU configured,0,512
inkling-975b,inkling-UD-IQ1_S-00006-of-00007.gguf,blk.52.attn_norm.weight,6144,F32,24576,attention and recurrent state weights,GPU configured,0,24576
inkling-975b,inkling-UD-IQ1_S-00006-of-00007.gguf,blk.52.attn_output.weight,8192x6144,Q5_K,34603008,attention and recurrent state weights,GPU configured,0,34603008
inkling-975b,inkling-UD-IQ1_S-00006-of-00007.gguf,blk.52.attn_q.weight,6144x8192,Q5_K,34603008,attention and recurrent state weights,GPU configured,0,34603008
inkling-975b,inkling-UD-IQ1_S-00006-of-00007.gguf,blk.52.attn_q_norm.weight,128,F32,512,attention and recurrent state weights,GPU configured,0,512
inkling-975b,inkling-UD-IQ1_S-00006-of-00007.gguf,blk.52.attn_r.weight,6144x1024,Q8_0,6684672,attention and recurrent state weights,GPU configured,0,6684672
inkling-975b,inkling-UD-IQ1_S-00006-of-00007.gguf,blk.52.attn_rel_proj.weight,512x16,F32,32768,attention and recurrent state weights,GPU configured,0,32768
inkling-975b,inkling-UD-IQ1_S-00006-of-00007.gguf,blk.52.attn_v.weight,6144x2048,Q5_K,8650752,attention and recurrent state weights,GPU configured,0,8650752
inkling-975b,inkling-UD-IQ1_S-00006-of-00007.gguf,blk.52.exp_probs_b.bias,256,F32,1024,"routing, norms and other weights",GPU configured,0,1024
inkling-975b,inkling-UD-IQ1_S-00006-of-00007.gguf,blk.52.ffn_down_exps.weight,3072x6144x256,IQ3_XXS,1849688064,routed experts,system RAM,43352064,43352064
inkling-975b,inkling-UD-IQ1_S-00006-of-00007.gguf,blk.52.ffn_down_shexp.weight,3072x6144x2,Q6_K,30965760,shared experts and shared gate,GPU configured,0,30965760
inkling-975b,inkling-UD-IQ1_S-00006-of-00007.gguf,blk.52.ffn_gate_exps.weight,6144x3072x256,IQ2_XXS,1245708288,routed experts,system RAM,29196288,29196288
inkling-975b,inkling-UD-IQ1_S-00006-of-00007.gguf,blk.52.ffn_gate_inp.weight,6144x258,F32,6340608,"routing, norms and other weights",GPU configured,0,6340608
inkling-975b,inkling-UD-IQ1_S-00006-of-00007.gguf,blk.52.ffn_gate_shexp.weight,6144x3072x2,Q5_K,25952256,shared experts and shared gate,GPU configured,0,25952256
inkling-975b,inkling-UD-IQ1_S-00006-of-00007.gguf,blk.52.ffn_gscale.weight,1,F32,4,"routing, norms and other weights",GPU configured,0,4
inkling-975b,inkling-UD-IQ1_S-00006-of-00007.gguf,blk.52.ffn_norm.weight,6144,F32,24576,"routing, norms and other weights",GPU configured,0,24576
inkling-975b,inkling-UD-IQ1_S-00006-of-00007.gguf,blk.52.ffn_up_exps.weight,6144x3072x256,IQ2_XXS,1245708288,routed experts,system RAM,29196288,29196288
inkling-975b,inkling-UD-IQ1_S-00006-of-00007.gguf,blk.52.ffn_up_shexp.weight,6144x3072x2,Q5_K,25952256,shared experts and shared gate,GPU configured,0,25952256
inkling-975b,inkling-UD-IQ1_S-00006-of-00007.gguf,blk.52.shortconv_attn.weight,4x6144,F32,98304,attention and recurrent state weights,GPU configured,0,98304
inkling-975b,inkling-UD-IQ1_S-00006-of-00007.gguf,blk.52.shortconv_k.weight,4x2048,F32,32768,attention and recurrent state weights,GPU configured,0,32768
inkling-975b,inkling-UD-IQ1_S-00006-of-00007.gguf,blk.52.shortconv_mlp.weight,4x6144,F32,98304,attention and recurrent state weights,GPU configured,0,98304
inkling-975b,inkling-UD-IQ1_S-00006-of-00007.gguf,blk.52.shortconv_v.weight,4x2048,F32,32768,attention and recurrent state weights,GPU configured,0,32768
inkling-975b,inkling-UD-IQ1_S-00006-of-00007.gguf,blk.53.attn_k.weight,6144x1024,Q5_K,4325376,attention and recurrent state weights,GPU configured,0,4325376
inkling-975b,inkling-UD-IQ1_S-00006-of-00007.gguf,blk.53.attn_k_norm.weight,128,F32,512,attention and recurrent state weights,GPU configured,0,512
inkling-975b,inkling-UD-IQ1_S-00006-of-00007.gguf,blk.53.attn_norm.weight,6144,F32,24576,attention and recurrent state weights,GPU configured,0,24576
inkling-975b,inkling-UD-IQ1_S-00006-of-00007.gguf,blk.53.attn_output.weight,8192x6144,Q5_K,34603008,attention and recurrent state weights,GPU configured,0,34603008
inkling-975b,inkling-UD-IQ1_S-00006-of-00007.gguf,blk.53.attn_q.weight,6144x8192,Q5_K,34603008,attention and recurrent state weights,GPU configured,0,34603008
inkling-975b,inkling-UD-IQ1_S-00006-of-00007.gguf,blk.53.attn_q_norm.weight,128,F32,512,attention and recurrent state weights,GPU configured,0,512
inkling-975b,inkling-UD-IQ1_S-00006-of-00007.gguf,blk.53.attn_r.weight,6144x1024,Q8_0,6684672,attention and recurrent state weights,GPU configured,0,6684672
inkling-975b,inkling-UD-IQ1_S-00006-of-00007.gguf,blk.53.attn_rel_proj.weight,1024x16,F32,65536,attention and recurrent state weights,GPU configured,0,65536
inkling-975b,inkling-UD-IQ1_S-00006-of-00007.gguf,blk.53.attn_v.weight,6144x1024,Q5_K,4325376,attention and recurrent state weights,GPU configured,0,4325376
inkling-975b,inkling-UD-IQ1_S-00006-of-00007.gguf,blk.53.exp_probs_b.bias,256,F32,1024,"routing, norms and other weights",GPU configured,0,1024
inkling-975b,inkling-UD-IQ1_S-00006-of-00007.gguf,blk.53.ffn_down_exps.weight,3072x6144x256,IQ3_XXS,1849688064,routed experts,system RAM,43352064,43352064
inkling-975b,inkling-UD-IQ1_S-00006-of-00007.gguf,blk.53.ffn_down_shexp.weight,3072x6144x2,Q6_K,30965760,shared experts and shared gate,GPU configured,0,30965760
inkling-975b,inkling-UD-IQ1_S-00006-of-00007.gguf,blk.53.ffn_gate_exps.weight,6144x3072x256,IQ2_XXS,1245708288,routed experts,system RAM,29196288,29196288
inkling-975b,inkling-UD-IQ1_S-00006-of-00007.gguf,blk.53.ffn_gate_inp.weight,6144x258,F32,6340608,"routing, norms and other weights",GPU configured,0,6340608
inkling-975b,inkling-UD-IQ1_S-00006-of-00007.gguf,blk.53.ffn_gate_shexp.weight,6144x3072x2,Q5_K,25952256,shared experts and shared gate,GPU configured,0,25952256
inkling-975b,inkling-UD-IQ1_S-00006-of-00007.gguf,blk.53.ffn_gscale.weight,1,F32,4,"routing, norms and other weights",GPU configured,0,4
inkling-975b,inkling-UD-IQ1_S-00006-of-00007.gguf,blk.53.ffn_norm.weight,6144,F32,24576,"routing, norms and other weights",GPU configured,0,24576
inkling-975b,inkling-UD-IQ1_S-00006-of-00007.gguf,blk.53.ffn_up_exps.weight,6144x3072x256,IQ2_XXS,1245708288,routed experts,system RAM,29196288,29196288
inkling-975b,inkling-UD-IQ1_S-00006-of-00007.gguf,blk.53.ffn_up_shexp.weight,6144x3072x2,Q5_K,25952256,shared experts and shared gate,GPU configured,0,25952256
inkling-975b,inkling-UD-IQ1_S-00006-of-00007.gguf,blk.53.shortconv_attn.weight,4x6144,F32,98304,attention and recurrent state weights,GPU configured,0,98304
inkling-975b,inkling-UD-IQ1_S-00006-of-00007.gguf,blk.53.shortconv_k.weight,4x1024,F32,16384,attention and recurrent state weights,GPU configured,0,16384
inkling-975b,inkling-UD-IQ1_S-00006-of-00007.gguf,blk.53.shortconv_mlp.weight,4x6144,F32,98304,attention and recurrent state weights,GPU configured,0,98304
inkling-975b,inkling-UD-IQ1_S-00006-of-00007.gguf,blk.53.shortconv_v.weight,4x1024,F32,16384,attention and recurrent state weights,GPU configured,0,16384
inkling-975b,inkling-UD-IQ1_S-00006-of-00007.gguf,blk.54.attn_k.weight,6144x2048,Q5_K,8650752,attention and recurrent state weights,GPU configured,0,8650752
inkling-975b,inkling-UD-IQ1_S-00006-of-00007.gguf,blk.54.attn_k_norm.weight,128,F32,512,attention and recurrent state weights,GPU configured,0,512
inkling-975b,inkling-UD-IQ1_S-00006-of-00007.gguf,blk.54.attn_norm.weight,6144,F32,24576,attention and recurrent state weights,GPU configured,0,24576
inkling-975b,inkling-UD-IQ1_S-00006-of-00007.gguf,blk.54.attn_output.weight,8192x6144,Q5_K,34603008,attention and recurrent state weights,GPU configured,0,34603008
inkling-975b,inkling-UD-IQ1_S-00006-of-00007.gguf,blk.54.attn_q.weight,6144x8192,Q5_K,34603008,attention and recurrent state weights,GPU configured,0,34603008
inkling-975b,inkling-UD-IQ1_S-00006-of-00007.gguf,blk.54.attn_q_norm.weight,128,F32,512,attention and recurrent state weights,GPU configured,0,512
inkling-975b,inkling-UD-IQ1_S-00006-of-00007.gguf,blk.54.attn_r.weight,6144x1024,Q8_0,6684672,attention and recurrent state weights,GPU configured,0,6684672
inkling-975b,inkling-UD-IQ1_S-00006-of-00007.gguf,blk.54.attn_rel_proj.weight,512x16,F32,32768,attention and recurrent state weights,GPU configured,0,32768
inkling-975b,inkling-UD-IQ1_S-00006-of-00007.gguf,blk.54.attn_v.weight,6144x2048,Q5_K,8650752,attention and recurrent state weights,GPU configured,0,8650752
inkling-975b,inkling-UD-IQ1_S-00006-of-00007.gguf,blk.54.exp_probs_b.bias,256,F32,1024,"routing, norms and other weights",GPU configured,0,1024
inkling-975b,inkling-UD-IQ1_S-00006-of-00007.gguf,blk.54.ffn_down_exps.weight,3072x6144x256,IQ3_XXS,1849688064,routed experts,system RAM,43352064,43352064
inkling-975b,inkling-UD-IQ1_S-00006-of-00007.gguf,blk.54.ffn_down_shexp.weight,3072x6144x2,Q6_K,30965760,shared experts and shared gate,GPU configured,0,30965760
inkling-975b,inkling-UD-IQ1_S-00006-of-00007.gguf,blk.54.ffn_gate_exps.weight,6144x3072x256,IQ1_S,943718400,routed experts,system RAM,22118400,22118400
inkling-975b,inkling-UD-IQ1_S-00006-of-00007.gguf,blk.54.ffn_gate_inp.weight,6144x258,F32,6340608,"routing, norms and other weights",GPU configured,0,6340608
inkling-975b,inkling-UD-IQ1_S-00006-of-00007.gguf,blk.54.ffn_gate_shexp.weight,6144x3072x2,Q5_K,25952256,shared experts and shared gate,GPU configured,0,25952256
inkling-975b,inkling-UD-IQ1_S-00006-of-00007.gguf,blk.54.ffn_gscale.weight,1,F32,4,"routing, norms and other weights",GPU configured,0,4
inkling-975b,inkling-UD-IQ1_S-00006-of-00007.gguf,blk.54.ffn_norm.weight,6144,F32,24576,"routing, norms and other weights",GPU configured,0,24576
inkling-975b,inkling-UD-IQ1_S-00006-of-00007.gguf,blk.54.ffn_up_exps.weight,6144x3072x256,IQ1_S,943718400,routed experts,system RAM,22118400,22118400
inkling-975b,inkling-UD-IQ1_S-00006-of-00007.gguf,blk.54.ffn_up_shexp.weight,6144x3072x2,Q5_K,25952256,shared experts and shared gate,GPU configured,0,25952256
inkling-975b,inkling-UD-IQ1_S-00006-of-00007.gguf,blk.54.shortconv_attn.weight,4x6144,F32,98304,attention and recurrent state weights,GPU configured,0,98304
inkling-975b,inkling-UD-IQ1_S-00006-of-00007.gguf,blk.54.shortconv_k.weight,4x2048,F32,32768,attention and recurrent state weights,GPU configured,0,32768
inkling-975b,inkling-UD-IQ1_S-00006-of-00007.gguf,blk.54.shortconv_mlp.weight,4x6144,F32,98304,attention and recurrent state weights,GPU configured,0,98304
inkling-975b,inkling-UD-IQ1_S-00006-of-00007.gguf,blk.54.shortconv_v.weight,4x2048,F32,32768,attention and recurrent state weights,GPU configured,0,32768
inkling-975b,inkling-UD-IQ1_S-00006-of-00007.gguf,blk.55.attn_k.weight,6144x2048,Q5_K,8650752,attention and recurrent state weights,GPU configured,0,8650752
inkling-975b,inkling-UD-IQ1_S-00006-of-00007.gguf,blk.55.attn_k_norm.weight,128,F32,512,attention and recurrent state weights,GPU configured,0,512
inkling-975b,inkling-UD-IQ1_S-00006-of-00007.gguf,blk.55.attn_norm.weight,6144,F32,24576,attention and recurrent state weights,GPU configured,0,24576
inkling-975b,inkling-UD-IQ1_S-00006-of-00007.gguf,blk.55.attn_output.weight,8192x6144,Q5_K,34603008,attention and recurrent state weights,GPU configured,0,34603008
inkling-975b,inkling-UD-IQ1_S-00006-of-00007.gguf,blk.55.attn_q.weight,6144x8192,Q5_K,34603008,attention and recurrent state weights,GPU configured,0,34603008
inkling-975b,inkling-UD-IQ1_S-00006-of-00007.gguf,blk.55.attn_q_norm.weight,128,F32,512,attention and recurrent state weights,GPU configured,0,512
inkling-975b,inkling-UD-IQ1_S-00006-of-00007.gguf,blk.55.attn_r.weight,6144x1024,Q8_0,6684672,attention and recurrent state weights,GPU configured,0,6684672
inkling-975b,inkling-UD-IQ1_S-00006-of-00007.gguf,blk.55.attn_rel_proj.weight,512x16,F32,32768,attention and recurrent state weights,GPU configured,0,32768
inkling-975b,inkling-UD-IQ1_S-00006-of-00007.gguf,blk.55.attn_v.weight,6144x2048,Q5_K,8650752,attention and recurrent state weights,GPU configured,0,8650752
inkling-975b,inkling-UD-IQ1_S-00006-of-00007.gguf,blk.55.exp_probs_b.bias,256,F32,1024,"routing, norms and other weights",GPU configured,0,1024
inkling-975b,inkling-UD-IQ1_S-00006-of-00007.gguf,blk.55.ffn_down_exps.weight,3072x6144x256,IQ3_XXS,1849688064,routed experts,system RAM,43352064,43352064
inkling-975b,inkling-UD-IQ1_S-00006-of-00007.gguf,blk.55.ffn_down_shexp.weight,3072x6144x2,Q6_K,30965760,shared experts and shared gate,GPU configured,0,30965760
inkling-975b,inkling-UD-IQ1_S-00006-of-00007.gguf,blk.55.ffn_gate_exps.weight,6144x3072x256,IQ1_S,943718400,routed experts,system RAM,22118400,22118400
inkling-975b,inkling-UD-IQ1_S-00006-of-00007.gguf,blk.55.ffn_gate_inp.weight,6144x258,F32,6340608,"routing, norms and other weights",GPU configured,0,6340608
inkling-975b,inkling-UD-IQ1_S-00006-of-00007.gguf,blk.55.ffn_gate_shexp.weight,6144x3072x2,Q5_K,25952256,shared experts and shared gate,GPU configured,0,25952256
inkling-975b,inkling-UD-IQ1_S-00006-of-00007.gguf,blk.55.ffn_gscale.weight,1,F32,4,"routing, norms and other weights",GPU configured,0,4
inkling-975b,inkling-UD-IQ1_S-00006-of-00007.gguf,blk.55.ffn_norm.weight,6144,F32,24576,"routing, norms and other weights",GPU configured,0,24576
inkling-975b,inkling-UD-IQ1_S-00006-of-00007.gguf,blk.55.ffn_up_exps.weight,6144x3072x256,IQ1_S,943718400,routed experts,system RAM,22118400,22118400
inkling-975b,inkling-UD-IQ1_S-00006-of-00007.gguf,blk.55.ffn_up_shexp.weight,6144x3072x2,Q5_K,25952256,shared experts and shared gate,GPU configured,0,25952256
inkling-975b,inkling-UD-IQ1_S-00006-of-00007.gguf,blk.55.shortconv_attn.weight,4x6144,F32,98304,attention and recurrent state weights,GPU configured,0,98304
inkling-975b,inkling-UD-IQ1_S-00006-of-00007.gguf,blk.55.shortconv_k.weight,4x2048,F32,32768,attention and recurrent state weights,GPU configured,0,32768
inkling-975b,inkling-UD-IQ1_S-00006-of-00007.gguf,blk.55.shortconv_mlp.weight,4x6144,F32,98304,attention and recurrent state weights,GPU configured,0,98304
inkling-975b,inkling-UD-IQ1_S-00006-of-00007.gguf,blk.55.shortconv_v.weight,4x2048,F32,32768,attention and recurrent state weights,GPU configured,0,32768
inkling-975b,inkling-UD-IQ1_S-00006-of-00007.gguf,blk.56.attn_k.weight,6144x2048,Q5_K,8650752,attention and recurrent state weights,GPU configured,0,8650752
inkling-975b,inkling-UD-IQ1_S-00006-of-00007.gguf,blk.56.attn_k_norm.weight,128,F32,512,attention and recurrent state weights,GPU configured,0,512
inkling-975b,inkling-UD-IQ1_S-00006-of-00007.gguf,blk.56.attn_norm.weight,6144,F32,24576,attention and recurrent state weights,GPU configured,0,24576
inkling-975b,inkling-UD-IQ1_S-00006-of-00007.gguf,blk.56.attn_output.weight,8192x6144,Q5_K,34603008,attention and recurrent state weights,GPU configured,0,34603008
inkling-975b,inkling-UD-IQ1_S-00006-of-00007.gguf,blk.56.attn_q.weight,6144x8192,Q5_K,34603008,attention and recurrent state weights,GPU configured,0,34603008
inkling-975b,inkling-UD-IQ1_S-00006-of-00007.gguf,blk.56.attn_q_norm.weight,128,F32,512,attention and recurrent state weights,GPU configured,0,512
inkling-975b,inkling-UD-IQ1_S-00006-of-00007.gguf,blk.56.attn_r.weight,6144x1024,Q8_0,6684672,attention and recurrent state weights,GPU configured,0,6684672
inkling-975b,inkling-UD-IQ1_S-00006-of-00007.gguf,blk.56.attn_rel_proj.weight,512x16,F32,32768,attention and recurrent state weights,GPU configured,0,32768
inkling-975b,inkling-UD-IQ1_S-00006-of-00007.gguf,blk.56.attn_v.weight,6144x2048,Q5_K,8650752,attention and recurrent state weights,GPU configured,0,8650752
inkling-975b,inkling-UD-IQ1_S-00006-of-00007.gguf,blk.56.exp_probs_b.bias,256,F32,1024,"routing, norms and other weights",GPU configured,0,1024
inkling-975b,inkling-UD-IQ1_S-00006-of-00007.gguf,blk.56.ffn_down_exps.weight,3072x6144x256,IQ3_XXS,1849688064,routed experts,system RAM,43352064,43352064
inkling-975b,inkling-UD-IQ1_S-00006-of-00007.gguf,blk.56.ffn_down_shexp.weight,3072x6144x2,Q6_K,30965760,shared experts and shared gate,GPU configured,0,30965760
inkling-975b,inkling-UD-IQ1_S-00006-of-00007.gguf,blk.56.ffn_gate_exps.weight,6144x3072x256,IQ1_S,943718400,routed experts,system RAM,22118400,22118400
inkling-975b,inkling-UD-IQ1_S-00006-of-00007.gguf,blk.56.ffn_gate_inp.weight,6144x258,F32,6340608,"routing, norms and other weights",GPU configured,0,6340608
inkling-975b,inkling-UD-IQ1_S-00006-of-00007.gguf,blk.56.ffn_gate_shexp.weight,6144x3072x2,Q5_K,25952256,shared experts and shared gate,GPU configured,0,25952256
inkling-975b,inkling-UD-IQ1_S-00006-of-00007.gguf,blk.56.ffn_gscale.weight,1,F32,4,"routing, norms and other weights",GPU configured,0,4
inkling-975b,inkling-UD-IQ1_S-00006-of-00007.gguf,blk.56.ffn_norm.weight,6144,F32,24576,"routing, norms and other weights",GPU configured,0,24576
inkling-975b,inkling-UD-IQ1_S-00006-of-00007.gguf,blk.56.ffn_up_exps.weight,6144x3072x256,IQ1_S,943718400,routed experts,system RAM,22118400,22118400
inkling-975b,inkling-UD-IQ1_S-00006-of-00007.gguf,blk.56.ffn_up_shexp.weight,6144x3072x2,Q5_K,25952256,shared experts and shared gate,GPU configured,0,25952256
inkling-975b,inkling-UD-IQ1_S-00006-of-00007.gguf,blk.56.shortconv_attn.weight,4x6144,F32,98304,attention and recurrent state weights,GPU configured,0,98304
inkling-975b,inkling-UD-IQ1_S-00006-of-00007.gguf,blk.56.shortconv_k.weight,4x2048,F32,32768,attention and recurrent state weights,GPU configured,0,32768
inkling-975b,inkling-UD-IQ1_S-00006-of-00007.gguf,blk.56.shortconv_mlp.weight,4x6144,F32,98304,attention and recurrent state weights,GPU configured,0,98304
inkling-975b,inkling-UD-IQ1_S-00006-of-00007.gguf,blk.56.shortconv_v.weight,4x2048,F32,32768,attention and recurrent state weights,GPU configured,0,32768
inkling-975b,inkling-UD-IQ1_S-00006-of-00007.gguf,blk.57.attn_k.weight,6144x2048,Q5_K,8650752,attention and recurrent state weights,GPU configured,0,8650752
inkling-975b,inkling-UD-IQ1_S-00006-of-00007.gguf,blk.57.attn_k_norm.weight,128,F32,512,attention and recurrent state weights,GPU configured,0,512
inkling-975b,inkling-UD-IQ1_S-00006-of-00007.gguf,blk.57.attn_norm.weight,6144,F32,24576,attention and recurrent state weights,GPU configured,0,24576
inkling-975b,inkling-UD-IQ1_S-00006-of-00007.gguf,blk.57.attn_output.weight,8192x6144,Q5_K,34603008,attention and recurrent state weights,GPU configured,0,34603008
inkling-975b,inkling-UD-IQ1_S-00006-of-00007.gguf,blk.57.attn_q.weight,6144x8192,Q5_K,34603008,attention and recurrent state weights,GPU configured,0,34603008
inkling-975b,inkling-UD-IQ1_S-00006-of-00007.gguf,blk.57.attn_q_norm.weight,128,F32,512,attention and recurrent state weights,GPU configured,0,512
inkling-975b,inkling-UD-IQ1_S-00006-of-00007.gguf,blk.57.attn_r.weight,6144x1024,Q8_0,6684672,attention and recurrent state weights,GPU configured,0,6684672
inkling-975b,inkling-UD-IQ1_S-00006-of-00007.gguf,blk.57.attn_rel_proj.weight,512x16,F32,32768,attention and recurrent state weights,GPU configured,0,32768
inkling-975b,inkling-UD-IQ1_S-00006-of-00007.gguf,blk.57.attn_v.weight,6144x2048,Q5_K,8650752,attention and recurrent state weights,GPU configured,0,8650752
inkling-975b,inkling-UD-IQ1_S-00006-of-00007.gguf,blk.57.exp_probs_b.bias,256,F32,1024,"routing, norms and other weights",GPU configured,0,1024
inkling-975b,inkling-UD-IQ1_S-00006-of-00007.gguf,blk.57.ffn_down_exps.weight,3072x6144x256,IQ3_XXS,1849688064,routed experts,system RAM,43352064,43352064
inkling-975b,inkling-UD-IQ1_S-00006-of-00007.gguf,blk.57.ffn_down_shexp.weight,3072x6144x2,Q6_K,30965760,shared experts and shared gate,GPU configured,0,30965760
inkling-975b,inkling-UD-IQ1_S-00006-of-00007.gguf,blk.57.ffn_gate_exps.weight,6144x3072x256,IQ2_XXS,1245708288,routed experts,system RAM,29196288,29196288
inkling-975b,inkling-UD-IQ1_S-00006-of-00007.gguf,blk.57.ffn_gate_inp.weight,6144x258,F32,6340608,"routing, norms and other weights",GPU configured,0,6340608
inkling-975b,inkling-UD-IQ1_S-00006-of-00007.gguf,blk.57.ffn_gate_shexp.weight,6144x3072x2,Q5_K,25952256,shared experts and shared gate,GPU configured,0,25952256
inkling-975b,inkling-UD-IQ1_S-00006-of-00007.gguf,blk.57.ffn_gscale.weight,1,F32,4,"routing, norms and other weights",GPU configured,0,4
inkling-975b,inkling-UD-IQ1_S-00006-of-00007.gguf,blk.57.ffn_norm.weight,6144,F32,24576,"routing, norms and other weights",GPU configured,0,24576
inkling-975b,inkling-UD-IQ1_S-00006-of-00007.gguf,blk.57.ffn_up_exps.weight,6144x3072x256,IQ2_XXS,1245708288,routed experts,system RAM,29196288,29196288
inkling-975b,inkling-UD-IQ1_S-00006-of-00007.gguf,blk.57.ffn_up_shexp.weight,6144x3072x2,Q5_K,25952256,shared experts and shared gate,GPU configured,0,25952256
inkling-975b,inkling-UD-IQ1_S-00006-of-00007.gguf,blk.57.shortconv_attn.weight,4x6144,F32,98304,attention and recurrent state weights,GPU configured,0,98304
inkling-975b,inkling-UD-IQ1_S-00006-of-00007.gguf,blk.57.shortconv_k.weight,4x2048,F32,32768,attention and recurrent state weights,GPU configured,0,32768
inkling-975b,inkling-UD-IQ1_S-00006-of-00007.gguf,blk.57.shortconv_mlp.weight,4x6144,F32,98304,attention and recurrent state weights,GPU configured,0,98304
inkling-975b,inkling-UD-IQ1_S-00006-of-00007.gguf,blk.57.shortconv_v.weight,4x2048,F32,32768,attention and recurrent state weights,GPU configured,0,32768
inkling-975b,inkling-UD-IQ1_S-00006-of-00007.gguf,blk.58.attn_k.weight,6144x2048,Q5_K,8650752,attention and recurrent state weights,GPU configured,0,8650752
inkling-975b,inkling-UD-IQ1_S-00006-of-00007.gguf,blk.58.attn_k_norm.weight,128,F32,512,attention and recurrent state weights,GPU configured,0,512
inkling-975b,inkling-UD-IQ1_S-00006-of-00007.gguf,blk.58.attn_norm.weight,6144,F32,24576,attention and recurrent state weights,GPU configured,0,24576
inkling-975b,inkling-UD-IQ1_S-00006-of-00007.gguf,blk.58.attn_output.weight,8192x6144,Q5_K,34603008,attention and recurrent state weights,GPU configured,0,34603008
inkling-975b,inkling-UD-IQ1_S-00006-of-00007.gguf,blk.58.attn_q.weight,6144x8192,Q5_K,34603008,attention and recurrent state weights,GPU configured,0,34603008
inkling-975b,inkling-UD-IQ1_S-00006-of-00007.gguf,blk.58.attn_q_norm.weight,128,F32,512,attention and recurrent state weights,GPU configured,0,512
inkling-975b,inkling-UD-IQ1_S-00006-of-00007.gguf,blk.58.attn_r.weight,6144x1024,Q8_0,6684672,attention and recurrent state weights,GPU configured,0,6684672
inkling-975b,inkling-UD-IQ1_S-00006-of-00007.gguf,blk.58.attn_rel_proj.weight,512x16,F32,32768,attention and recurrent state weights,GPU configured,0,32768
inkling-975b,inkling-UD-IQ1_S-00006-of-00007.gguf,blk.58.attn_v.weight,6144x2048,Q5_K,8650752,attention and recurrent state weights,GPU configured,0,8650752
inkling-975b,inkling-UD-IQ1_S-00006-of-00007.gguf,blk.58.exp_probs_b.bias,256,F32,1024,"routing, norms and other weights",GPU configured,0,1024
inkling-975b,inkling-UD-IQ1_S-00006-of-00007.gguf,blk.58.ffn_down_exps.weight,3072x6144x256,IQ3_XXS,1849688064,routed experts,system RAM,43352064,43352064
inkling-975b,inkling-UD-IQ1_S-00006-of-00007.gguf,blk.58.ffn_down_shexp.weight,3072x6144x2,Q6_K,30965760,shared experts and shared gate,GPU configured,0,30965760
inkling-975b,inkling-UD-IQ1_S-00006-of-00007.gguf,blk.58.ffn_gate_exps.weight,6144x3072x256,IQ2_XXS,1245708288,routed experts,system RAM,29196288,29196288
inkling-975b,inkling-UD-IQ1_S-00006-of-00007.gguf,blk.58.ffn_gate_inp.weight,6144x258,F32,6340608,"routing, norms and other weights",GPU configured,0,6340608
inkling-975b,inkling-UD-IQ1_S-00006-of-00007.gguf,blk.58.ffn_gate_shexp.weight,6144x3072x2,Q5_K,25952256,shared experts and shared gate,GPU configured,0,25952256
inkling-975b,inkling-UD-IQ1_S-00006-of-00007.gguf,blk.58.ffn_gscale.weight,1,F32,4,"routing, norms and other weights",GPU configured,0,4
inkling-975b,inkling-UD-IQ1_S-00006-of-00007.gguf,blk.58.ffn_norm.weight,6144,F32,24576,"routing, norms and other weights",GPU configured,0,24576
inkling-975b,inkling-UD-IQ1_S-00006-of-00007.gguf,blk.58.ffn_up_exps.weight,6144x3072x256,IQ2_XXS,1245708288,routed experts,system RAM,29196288,29196288
inkling-975b,inkling-UD-IQ1_S-00006-of-00007.gguf,blk.58.ffn_up_shexp.weight,6144x3072x2,Q5_K,25952256,shared experts and shared gate,GPU configured,0,25952256
inkling-975b,inkling-UD-IQ1_S-00006-of-00007.gguf,blk.58.shortconv_attn.weight,4x6144,F32,98304,attention and recurrent state weights,GPU configured,0,98304
inkling-975b,inkling-UD-IQ1_S-00006-of-00007.gguf,blk.58.shortconv_k.weight,4x2048,F32,32768,attention and recurrent state weights,GPU configured,0,32768
inkling-975b,inkling-UD-IQ1_S-00006-of-00007.gguf,blk.58.shortconv_mlp.weight,4x6144,F32,98304,attention and recurrent state weights,GPU configured,0,98304
inkling-975b,inkling-UD-IQ1_S-00006-of-00007.gguf,blk.58.shortconv_v.weight,4x2048,F32,32768,attention and recurrent state weights,GPU configured,0,32768
inkling-975b,inkling-UD-IQ1_S-00006-of-00007.gguf,blk.59.attn_k.weight,6144x1024,Q5_K,4325376,attention and recurrent state weights,GPU configured,0,4325376
inkling-975b,inkling-UD-IQ1_S-00006-of-00007.gguf,blk.59.attn_k_norm.weight,128,F32,512,attention and recurrent state weights,GPU configured,0,512
inkling-975b,inkling-UD-IQ1_S-00006-of-00007.gguf,blk.59.attn_norm.weight,6144,F32,24576,attention and recurrent state weights,GPU configured,0,24576
inkling-975b,inkling-UD-IQ1_S-00006-of-00007.gguf,blk.59.attn_output.weight,8192x6144,Q5_K,34603008,attention and recurrent state weights,GPU configured,0,34603008
inkling-975b,inkling-UD-IQ1_S-00006-of-00007.gguf,blk.59.attn_q.weight,6144x8192,Q5_K,34603008,attention and recurrent state weights,GPU configured,0,34603008
inkling-975b,inkling-UD-IQ1_S-00006-of-00007.gguf,blk.59.attn_q_norm.weight,128,F32,512,attention and recurrent state weights,GPU configured,0,512
inkling-975b,inkling-UD-IQ1_S-00006-of-00007.gguf,blk.59.attn_r.weight,6144x1024,Q8_0,6684672,attention and recurrent state weights,GPU configured,0,6684672
inkling-975b,inkling-UD-IQ1_S-00006-of-00007.gguf,blk.59.attn_rel_proj.weight,1024x16,F32,65536,attention and recurrent state weights,GPU configured,0,65536
inkling-975b,inkling-UD-IQ1_S-00006-of-00007.gguf,blk.59.attn_v.weight,6144x1024,Q5_K,4325376,attention and recurrent state weights,GPU configured,0,4325376
inkling-975b,inkling-UD-IQ1_S-00006-of-00007.gguf,blk.59.exp_probs_b.bias,256,F32,1024,"routing, norms and other weights",GPU configured,0,1024
inkling-975b,inkling-UD-IQ1_S-00006-of-00007.gguf,blk.59.ffn_down_exps.weight,3072x6144x256,IQ4_XS,2566914048,routed experts,system RAM,60162048,60162048
inkling-975b,inkling-UD-IQ1_S-00006-of-00007.gguf,blk.59.ffn_down_shexp.weight,3072x6144x2,Q6_K,30965760,shared experts and shared gate,GPU configured,0,30965760
inkling-975b,inkling-UD-IQ1_S-00006-of-00007.gguf,blk.59.ffn_gate_exps.weight,6144x3072x256,IQ2_XXS,1245708288,routed experts,system RAM,29196288,29196288
inkling-975b,inkling-UD-IQ1_S-00006-of-00007.gguf,blk.59.ffn_gate_inp.weight,6144x258,F32,6340608,"routing, norms and other weights",GPU configured,0,6340608
inkling-975b,inkling-UD-IQ1_S-00006-of-00007.gguf,blk.59.ffn_gate_shexp.weight,6144x3072x2,Q5_K,25952256,shared experts and shared gate,GPU configured,0,25952256
inkling-975b,inkling-UD-IQ1_S-00006-of-00007.gguf,blk.59.ffn_gscale.weight,1,F32,4,"routing, norms and other weights",GPU configured,0,4
inkling-975b,inkling-UD-IQ1_S-00006-of-00007.gguf,blk.59.ffn_norm.weight,6144,F32,24576,"routing, norms and other weights",GPU configured,0,24576
inkling-975b,inkling-UD-IQ1_S-00006-of-00007.gguf,blk.59.ffn_up_exps.weight,6144x3072x256,IQ2_XXS,1245708288,routed experts,system RAM,29196288,29196288
inkling-975b,inkling-UD-IQ1_S-00006-of-00007.gguf,blk.59.ffn_up_shexp.weight,6144x3072x2,Q5_K,25952256,shared experts and shared gate,GPU configured,0,25952256
inkling-975b,inkling-UD-IQ1_S-00006-of-00007.gguf,blk.59.shortconv_attn.weight,4x6144,F32,98304,attention and recurrent state weights,GPU configured,0,98304
inkling-975b,inkling-UD-IQ1_S-00006-of-00007.gguf,blk.59.shortconv_k.weight,4x1024,F32,16384,attention and recurrent state weights,GPU configured,0,16384
inkling-975b,inkling-UD-IQ1_S-00006-of-00007.gguf,blk.59.shortconv_mlp.weight,4x6144,F32,98304,attention and recurrent state weights,GPU configured,0,98304
inkling-975b,inkling-UD-IQ1_S-00006-of-00007.gguf,blk.59.shortconv_v.weight,4x1024,F32,16384,attention and recurrent state weights,GPU configured,0,16384
inkling-975b,inkling-UD-IQ1_S-00006-of-00007.gguf,blk.60.attn_k.weight,6144x2048,Q5_K,8650752,attention and recurrent state weights,GPU configured,0,8650752
inkling-975b,inkling-UD-IQ1_S-00006-of-00007.gguf,blk.60.attn_k_norm.weight,128,F32,512,attention and recurrent state weights,GPU configured,0,512
inkling-975b,inkling-UD-IQ1_S-00006-of-00007.gguf,blk.60.attn_norm.weight,6144,F32,24576,attention and recurrent state weights,GPU configured,0,24576
inkling-975b,inkling-UD-IQ1_S-00006-of-00007.gguf,blk.60.attn_output.weight,8192x6144,Q5_K,34603008,attention and recurrent state weights,GPU configured,0,34603008
inkling-975b,inkling-UD-IQ1_S-00006-of-00007.gguf,blk.60.attn_q.weight,6144x8192,Q5_K,34603008,attention and recurrent state weights,GPU configured,0,34603008
inkling-975b,inkling-UD-IQ1_S-00006-of-00007.gguf,blk.60.attn_q_norm.weight,128,F32,512,attention and recurrent state weights,GPU configured,0,512
inkling-975b,inkling-UD-IQ1_S-00006-of-00007.gguf,blk.60.attn_r.weight,6144x1024,Q8_0,6684672,attention and recurrent state weights,GPU configured,0,6684672
inkling-975b,inkling-UD-IQ1_S-00006-of-00007.gguf,blk.60.attn_rel_proj.weight,512x16,F32,32768,attention and recurrent state weights,GPU configured,0,32768
inkling-975b,inkling-UD-IQ1_S-00006-of-00007.gguf,blk.60.attn_v.weight,6144x2048,Q5_K,8650752,attention and recurrent state weights,GPU configured,0,8650752
inkling-975b,inkling-UD-IQ1_S-00006-of-00007.gguf,blk.60.exp_probs_b.bias,256,F32,1024,"routing, norms and other weights",GPU configured,0,1024
inkling-975b,inkling-UD-IQ1_S-00006-of-00007.gguf,blk.60.ffn_down_exps.weight,3072x6144x256,IQ4_XS,2566914048,routed experts,system RAM,60162048,60162048
inkling-975b,inkling-UD-IQ1_S-00006-of-00007.gguf,blk.60.ffn_down_shexp.weight,3072x6144x2,Q6_K,30965760,shared experts and shared gate,GPU configured,0,30965760
inkling-975b,inkling-UD-IQ1_S-00006-of-00007.gguf,blk.60.ffn_gate_exps.weight,6144x3072x256,IQ2_XXS,1245708288,routed experts,system RAM,29196288,29196288
inkling-975b,inkling-UD-IQ1_S-00006-of-00007.gguf,blk.60.ffn_gate_inp.weight,6144x258,F32,6340608,"routing, norms and other weights",GPU configured,0,6340608
inkling-975b,inkling-UD-IQ1_S-00006-of-00007.gguf,blk.60.ffn_gate_shexp.weight,6144x3072x2,Q5_K,25952256,shared experts and shared gate,GPU configured,0,25952256
inkling-975b,inkling-UD-IQ1_S-00006-of-00007.gguf,blk.60.ffn_gscale.weight,1,F32,4,"routing, norms and other weights",GPU configured,0,4
inkling-975b,inkling-UD-IQ1_S-00006-of-00007.gguf,blk.60.ffn_norm.weight,6144,F32,24576,"routing, norms and other weights",GPU configured,0,24576
inkling-975b,inkling-UD-IQ1_S-00006-of-00007.gguf,blk.60.ffn_up_exps.weight,6144x3072x256,IQ2_XXS,1245708288,routed experts,system RAM,29196288,29196288
inkling-975b,inkling-UD-IQ1_S-00006-of-00007.gguf,blk.60.ffn_up_shexp.weight,6144x3072x2,Q5_K,25952256,shared experts and shared gate,GPU configured,0,25952256
inkling-975b,inkling-UD-IQ1_S-00006-of-00007.gguf,blk.60.shortconv_attn.weight,4x6144,F32,98304,attention and recurrent state weights,GPU configured,0,98304
inkling-975b,inkling-UD-IQ1_S-00006-of-00007.gguf,blk.60.shortconv_k.weight,4x2048,F32,32768,attention and recurrent state weights,GPU configured,0,32768
inkling-975b,inkling-UD-IQ1_S-00006-of-00007.gguf,blk.60.shortconv_mlp.weight,4x6144,F32,98304,attention and recurrent state weights,GPU configured,0,98304
inkling-975b,inkling-UD-IQ1_S-00006-of-00007.gguf,blk.60.shortconv_v.weight,4x2048,F32,32768,attention and recurrent state weights,GPU configured,0,32768
inkling-975b,inkling-UD-IQ1_S-00006-of-00007.gguf,blk.61.attn_k.weight,6144x2048,Q5_K,8650752,attention and recurrent state weights,GPU configured,0,8650752
inkling-975b,inkling-UD-IQ1_S-00006-of-00007.gguf,blk.61.attn_k_norm.weight,128,F32,512,attention and recurrent state weights,GPU configured,0,512
inkling-975b,inkling-UD-IQ1_S-00006-of-00007.gguf,blk.61.attn_norm.weight,6144,F32,24576,attention and recurrent state weights,GPU configured,0,24576
inkling-975b,inkling-UD-IQ1_S-00006-of-00007.gguf,blk.61.attn_output.weight,8192x6144,Q5_K,34603008,attention and recurrent state weights,GPU configured,0,34603008
inkling-975b,inkling-UD-IQ1_S-00006-of-00007.gguf,blk.61.attn_q.weight,6144x8192,Q5_K,34603008,attention and recurrent state weights,GPU configured,0,34603008
inkling-975b,inkling-UD-IQ1_S-00006-of-00007.gguf,blk.61.attn_q_norm.weight,128,F32,512,attention and recurrent state weights,GPU configured,0,512
inkling-975b,inkling-UD-IQ1_S-00006-of-00007.gguf,blk.61.attn_r.weight,6144x1024,Q8_0,6684672,attention and recurrent state weights,GPU configured,0,6684672
inkling-975b,inkling-UD-IQ1_S-00006-of-00007.gguf,blk.61.attn_rel_proj.weight,512x16,F32,32768,attention and recurrent state weights,GPU configured,0,32768
inkling-975b,inkling-UD-IQ1_S-00006-of-00007.gguf,blk.61.attn_v.weight,6144x2048,Q5_K,8650752,attention and recurrent state weights,GPU configured,0,8650752
inkling-975b,inkling-UD-IQ1_S-00006-of-00007.gguf,blk.61.exp_probs_b.bias,256,F32,1024,"routing, norms and other weights",GPU configured,0,1024
inkling-975b,inkling-UD-IQ1_S-00007-of-00007.gguf,blk.61.ffn_down_exps.weight,3072x6144x256,IQ3_XXS,1849688064,routed experts,system RAM,43352064,43352064
inkling-975b,inkling-UD-IQ1_S-00007-of-00007.gguf,blk.61.ffn_down_shexp.weight,3072x6144x2,Q6_K,30965760,shared experts and shared gate,GPU configured,0,30965760
inkling-975b,inkling-UD-IQ1_S-00007-of-00007.gguf,blk.61.ffn_gate_exps.weight,6144x3072x256,IQ1_S,943718400,routed experts,system RAM,22118400,22118400
inkling-975b,inkling-UD-IQ1_S-00007-of-00007.gguf,blk.61.ffn_gate_inp.weight,6144x258,F32,6340608,"routing, norms and other weights",GPU configured,0,6340608
inkling-975b,inkling-UD-IQ1_S-00007-of-00007.gguf,blk.61.ffn_gate_shexp.weight,6144x3072x2,Q5_K,25952256,shared experts and shared gate,GPU configured,0,25952256
inkling-975b,inkling-UD-IQ1_S-00007-of-00007.gguf,blk.61.ffn_gscale.weight,1,F32,4,"routing, norms and other weights",GPU configured,0,4
inkling-975b,inkling-UD-IQ1_S-00007-of-00007.gguf,blk.61.ffn_norm.weight,6144,F32,24576,"routing, norms and other weights",GPU configured,0,24576
inkling-975b,inkling-UD-IQ1_S-00007-of-00007.gguf,blk.61.ffn_up_exps.weight,6144x3072x256,IQ1_S,943718400,routed experts,system RAM,22118400,22118400
inkling-975b,inkling-UD-IQ1_S-00007-of-00007.gguf,blk.61.ffn_up_shexp.weight,6144x3072x2,Q5_K,25952256,shared experts and shared gate,GPU configured,0,25952256
inkling-975b,inkling-UD-IQ1_S-00007-of-00007.gguf,blk.61.shortconv_attn.weight,4x6144,F32,98304,attention and recurrent state weights,GPU configured,0,98304
inkling-975b,inkling-UD-IQ1_S-00007-of-00007.gguf,blk.61.shortconv_k.weight,4x2048,F32,32768,attention and recurrent state weights,GPU configured,0,32768
inkling-975b,inkling-UD-IQ1_S-00007-of-00007.gguf,blk.61.shortconv_mlp.weight,4x6144,F32,98304,attention and recurrent state weights,GPU configured,0,98304
inkling-975b,inkling-UD-IQ1_S-00007-of-00007.gguf,blk.61.shortconv_v.weight,4x2048,F32,32768,attention and recurrent state weights,GPU configured,0,32768
inkling-975b,inkling-UD-IQ1_S-00007-of-00007.gguf,blk.62.attn_k.weight,6144x2048,Q5_K,8650752,attention and recurrent state weights,GPU configured,0,8650752
inkling-975b,inkling-UD-IQ1_S-00007-of-00007.gguf,blk.62.attn_k_norm.weight,128,F32,512,attention and recurrent state weights,GPU configured,0,512
inkling-975b,inkling-UD-IQ1_S-00007-of-00007.gguf,blk.62.attn_norm.weight,6144,F32,24576,attention and recurrent state weights,GPU configured,0,24576
inkling-975b,inkling-UD-IQ1_S-00007-of-00007.gguf,blk.62.attn_output.weight,8192x6144,Q5_K,34603008,attention and recurrent state weights,GPU configured,0,34603008
inkling-975b,inkling-UD-IQ1_S-00007-of-00007.gguf,blk.62.attn_q.weight,6144x8192,Q5_K,34603008,attention and recurrent state weights,GPU configured,0,34603008
inkling-975b,inkling-UD-IQ1_S-00007-of-00007.gguf,blk.62.attn_q_norm.weight,128,F32,512,attention and recurrent state weights,GPU configured,0,512
inkling-975b,inkling-UD-IQ1_S-00007-of-00007.gguf,blk.62.attn_r.weight,6144x1024,Q8_0,6684672,attention and recurrent state weights,GPU configured,0,6684672
inkling-975b,inkling-UD-IQ1_S-00007-of-00007.gguf,blk.62.attn_rel_proj.weight,512x16,F32,32768,attention and recurrent state weights,GPU configured,0,32768
inkling-975b,inkling-UD-IQ1_S-00007-of-00007.gguf,blk.62.attn_v.weight,6144x2048,Q5_K,8650752,attention and recurrent state weights,GPU configured,0,8650752
inkling-975b,inkling-UD-IQ1_S-00007-of-00007.gguf,blk.62.exp_probs_b.bias,256,F32,1024,"routing, norms and other weights",GPU configured,0,1024
inkling-975b,inkling-UD-IQ1_S-00007-of-00007.gguf,blk.62.ffn_down_exps.weight,3072x6144x256,IQ4_XS,2566914048,routed experts,system RAM,60162048,60162048
inkling-975b,inkling-UD-IQ1_S-00007-of-00007.gguf,blk.62.ffn_down_shexp.weight,3072x6144x2,Q6_K,30965760,shared experts and shared gate,GPU configured,0,30965760
inkling-975b,inkling-UD-IQ1_S-00007-of-00007.gguf,blk.62.ffn_gate_exps.weight,6144x3072x256,IQ1_S,943718400,routed experts,system RAM,22118400,22118400
inkling-975b,inkling-UD-IQ1_S-00007-of-00007.gguf,blk.62.ffn_gate_inp.weight,6144x258,F32,6340608,"routing, norms and other weights",GPU configured,0,6340608
inkling-975b,inkling-UD-IQ1_S-00007-of-00007.gguf,blk.62.ffn_gate_shexp.weight,6144x3072x2,Q5_K,25952256,shared experts and shared gate,GPU configured,0,25952256
inkling-975b,inkling-UD-IQ1_S-00007-of-00007.gguf,blk.62.ffn_gscale.weight,1,F32,4,"routing, norms and other weights",GPU configured,0,4
inkling-975b,inkling-UD-IQ1_S-00007-of-00007.gguf,blk.62.ffn_norm.weight,6144,F32,24576,"routing, norms and other weights",GPU configured,0,24576
inkling-975b,inkling-UD-IQ1_S-00007-of-00007.gguf,blk.62.ffn_up_exps.weight,6144x3072x256,IQ1_S,943718400,routed experts,system RAM,22118400,22118400
inkling-975b,inkling-UD-IQ1_S-00007-of-00007.gguf,blk.62.ffn_up_shexp.weight,6144x3072x2,Q5_K,25952256,shared experts and shared gate,GPU configured,0,25952256
inkling-975b,inkling-UD-IQ1_S-00007-of-00007.gguf,blk.62.shortconv_attn.weight,4x6144,F32,98304,attention and recurrent state weights,GPU configured,0,98304
inkling-975b,inkling-UD-IQ1_S-00007-of-00007.gguf,blk.62.shortconv_k.weight,4x2048,F32,32768,attention and recurrent state weights,GPU configured,0,32768
inkling-975b,inkling-UD-IQ1_S-00007-of-00007.gguf,blk.62.shortconv_mlp.weight,4x6144,F32,98304,attention and recurrent state weights,GPU configured,0,98304
inkling-975b,inkling-UD-IQ1_S-00007-of-00007.gguf,blk.62.shortconv_v.weight,4x2048,F32,32768,attention and recurrent state weights,GPU configured,0,32768
inkling-975b,inkling-UD-IQ1_S-00007-of-00007.gguf,blk.63.attn_k.weight,6144x2048,Q5_K,8650752,attention and recurrent state weights,GPU configured,0,8650752
inkling-975b,inkling-UD-IQ1_S-00007-of-00007.gguf,blk.63.attn_k_norm.weight,128,F32,512,attention and recurrent state weights,GPU configured,0,512
inkling-975b,inkling-UD-IQ1_S-00007-of-00007.gguf,blk.63.attn_norm.weight,6144,F32,24576,attention and recurrent state weights,GPU configured,0,24576
inkling-975b,inkling-UD-IQ1_S-00007-of-00007.gguf,blk.63.attn_output.weight,8192x6144,Q5_K,34603008,attention and recurrent state weights,GPU configured,0,34603008
inkling-975b,inkling-UD-IQ1_S-00007-of-00007.gguf,blk.63.attn_q.weight,6144x8192,Q5_K,34603008,attention and recurrent state weights,GPU configured,0,34603008
inkling-975b,inkling-UD-IQ1_S-00007-of-00007.gguf,blk.63.attn_q_norm.weight,128,F32,512,attention and recurrent state weights,GPU configured,0,512
inkling-975b,inkling-UD-IQ1_S-00007-of-00007.gguf,blk.63.attn_r.weight,6144x1024,Q8_0,6684672,attention and recurrent state weights,GPU configured,0,6684672
inkling-975b,inkling-UD-IQ1_S-00007-of-00007.gguf,blk.63.attn_rel_proj.weight,512x16,F32,32768,attention and recurrent state weights,GPU configured,0,32768
inkling-975b,inkling-UD-IQ1_S-00007-of-00007.gguf,blk.63.attn_v.weight,6144x2048,Q5_K,8650752,attention and recurrent state weights,GPU configured,0,8650752
inkling-975b,inkling-UD-IQ1_S-00007-of-00007.gguf,blk.63.exp_probs_b.bias,256,F32,1024,"routing, norms and other weights",GPU configured,0,1024
inkling-975b,inkling-UD-IQ1_S-00007-of-00007.gguf,blk.63.ffn_down_exps.weight,3072x6144x256,IQ4_XS,2566914048,routed experts,system RAM,60162048,60162048
inkling-975b,inkling-UD-IQ1_S-00007-of-00007.gguf,blk.63.ffn_down_shexp.weight,3072x6144x2,Q6_K,30965760,shared experts and shared gate,GPU configured,0,30965760
inkling-975b,inkling-UD-IQ1_S-00007-of-00007.gguf,blk.63.ffn_gate_exps.weight,6144x3072x256,IQ2_XXS,1245708288,routed experts,system RAM,29196288,29196288
inkling-975b,inkling-UD-IQ1_S-00007-of-00007.gguf,blk.63.ffn_gate_inp.weight,6144x258,F32,6340608,"routing, norms and other weights",GPU configured,0,6340608
inkling-975b,inkling-UD-IQ1_S-00007-of-00007.gguf,blk.63.ffn_gate_shexp.weight,6144x3072x2,Q5_K,25952256,shared experts and shared gate,GPU configured,0,25952256
inkling-975b,inkling-UD-IQ1_S-00007-of-00007.gguf,blk.63.ffn_gscale.weight,1,F32,4,"routing, norms and other weights",GPU configured,0,4
inkling-975b,inkling-UD-IQ1_S-00007-of-00007.gguf,blk.63.ffn_norm.weight,6144,F32,24576,"routing, norms and other weights",GPU configured,0,24576
inkling-975b,inkling-UD-IQ1_S-00007-of-00007.gguf,blk.63.ffn_up_exps.weight,6144x3072x256,IQ2_XXS,1245708288,routed experts,system RAM,29196288,29196288
inkling-975b,inkling-UD-IQ1_S-00007-of-00007.gguf,blk.63.ffn_up_shexp.weight,6144x3072x2,Q5_K,25952256,shared experts and shared gate,GPU configured,0,25952256
inkling-975b,inkling-UD-IQ1_S-00007-of-00007.gguf,blk.63.shortconv_attn.weight,4x6144,F32,98304,attention and recurrent state weights,GPU configured,0,98304
inkling-975b,inkling-UD-IQ1_S-00007-of-00007.gguf,blk.63.shortconv_k.weight,4x2048,F32,32768,attention and recurrent state weights,GPU configured,0,32768
inkling-975b,inkling-UD-IQ1_S-00007-of-00007.gguf,blk.63.shortconv_mlp.weight,4x6144,F32,98304,attention and recurrent state weights,GPU configured,0,98304
inkling-975b,inkling-UD-IQ1_S-00007-of-00007.gguf,blk.63.shortconv_v.weight,4x2048,F32,32768,attention and recurrent state weights,GPU configured,0,32768
inkling-975b,inkling-UD-IQ1_S-00007-of-00007.gguf,blk.64.attn_k.weight,6144x2048,Q5_K,8650752,attention and recurrent state weights,GPU configured,0,8650752
inkling-975b,inkling-UD-IQ1_S-00007-of-00007.gguf,blk.64.attn_k_norm.weight,128,F32,512,attention and recurrent state weights,GPU configured,0,512
inkling-975b,inkling-UD-IQ1_S-00007-of-00007.gguf,blk.64.attn_norm.weight,6144,F32,24576,attention and recurrent state weights,GPU configured,0,24576
inkling-975b,inkling-UD-IQ1_S-00007-of-00007.gguf,blk.64.attn_output.weight,8192x6144,Q5_K,34603008,attention and recurrent state weights,GPU configured,0,34603008
inkling-975b,inkling-UD-IQ1_S-00007-of-00007.gguf,blk.64.attn_q.weight,6144x8192,Q5_K,34603008,attention and recurrent state weights,GPU configured,0,34603008
inkling-975b,inkling-UD-IQ1_S-00007-of-00007.gguf,blk.64.attn_q_norm.weight,128,F32,512,attention and recurrent state weights,GPU configured,0,512
inkling-975b,inkling-UD-IQ1_S-00007-of-00007.gguf,blk.64.attn_r.weight,6144x1024,Q8_0,6684672,attention and recurrent state weights,GPU configured,0,6684672
inkling-975b,inkling-UD-IQ1_S-00007-of-00007.gguf,blk.64.attn_rel_proj.weight,512x16,F32,32768,attention and recurrent state weights,GPU configured,0,32768
inkling-975b,inkling-UD-IQ1_S-00007-of-00007.gguf,blk.64.attn_v.weight,6144x2048,Q5_K,8650752,attention and recurrent state weights,GPU configured,0,8650752
inkling-975b,inkling-UD-IQ1_S-00007-of-00007.gguf,blk.64.exp_probs_b.bias,256,F32,1024,"routing, norms and other weights",GPU configured,0,1024
inkling-975b,inkling-UD-IQ1_S-00007-of-00007.gguf,blk.64.ffn_down_exps.weight,3072x6144x256,IQ4_XS,2566914048,routed experts,system RAM,60162048,60162048
inkling-975b,inkling-UD-IQ1_S-00007-of-00007.gguf,blk.64.ffn_down_shexp.weight,3072x6144x2,Q6_K,30965760,shared experts and shared gate,GPU configured,0,30965760
inkling-975b,inkling-UD-IQ1_S-00007-of-00007.gguf,blk.64.ffn_gate_exps.weight,6144x3072x256,IQ2_XXS,1245708288,routed experts,system RAM,29196288,29196288
inkling-975b,inkling-UD-IQ1_S-00007-of-00007.gguf,blk.64.ffn_gate_inp.weight,6144x258,F32,6340608,"routing, norms and other weights",GPU configured,0,6340608
inkling-975b,inkling-UD-IQ1_S-00007-of-00007.gguf,blk.64.ffn_gate_shexp.weight,6144x3072x2,Q5_K,25952256,shared experts and shared gate,GPU configured,0,25952256
inkling-975b,inkling-UD-IQ1_S-00007-of-00007.gguf,blk.64.ffn_gscale.weight,1,F32,4,"routing, norms and other weights",GPU configured,0,4
inkling-975b,inkling-UD-IQ1_S-00007-of-00007.gguf,blk.64.ffn_norm.weight,6144,F32,24576,"routing, norms and other weights",GPU configured,0,24576
inkling-975b,inkling-UD-IQ1_S-00007-of-00007.gguf,blk.64.ffn_up_exps.weight,6144x3072x256,IQ2_XXS,1245708288,routed experts,system RAM,29196288,29196288
inkling-975b,inkling-UD-IQ1_S-00007-of-00007.gguf,blk.64.ffn_up_shexp.weight,6144x3072x2,Q5_K,25952256,shared experts and shared gate,GPU configured,0,25952256
inkling-975b,inkling-UD-IQ1_S-00007-of-00007.gguf,blk.64.shortconv_attn.weight,4x6144,F32,98304,attention and recurrent state weights,GPU configured,0,98304
inkling-975b,inkling-UD-IQ1_S-00007-of-00007.gguf,blk.64.shortconv_k.weight,4x2048,F32,32768,attention and recurrent state weights,GPU configured,0,32768
inkling-975b,inkling-UD-IQ1_S-00007-of-00007.gguf,blk.64.shortconv_mlp.weight,4x6144,F32,98304,attention and recurrent state weights,GPU configured,0,98304
inkling-975b,inkling-UD-IQ1_S-00007-of-00007.gguf,blk.64.shortconv_v.weight,4x2048,F32,32768,attention and recurrent state weights,GPU configured,0,32768
inkling-975b,inkling-UD-IQ1_S-00007-of-00007.gguf,blk.65.attn_k.weight,6144x1024,Q6_K,5160960,attention and recurrent state weights,GPU configured,0,5160960
inkling-975b,inkling-UD-IQ1_S-00007-of-00007.gguf,blk.65.attn_k_norm.weight,128,F32,512,attention and recurrent state weights,GPU configured,0,512
inkling-975b,inkling-UD-IQ1_S-00007-of-00007.gguf,blk.65.attn_norm.weight,6144,F32,24576,attention and recurrent state weights,GPU configured,0,24576
inkling-975b,inkling-UD-IQ1_S-00007-of-00007.gguf,blk.65.attn_output.weight,8192x6144,Q6_K,41287680,attention and recurrent state weights,GPU configured,0,41287680
inkling-975b,inkling-UD-IQ1_S-00007-of-00007.gguf,blk.65.attn_q.weight,6144x8192,Q6_K,41287680,attention and recurrent state weights,GPU configured,0,41287680
inkling-975b,inkling-UD-IQ1_S-00007-of-00007.gguf,blk.65.attn_q_norm.weight,128,F32,512,attention and recurrent state weights,GPU configured,0,512
inkling-975b,inkling-UD-IQ1_S-00007-of-00007.gguf,blk.65.attn_r.weight,6144x1024,Q8_0,6684672,attention and recurrent state weights,GPU configured,0,6684672
inkling-975b,inkling-UD-IQ1_S-00007-of-00007.gguf,blk.65.attn_rel_proj.weight,1024x16,F32,65536,attention and recurrent state weights,GPU configured,0,65536
inkling-975b,inkling-UD-IQ1_S-00007-of-00007.gguf,blk.65.attn_v.weight,6144x1024,Q6_K,5160960,attention and recurrent state weights,GPU configured,0,5160960
inkling-975b,inkling-UD-IQ1_S-00007-of-00007.gguf,blk.65.exp_probs_b.bias,256,F32,1024,"routing, norms and other weights",GPU configured,0,1024
inkling-975b,inkling-UD-IQ1_S-00007-of-00007.gguf,blk.65.ffn_down_exps.weight,3072x6144x256,IQ4_XS,2566914048,routed experts,system RAM,60162048,60162048
inkling-975b,inkling-UD-IQ1_S-00007-of-00007.gguf,blk.65.ffn_down_shexp.weight,3072x6144x2,Q8_0,40108032,shared experts and shared gate,GPU configured,0,40108032
inkling-975b,inkling-UD-IQ1_S-00007-of-00007.gguf,blk.65.ffn_gate_exps.weight,6144x3072x256,IQ2_XXS,1245708288,routed experts,system RAM,29196288,29196288
inkling-975b,inkling-UD-IQ1_S-00007-of-00007.gguf,blk.65.ffn_gate_inp.weight,6144x258,F32,6340608,"routing, norms and other weights",GPU configured,0,6340608
inkling-975b,inkling-UD-IQ1_S-00007-of-00007.gguf,blk.65.ffn_gate_shexp.weight,6144x3072x2,Q6_K,30965760,shared experts and shared gate,GPU configured,0,30965760
inkling-975b,inkling-UD-IQ1_S-00007-of-00007.gguf,blk.65.ffn_gscale.weight,1,F32,4,"routing, norms and other weights",GPU configured,0,4
inkling-975b,inkling-UD-IQ1_S-00007-of-00007.gguf,blk.65.ffn_norm.weight,6144,F32,24576,"routing, norms and other weights",GPU configured,0,24576
inkling-975b,inkling-UD-IQ1_S-00007-of-00007.gguf,blk.65.ffn_up_exps.weight,6144x3072x256,IQ2_XXS,1245708288,routed experts,system RAM,29196288,29196288
inkling-975b,inkling-UD-IQ1_S-00007-of-00007.gguf,blk.65.ffn_up_shexp.weight,6144x3072x2,Q6_K,30965760,shared experts and shared gate,GPU configured,0,30965760
inkling-975b,inkling-UD-IQ1_S-00007-of-00007.gguf,blk.65.shortconv_attn.weight,4x6144,F32,98304,attention and recurrent state weights,GPU configured,0,98304
inkling-975b,inkling-UD-IQ1_S-00007-of-00007.gguf,blk.65.shortconv_k.weight,4x1024,F32,16384,attention and recurrent state weights,GPU configured,0,16384
inkling-975b,inkling-UD-IQ1_S-00007-of-00007.gguf,blk.65.shortconv_mlp.weight,4x6144,F32,98304,attention and recurrent state weights,GPU configured,0,98304
inkling-975b,inkling-UD-IQ1_S-00007-of-00007.gguf,blk.65.shortconv_v.weight,4x1024,F32,16384,attention and recurrent state weights,GPU configured,0,16384
